/*
 Navicat Premium Dump SQL

 Source Server         : localhost
 Source Server Type    : MySQL
 Source Server Version : 90001 (9.0.1)
 Source Host           : localhost:3306
 Source Schema         : flux-data

 Target Server Type    : MySQL
 Target Server Version : 90001 (9.0.1)
 File Encoding         : 65001

 Date: 13/02/2025 14:46:33
*/

SET NAMES utf8mb4;
SET FOREIGN_KEY_CHECKS = 0;

-- ----------------------------
-- Table structure for apscheduler_jobs
-- ----------------------------
DROP TABLE IF EXISTS `apscheduler_jobs`;
CREATE TABLE `apscheduler_jobs` (
  `id` varchar(191) NOT NULL,
  `next_run_time` double DEFAULT NULL,
  `job_state` blob NOT NULL,
  PRIMARY KEY (`id`) USING BTREE,
  KEY `ix_apscheduler_jobs_next_run_time` (`next_run_time`) USING BTREE
) ENGINE=InnoDB DEFAULT CHARSET=utf8mb4 COLLATE=utf8mb4_0900_ai_ci COMMENT='定时任务';

-- ----------------------------
-- Records of apscheduler_jobs
-- ----------------------------
BEGIN;
COMMIT;

-- ----------------------------
-- Table structure for car_driver
-- ----------------------------
DROP TABLE IF EXISTS `car_driver`;
CREATE TABLE `car_driver` (
  `id` int NOT NULL AUTO_INCREMENT COMMENT 'id',
  `create_time` datetime DEFAULT NULL COMMENT '创建时间',
  `update_time` datetime DEFAULT NULL ON UPDATE CURRENT_TIMESTAMP COMMENT '更新时间',
  `del_flag` char(1) CHARACTER SET utf8mb4 COLLATE utf8mb4_general_ci DEFAULT '0' COMMENT '删除标志',
  `name` varchar(255) CHARACTER SET utf8mb4 COLLATE utf8mb4_general_ci NOT NULL COMMENT '司机名称',
  `age` int NOT NULL COMMENT '年龄',
  `driver_years` int NOT NULL COMMENT '驾龄',
  `image` varchar(255) CHARACTER SET utf8mb4 COLLATE utf8mb4_general_ci DEFAULT NULL COMMENT '图片',
  `location` varchar(255) CHARACTER SET utf8mb4 COLLATE utf8mb4_general_ci DEFAULT NULL COMMENT '所在位置',
  `price` decimal(10,2) NOT NULL DEFAULT '0.00' COMMENT '价格',
  `car_type` int NOT NULL DEFAULT '1' COMMENT '车辆类型',
  PRIMARY KEY (`id`)
) ENGINE=InnoDB AUTO_INCREMENT=16 DEFAULT CHARSET=utf8mb4 COLLATE=utf8mb4_general_ci COMMENT='司机信息';

-- ----------------------------
-- Records of car_driver
-- ----------------------------
BEGIN;
INSERT INTO `car_driver` (`id`, `create_time`, `update_time`, `del_flag`, `name`, `age`, `driver_years`, `image`, `location`, `price`, `car_type`) VALUES (14, '2025-02-13 14:41:38', '2025-02-13 14:41:38', '0', 'Richard', 30, 5, '234454', '北京市朝阳区', 599.00, 1);
INSERT INTO `car_driver` (`id`, `create_time`, `update_time`, `del_flag`, `name`, `age`, `driver_years`, `image`, `location`, `price`, `car_type`) VALUES (15, '2025-02-13 14:43:26', '2025-02-13 14:43:26', '0', '牛先生', 35, 9, '测试图片', '上海市浦江区', 850.00, 2);
COMMIT;

-- ----------------------------
-- Table structure for car_info
-- ----------------------------
DROP TABLE IF EXISTS `car_info`;
CREATE TABLE `car_info` (
  `id` int NOT NULL AUTO_INCREMENT COMMENT 'id',
  `create_time` datetime DEFAULT NULL COMMENT '创建时间',
  `update_time` datetime DEFAULT NULL ON UPDATE CURRENT_TIMESTAMP COMMENT '更新时间',
  `del_flag` char(1) COLLATE utf8mb4_general_ci DEFAULT '0' COMMENT '删除标志',
  `car_name` varchar(255) COLLATE utf8mb4_general_ci DEFAULT NULL COMMENT '小车名称',
  `lng` float DEFAULT NULL COMMENT '经度',
  `lat` float DEFAULT NULL COMMENT '纬度',
  `image` varchar(255) COLLATE utf8mb4_general_ci DEFAULT NULL COMMENT '图片',
  `manager` int DEFAULT NULL COMMENT '管理员ID',
  `location` varchar(255) CHARACTER SET utf8mb4 COLLATE utf8mb4_general_ci DEFAULT NULL COMMENT '所在位置',
  `price` decimal(10,2) DEFAULT '0.00' COMMENT '价格',
  `car_type` int NOT NULL DEFAULT '1' COMMENT '车辆类型',
  PRIMARY KEY (`id`)
) ENGINE=InnoDB AUTO_INCREMENT=14 DEFAULT CHARSET=utf8mb4 COLLATE=utf8mb4_general_ci COMMENT='小车信息';

-- ----------------------------
-- Records of car_info
-- ----------------------------
BEGIN;
INSERT INTO `car_info` (`id`, `create_time`, `update_time`, `del_flag`, `car_name`, `lng`, `lat`, `image`, `manager`, `location`, `price`, `car_type`) VALUES (1, '2025-01-18 08:33:52', '2025-01-18 08:33:52', '0', '小车一号', 35.3234, 173.323, 'https://image.baidu.com', 3, '北京市朝阳区望京CDB', 520.00, 1);
INSERT INTO `car_info` (`id`, `create_time`, `update_time`, `del_flag`, `car_name`, `lng`, `lat`, `image`, `manager`, `location`, `price`, `car_type`) VALUES (2, '2025-01-18 08:33:52', '2025-01-18 08:33:52', '0', '小车一号', 35.3234, 173.323, 'https://image.baidu.com', 3, '北京市朝阳区望京CDB', 520.00, 1);
INSERT INTO `car_info` (`id`, `create_time`, `update_time`, `del_flag`, `car_name`, `lng`, `lat`, `image`, `manager`, `location`, `price`, `car_type`) VALUES (3, '2025-01-18 08:33:52', '2025-01-18 08:33:52', '0', '小车一号', 35.3234, 173.323, 'https://image.baidu.com', 3, '北京市朝阳区望京CDB', 520.00, 1);
INSERT INTO `car_info` (`id`, `create_time`, `update_time`, `del_flag`, `car_name`, `lng`, `lat`, `image`, `manager`, `location`, `price`, `car_type`) VALUES (4, '2025-01-18 08:33:52', '2025-01-18 08:33:52', '0', '小车一号', 35.3234, 173.323, 'https://image.baidu.com', 3, '北京市朝阳区望京CDB', 520.00, 1);
INSERT INTO `car_info` (`id`, `create_time`, `update_time`, `del_flag`, `car_name`, `lng`, `lat`, `image`, `manager`, `location`, `price`, `car_type`) VALUES (5, '2025-01-18 08:33:52', '2025-01-18 08:33:52', '0', '小车一号', 35.3234, 173.323, 'https://image.baidu.com', 3, '北京市朝阳区望京CDB', 520.00, 1);
INSERT INTO `car_info` (`id`, `create_time`, `update_time`, `del_flag`, `car_name`, `lng`, `lat`, `image`, `manager`, `location`, `price`, `car_type`) VALUES (6, '2025-01-18 08:33:52', '2025-01-18 08:33:52', '0', '小车一号', 35.3234, 173.323, 'https://image.baidu.com', 3, '北京市朝阳区望京CDB', 520.00, 1);
INSERT INTO `car_info` (`id`, `create_time`, `update_time`, `del_flag`, `car_name`, `lng`, `lat`, `image`, `manager`, `location`, `price`, `car_type`) VALUES (7, '2025-01-18 08:33:52', '2025-01-18 08:33:52', '0', '小车一号', 35.3234, 173.323, 'https://image.baidu.com', 3, '北京市朝阳区望京CDB', 520.00, 1);
INSERT INTO `car_info` (`id`, `create_time`, `update_time`, `del_flag`, `car_name`, `lng`, `lat`, `image`, `manager`, `location`, `price`, `car_type`) VALUES (8, '2025-01-18 08:33:52', '2025-01-18 08:33:52', '0', '小车一号', 35.3234, 173.323, 'https://image.baidu.com', 3, '北京市朝阳区望京CDB', 520.00, 1);
INSERT INTO `car_info` (`id`, `create_time`, `update_time`, `del_flag`, `car_name`, `lng`, `lat`, `image`, `manager`, `location`, `price`, `car_type`) VALUES (9, '2025-01-18 08:33:52', '2025-01-18 08:33:52', '0', '小车一号', 35.3234, 173.323, 'https://image.baidu.com', 3, '北京市朝阳区望京CDB', 520.00, 1);
INSERT INTO `car_info` (`id`, `create_time`, `update_time`, `del_flag`, `car_name`, `lng`, `lat`, `image`, `manager`, `location`, `price`, `car_type`) VALUES (10, '2025-01-18 08:33:52', '2025-01-18 08:33:52', '0', '小车一号', 35.3234, 173.323, 'https://image.baidu.com', 3, '北京市朝阳区望京CDB', 520.00, 1);
INSERT INTO `car_info` (`id`, `create_time`, `update_time`, `del_flag`, `car_name`, `lng`, `lat`, `image`, `manager`, `location`, `price`, `car_type`) VALUES (11, '2025-01-18 08:33:52', '2025-01-18 08:33:52', '0', '小车一号', 35.3234, 173.323, 'https://image.baidu.com', 3, '北京市朝阳区望京CDB', 520.00, 1);
INSERT INTO `car_info` (`id`, `create_time`, `update_time`, `del_flag`, `car_name`, `lng`, `lat`, `image`, `manager`, `location`, `price`, `car_type`) VALUES (12, '2025-01-18 08:33:52', '2025-01-18 08:33:52', '0', '小车一号', 35.3234, 173.323, 'https://image.baidu.com', 3, '北京市朝阳区望京CDB', 520.00, 1);
INSERT INTO `car_info` (`id`, `create_time`, `update_time`, `del_flag`, `car_name`, `lng`, `lat`, `image`, `manager`, `location`, `price`, `car_type`) VALUES (13, '2025-02-13 09:32:12', '2025-02-13 09:32:12', '0', '小车100号', 333, 333333, 'map', 3, '223', 600.00, 1);
COMMIT;

-- ----------------------------
-- Table structure for gen_table
-- ----------------------------
DROP TABLE IF EXISTS `gen_table`;
CREATE TABLE `gen_table` (
  `table_id` bigint NOT NULL AUTO_INCREMENT COMMENT '编号',
  `table_name` varchar(200) COLLATE utf8mb4_general_ci DEFAULT '' COMMENT '表名称',
  `table_comment` varchar(500) COLLATE utf8mb4_general_ci DEFAULT '' COMMENT '表描述',
  `sub_table_name` varchar(64) COLLATE utf8mb4_general_ci DEFAULT NULL COMMENT '关联子表的表名',
  `sub_table_fk_name` varchar(64) COLLATE utf8mb4_general_ci DEFAULT NULL COMMENT '子表关联的外键名',
  `class_name` varchar(100) COLLATE utf8mb4_general_ci DEFAULT '' COMMENT '实体类名称',
  `tpl_category` varchar(200) COLLATE utf8mb4_general_ci DEFAULT 'crud' COMMENT '使用的模板（crud单表操作 tree树表操作）',
  `tpl_web_type` varchar(30) COLLATE utf8mb4_general_ci DEFAULT '' COMMENT '前端模板类型（element-ui模版 element-plus模版）',
  `package_name` varchar(100) COLLATE utf8mb4_general_ci DEFAULT NULL COMMENT '生成包路径',
  `module_name` varchar(30) COLLATE utf8mb4_general_ci DEFAULT NULL COMMENT '生成模块名',
  `business_name` varchar(30) COLLATE utf8mb4_general_ci DEFAULT NULL COMMENT '生成业务名',
  `function_name` varchar(50) COLLATE utf8mb4_general_ci DEFAULT NULL COMMENT '生成功能名',
  `function_author` varchar(50) COLLATE utf8mb4_general_ci DEFAULT NULL COMMENT '生成功能作者',
  `gen_type` char(1) COLLATE utf8mb4_general_ci DEFAULT '0' COMMENT '生成代码方式（0zip压缩包 1自定义路径）',
  `gen_path` varchar(200) COLLATE utf8mb4_general_ci DEFAULT '/' COMMENT '生成路径（不填默认项目路径）',
  `options` varchar(1000) COLLATE utf8mb4_general_ci DEFAULT NULL COMMENT '其它生成选项',
  `create_by` varchar(64) COLLATE utf8mb4_general_ci DEFAULT '' COMMENT '创建者',
  `create_time` datetime NOT NULL ON UPDATE CURRENT_TIMESTAMP COMMENT '创建时间',
  `update_by` varchar(64) COLLATE utf8mb4_general_ci DEFAULT '' COMMENT '更新者',
  `update_time` datetime NOT NULL ON UPDATE CURRENT_TIMESTAMP COMMENT '更新时间',
  `remark` varchar(500) COLLATE utf8mb4_general_ci DEFAULT NULL COMMENT '备注',
  `del_flag` char(1) CHARACTER SET utf8mb4 COLLATE utf8mb4_general_ci NOT NULL DEFAULT '0' COMMENT '删除标志',
  PRIMARY KEY (`table_id`) USING BTREE,
  UNIQUE KEY `gen_table_id` (`table_id`) USING BTREE COMMENT 'unique'
) ENGINE=InnoDB AUTO_INCREMENT=25 DEFAULT CHARSET=utf8mb4 COLLATE=utf8mb4_general_ci COMMENT='代码生成业务表';

-- ----------------------------
-- Records of gen_table
-- ----------------------------
BEGIN;
INSERT INTO `gen_table` (`table_id`, `table_name`, `table_comment`, `sub_table_name`, `sub_table_fk_name`, `class_name`, `tpl_category`, `tpl_web_type`, `package_name`, `module_name`, `business_name`, `function_name`, `function_author`, `gen_type`, `gen_path`, `options`, `create_by`, `create_time`, `update_by`, `update_time`, `remark`, `del_flag`) VALUES (12, 'car_info', '小车信息', NULL, NULL, 'CarInfo', 'crud', 'element-plus', 'module_admin', 'car', 'info', '小车信息', 'richard', '0', '/', '{\"parentMenuId\": 2028}', '', '2025-01-18 09:52:42', '', '2025-01-18 09:52:42', NULL, '0');
INSERT INTO `gen_table` (`table_id`, `table_name`, `table_comment`, `sub_table_name`, `sub_table_fk_name`, `class_name`, `tpl_category`, `tpl_web_type`, `package_name`, `module_name`, `business_name`, `function_name`, `function_author`, `gen_type`, `gen_path`, `options`, `create_by`, `create_time`, `update_by`, `update_time`, `remark`, `del_flag`) VALUES (19, 'partner_info', '合作方', NULL, NULL, 'PartnerInfo', 'crud', 'element-plus', 'module_admin', 'partner', 'info', '合作方', 'FluxAdmin', '0', '/', '{\"parentMenuId\": 2028}', '', '2025-02-05 10:56:18', '', '2025-02-05 10:56:18', NULL, '0');
INSERT INTO `gen_table` (`table_id`, `table_name`, `table_comment`, `sub_table_name`, `sub_table_fk_name`, `class_name`, `tpl_category`, `tpl_web_type`, `package_name`, `module_name`, `business_name`, `function_name`, `function_author`, `gen_type`, `gen_path`, `options`, `create_by`, `create_time`, `update_by`, `update_time`, `remark`, `del_flag`) VALUES (21, 'sys_table', '表格管理', NULL, NULL, 'SysTable', 'crud', 'element-plus', 'module_admin', 'sys', 'table', '表格管理', 'FluxAdmin', '0', '/', '{\"parentMenuId\": 1}', '', '2025-02-11 09:52:30', '', '2025-02-11 09:52:30', NULL, '0');
INSERT INTO `gen_table` (`table_id`, `table_name`, `table_comment`, `sub_table_name`, `sub_table_fk_name`, `class_name`, `tpl_category`, `tpl_web_type`, `package_name`, `module_name`, `business_name`, `function_name`, `function_author`, `gen_type`, `gen_path`, `options`, `create_by`, `create_time`, `update_by`, `update_time`, `remark`, `del_flag`) VALUES (24, 'car_driver', '司机信息', NULL, NULL, 'CarDriver', 'crud', 'element-plus', 'module_admin', 'car', 'driver', '司机信息', 'FluxAdmin', '0', '/', '{\"parentMenuId\": 2028}', '', '2025-02-13 14:26:08', '', '2025-02-13 14:26:08', NULL, '0');
COMMIT;

-- ----------------------------
-- Table structure for gen_table_column
-- ----------------------------
DROP TABLE IF EXISTS `gen_table_column`;
CREATE TABLE `gen_table_column` (
  `column_id` bigint NOT NULL AUTO_INCREMENT COMMENT '编号',
  `table_id` bigint DEFAULT NULL COMMENT '归属表编号',
  `column_name` varchar(200) COLLATE utf8mb4_general_ci DEFAULT NULL COMMENT '列名称',
  `column_comment` varchar(500) COLLATE utf8mb4_general_ci DEFAULT NULL COMMENT '列描述',
  `column_type` varchar(100) COLLATE utf8mb4_general_ci DEFAULT NULL COMMENT '列类型',
  `python_type` varchar(500) CHARACTER SET utf8mb4 COLLATE utf8mb4_general_ci DEFAULT NULL COMMENT 'JAVA类型',
  `python_field` varchar(200) CHARACTER SET utf8mb4 COLLATE utf8mb4_general_ci DEFAULT NULL COMMENT 'JAVA字段名',
  `is_pk` char(1) COLLATE utf8mb4_general_ci DEFAULT NULL COMMENT '是否主键（1是）',
  `is_increment` char(1) COLLATE utf8mb4_general_ci DEFAULT NULL COMMENT '是否自增（1是）',
  `is_required` char(1) COLLATE utf8mb4_general_ci DEFAULT NULL COMMENT '是否必填（1是）',
  `is_insert` char(1) COLLATE utf8mb4_general_ci DEFAULT NULL COMMENT '是否为插入字段（1是）',
  `is_edit` char(1) COLLATE utf8mb4_general_ci DEFAULT NULL COMMENT '是否编辑字段（1是）',
  `is_list` char(1) COLLATE utf8mb4_general_ci DEFAULT NULL COMMENT '是否列表字段（1是）',
  `is_query` char(1) COLLATE utf8mb4_general_ci DEFAULT NULL COMMENT '是否查询字段（1是）',
  `query_type` varchar(200) COLLATE utf8mb4_general_ci DEFAULT 'EQ' COMMENT '查询方式（等于、不等于、大于、小于、范围）',
  `html_type` varchar(200) COLLATE utf8mb4_general_ci DEFAULT NULL COMMENT '显示类型（文本框、文本域、下拉框、复选框、单选框、日期控件）',
  `dict_type` varchar(200) COLLATE utf8mb4_general_ci DEFAULT '' COMMENT '字典类型',
  `sort` int DEFAULT NULL COMMENT '排序',
  `create_by` varchar(64) COLLATE utf8mb4_general_ci DEFAULT '' COMMENT '创建者',
  `create_time` datetime NOT NULL ON UPDATE CURRENT_TIMESTAMP COMMENT '创建时间',
  `update_by` varchar(64) COLLATE utf8mb4_general_ci DEFAULT '' COMMENT '更新者',
  `update_time` datetime NOT NULL ON UPDATE CURRENT_TIMESTAMP COMMENT '更新时间',
  `del_flag` char(1) COLLATE utf8mb4_general_ci NOT NULL DEFAULT '0' COMMENT '删除标志',
  PRIMARY KEY (`column_id`) USING BTREE
) ENGINE=InnoDB AUTO_INCREMENT=303 DEFAULT CHARSET=utf8mb4 COLLATE=utf8mb4_general_ci COMMENT='代码生成业务表字段';

-- ----------------------------
-- Records of gen_table_column
-- ----------------------------
BEGIN;
INSERT INTO `gen_table_column` (`column_id`, `table_id`, `column_name`, `column_comment`, `column_type`, `python_type`, `python_field`, `is_pk`, `is_increment`, `is_required`, `is_insert`, `is_edit`, `is_list`, `is_query`, `query_type`, `html_type`, `dict_type`, `sort`, `create_by`, `create_time`, `update_by`, `update_time`, `del_flag`) VALUES (147, 12, 'id', 'id', 'int', 'int', 'id', '1', '1', '0', '0', NULL, NULL, NULL, 'EQ', 'input', '', 1, '', '2025-01-18 09:52:42', '', '2025-01-18 09:52:42', '0');
INSERT INTO `gen_table_column` (`column_id`, `table_id`, `column_name`, `column_comment`, `column_type`, `python_type`, `python_field`, `is_pk`, `is_increment`, `is_required`, `is_insert`, `is_edit`, `is_list`, `is_query`, `query_type`, `html_type`, `dict_type`, `sort`, `create_by`, `create_time`, `update_by`, `update_time`, `del_flag`) VALUES (149, 12, 'update_time', '更新时间', 'datetime', 'datetime', 'update_time', '0', '0', '0', '0', '0', NULL, NULL, 'EQ', 'datetime', '', 3, '', '2025-01-18 09:52:42', '', '2025-01-18 09:52:42', '0');
INSERT INTO `gen_table_column` (`column_id`, `table_id`, `column_name`, `column_comment`, `column_type`, `python_type`, `python_field`, `is_pk`, `is_increment`, `is_required`, `is_insert`, `is_edit`, `is_list`, `is_query`, `query_type`, `html_type`, `dict_type`, `sort`, `create_by`, `create_time`, `update_by`, `update_time`, `del_flag`) VALUES (226, 19, 'create_time', '创建时间', 'datetime', 'datetime', 'create_time', '0', '0', '0', NULL, NULL, NULL, NULL, 'EQ', 'datetime', '', 2, '', '2025-02-05 10:56:18', '', '2025-02-05 10:56:18', '0');
INSERT INTO `gen_table_column` (`column_id`, `table_id`, `column_name`, `column_comment`, `column_type`, `python_type`, `python_field`, `is_pk`, `is_increment`, `is_required`, `is_insert`, `is_edit`, `is_list`, `is_query`, `query_type`, `html_type`, `dict_type`, `sort`, `create_by`, `create_time`, `update_by`, `update_time`, `del_flag`) VALUES (253, 21, 'id', 'ID', 'int', 'int', 'id', '1', '0', '0', NULL, NULL, NULL, NULL, 'EQ', 'input', '', 1, '', '2025-02-11 09:52:30', '', '2025-02-11 09:52:30', '0');
INSERT INTO `gen_table_column` (`column_id`, `table_id`, `column_name`, `column_comment`, `column_type`, `python_type`, `python_field`, `is_pk`, `is_increment`, `is_required`, `is_insert`, `is_edit`, `is_list`, `is_query`, `query_type`, `html_type`, `dict_type`, `sort`, `create_by`, `create_time`, `update_by`, `update_time`, `del_flag`) VALUES (254, 21, 'create_time', '创建时间', 'datetime', 'datetime', 'create_time', '0', '0', '0', NULL, NULL, NULL, NULL, 'EQ', 'datetime', '', 2, '', '2025-02-11 09:52:30', '', '2025-02-11 09:52:30', '0');
INSERT INTO `gen_table_column` (`column_id`, `table_id`, `column_name`, `column_comment`, `column_type`, `python_type`, `python_field`, `is_pk`, `is_increment`, `is_required`, `is_insert`, `is_edit`, `is_list`, `is_query`, `query_type`, `html_type`, `dict_type`, `sort`, `create_by`, `create_time`, `update_by`, `update_time`, `del_flag`) VALUES (255, 21, 'update_time', '更新时间', 'datetime', 'datetime', 'update_time', '0', '0', '0', NULL, NULL, '1', NULL, 'EQ', 'datetime', '', 3, '', '2025-02-11 09:52:30', '', '2025-02-11 09:52:30', '0');
INSERT INTO `gen_table_column` (`column_id`, `table_id`, `column_name`, `column_comment`, `column_type`, `python_type`, `python_field`, `is_pk`, `is_increment`, `is_required`, `is_insert`, `is_edit`, `is_list`, `is_query`, `query_type`, `html_type`, `dict_type`, `sort`, `create_by`, `create_time`, `update_by`, `update_time`, `del_flag`) VALUES (256, 21, 'del_flag', '删除标志', 'char(1)', 'str', 'del_flag', '0', '0', '1', NULL, NULL, NULL, NULL, 'EQ', 'input', '', 4, '', '2025-02-11 09:52:30', '', '2025-02-11 09:52:30', '0');
INSERT INTO `gen_table_column` (`column_id`, `table_id`, `column_name`, `column_comment`, `column_type`, `python_type`, `python_field`, `is_pk`, `is_increment`, `is_required`, `is_insert`, `is_edit`, `is_list`, `is_query`, `query_type`, `html_type`, `dict_type`, `sort`, `create_by`, `create_time`, `update_by`, `update_time`, `del_flag`) VALUES (257, 21, 'update_by', '更新者', 'int', 'int', 'update_by', '0', '0', '0', '1', '1', NULL, NULL, 'EQ', 'input', '', 5, '', '2025-02-11 09:52:30', '', '2025-02-11 09:52:30', '0');
INSERT INTO `gen_table_column` (`column_id`, `table_id`, `column_name`, `column_comment`, `column_type`, `python_type`, `python_field`, `is_pk`, `is_increment`, `is_required`, `is_insert`, `is_edit`, `is_list`, `is_query`, `query_type`, `html_type`, `dict_type`, `sort`, `create_by`, `create_time`, `update_by`, `update_time`, `del_flag`) VALUES (258, 21, 'update_by_name', '更新者', 'varchar(255)', 'str', 'update_by_name', '0', '0', '0', '1', '1', '1', '0', 'EQ', 'input', '', 6, '', '2025-02-11 09:52:30', '', '2025-02-11 09:52:30', '0');
INSERT INTO `gen_table_column` (`column_id`, `table_id`, `column_name`, `column_comment`, `column_type`, `python_type`, `python_field`, `is_pk`, `is_increment`, `is_required`, `is_insert`, `is_edit`, `is_list`, `is_query`, `query_type`, `html_type`, `dict_type`, `sort`, `create_by`, `create_time`, `update_by`, `update_time`, `del_flag`) VALUES (259, 21, 'table_name', '表名', 'varchar(255)', 'str', 'table_name', '0', '0', '1', '1', '1', '1', '1', 'LIKE', 'input', '', 7, '', '2025-02-11 09:52:30', '', '2025-02-11 09:52:30', '0');
INSERT INTO `gen_table_column` (`column_id`, `table_id`, `column_name`, `column_comment`, `column_type`, `python_type`, `python_field`, `is_pk`, `is_increment`, `is_required`, `is_insert`, `is_edit`, `is_list`, `is_query`, `query_type`, `html_type`, `dict_type`, `sort`, `create_by`, `create_time`, `update_by`, `update_time`, `del_flag`) VALUES (260, 21, 'fileld_name', '字段名', 'varchar(255)', 'str', 'fileld_name', '0', '0', '1', '1', '1', '1', '1', 'LIKE', 'input', '', 8, '', '2025-02-11 09:52:30', '', '2025-02-11 09:52:30', '0');
INSERT INTO `gen_table_column` (`column_id`, `table_id`, `column_name`, `column_comment`, `column_type`, `python_type`, `python_field`, `is_pk`, `is_increment`, `is_required`, `is_insert`, `is_edit`, `is_list`, `is_query`, `query_type`, `html_type`, `dict_type`, `sort`, `create_by`, `create_time`, `update_by`, `update_time`, `del_flag`) VALUES (261, 21, 'show', '可见', 'char(1)', 'str', 'show', '0', '0', '1', '1', '1', '1', '0', 'EQ', 'select', 'sys_01_yes_no', 9, '', '2025-02-11 09:52:30', '', '2025-02-11 09:52:30', '0');
INSERT INTO `gen_table_column` (`column_id`, `table_id`, `column_name`, `column_comment`, `column_type`, `python_type`, `python_field`, `is_pk`, `is_increment`, `is_required`, `is_insert`, `is_edit`, `is_list`, `is_query`, `query_type`, `html_type`, `dict_type`, `sort`, `create_by`, `create_time`, `update_by`, `update_time`, `del_flag`) VALUES (262, 21, 'prop', '驼峰属性', 'varchar(255)', 'str', 'prop', '0', '0', '1', '1', '1', '1', '1', 'LIKE', 'input', '', 10, '', '2025-02-11 09:52:30', '', '2025-02-11 09:52:30', '0');
INSERT INTO `gen_table_column` (`column_id`, `table_id`, `column_name`, `column_comment`, `column_type`, `python_type`, `python_field`, `is_pk`, `is_increment`, `is_required`, `is_insert`, `is_edit`, `is_list`, `is_query`, `query_type`, `html_type`, `dict_type`, `sort`, `create_by`, `create_time`, `update_by`, `update_time`, `del_flag`) VALUES (263, 21, 'label', '字段标签', 'varchar(255)', 'str', 'label', '0', '0', '1', '1', '1', '1', '0', 'EQ', 'input', '', 11, '', '2025-02-11 09:52:30', '', '2025-02-11 09:52:30', '0');
INSERT INTO `gen_table_column` (`column_id`, `table_id`, `column_name`, `column_comment`, `column_type`, `python_type`, `python_field`, `is_pk`, `is_increment`, `is_required`, `is_insert`, `is_edit`, `is_list`, `is_query`, `query_type`, `html_type`, `dict_type`, `sort`, `create_by`, `create_time`, `update_by`, `update_time`, `del_flag`) VALUES (264, 21, 'sortable', '可排序', 'char(1)', 'str', 'sortable', '0', '0', '1', '1', '1', '1', '0', 'EQ', 'select', 'sys_01_yes_no', 12, '', '2025-02-11 09:52:30', '', '2025-02-11 09:52:30', '0');
INSERT INTO `gen_table_column` (`column_id`, `table_id`, `column_name`, `column_comment`, `column_type`, `python_type`, `python_field`, `is_pk`, `is_increment`, `is_required`, `is_insert`, `is_edit`, `is_list`, `is_query`, `query_type`, `html_type`, `dict_type`, `sort`, `create_by`, `create_time`, `update_by`, `update_time`, `del_flag`) VALUES (265, 21, 'width', '宽度', 'int', 'int', 'width', '0', '0', '1', '1', '1', '1', '0', 'EQ', 'input', '', 13, '', '2025-02-11 09:52:30', '', '2025-02-11 09:52:30', '0');
INSERT INTO `gen_table_column` (`column_id`, `table_id`, `column_name`, `column_comment`, `column_type`, `python_type`, `python_field`, `is_pk`, `is_increment`, `is_required`, `is_insert`, `is_edit`, `is_list`, `is_query`, `query_type`, `html_type`, `dict_type`, `sort`, `create_by`, `create_time`, `update_by`, `update_time`, `del_flag`) VALUES (266, 21, 'label_tip', '字段标签解释', 'varchar(255)', 'str', 'label_tip', '0', '0', '0', '1', '1', '1', '0', 'EQ', 'input', '', 14, '', '2025-02-11 09:52:30', '', '2025-02-11 09:52:30', '0');
INSERT INTO `gen_table_column` (`column_id`, `table_id`, `column_name`, `column_comment`, `column_type`, `python_type`, `python_field`, `is_pk`, `is_increment`, `is_required`, `is_insert`, `is_edit`, `is_list`, `is_query`, `query_type`, `html_type`, `dict_type`, `sort`, `create_by`, `create_time`, `update_by`, `update_time`, `del_flag`) VALUES (267, 21, 'fixed', '固定表头', 'char(1)', 'str', 'fixed', '0', '0', '1', '1', '1', '1', '0', 'EQ', 'select', 'sys_01_yes_no', 15, '', '2025-02-11 09:52:30', '', '2025-02-11 09:52:30', '0');
INSERT INTO `gen_table_column` (`column_id`, `table_id`, `column_name`, `column_comment`, `column_type`, `python_type`, `python_field`, `is_pk`, `is_increment`, `is_required`, `is_insert`, `is_edit`, `is_list`, `is_query`, `query_type`, `html_type`, `dict_type`, `sort`, `create_by`, `create_time`, `update_by`, `update_time`, `del_flag`) VALUES (268, 21, 'align', '对其方式', 'varchar(255)', 'str', 'align', '0', '0', '1', '1', '1', '1', '0', 'EQ', 'select', 'field_align', 16, '', '2025-02-11 09:52:30', '', '2025-02-11 09:52:30', '0');
INSERT INTO `gen_table_column` (`column_id`, `table_id`, `column_name`, `column_comment`, `column_type`, `python_type`, `python_field`, `is_pk`, `is_increment`, `is_required`, `is_insert`, `is_edit`, `is_list`, `is_query`, `query_type`, `html_type`, `dict_type`, `sort`, `create_by`, `create_time`, `update_by`, `update_time`, `del_flag`) VALUES (269, 21, 'tooltip', '超出隐藏', 'char(1)', 'str', 'tooltip', '0', '0', '1', '1', '1', '1', '0', 'EQ', 'select', 'sys_01_yes_no', 17, '', '2025-02-11 09:52:30', '', '2025-02-11 09:52:30', '0');
INSERT INTO `gen_table_column` (`column_id`, `table_id`, `column_name`, `column_comment`, `column_type`, `python_type`, `python_field`, `is_pk`, `is_increment`, `is_required`, `is_insert`, `is_edit`, `is_list`, `is_query`, `query_type`, `html_type`, `dict_type`, `sort`, `create_by`, `create_time`, `update_by`, `update_time`, `del_flag`) VALUES (292, 24, 'id', 'id', 'int', 'int', 'id', '1', '1', '0', NULL, NULL, NULL, NULL, 'EQ', 'input', '', 1, '', '2025-02-13 14:26:08', '', '2025-02-13 14:26:08', '0');
INSERT INTO `gen_table_column` (`column_id`, `table_id`, `column_name`, `column_comment`, `column_type`, `python_type`, `python_field`, `is_pk`, `is_increment`, `is_required`, `is_insert`, `is_edit`, `is_list`, `is_query`, `query_type`, `html_type`, `dict_type`, `sort`, `create_by`, `create_time`, `update_by`, `update_time`, `del_flag`) VALUES (293, 24, 'create_time', '创建时间', 'datetime', 'datetime', 'create_time', '0', '0', '0', NULL, NULL, NULL, NULL, 'EQ', 'datetime', '', 2, '', '2025-02-13 14:26:08', '', '2025-02-13 14:26:08', '0');
INSERT INTO `gen_table_column` (`column_id`, `table_id`, `column_name`, `column_comment`, `column_type`, `python_type`, `python_field`, `is_pk`, `is_increment`, `is_required`, `is_insert`, `is_edit`, `is_list`, `is_query`, `query_type`, `html_type`, `dict_type`, `sort`, `create_by`, `create_time`, `update_by`, `update_time`, `del_flag`) VALUES (294, 24, 'update_time', '更新时间', 'datetime', 'datetime', 'update_time', '0', '0', '0', NULL, NULL, '1', NULL, 'EQ', 'datetime', '', 3, '', '2025-02-13 14:26:08', '', '2025-02-13 14:26:08', '0');
INSERT INTO `gen_table_column` (`column_id`, `table_id`, `column_name`, `column_comment`, `column_type`, `python_type`, `python_field`, `is_pk`, `is_increment`, `is_required`, `is_insert`, `is_edit`, `is_list`, `is_query`, `query_type`, `html_type`, `dict_type`, `sort`, `create_by`, `create_time`, `update_by`, `update_time`, `del_flag`) VALUES (295, 24, 'del_flag', '删除标志', 'char(1)', 'str', 'del_flag', '0', '0', '0', NULL, NULL, NULL, NULL, 'EQ', 'input', '', 4, '', '2025-02-13 14:26:08', '', '2025-02-13 14:26:08', '0');
INSERT INTO `gen_table_column` (`column_id`, `table_id`, `column_name`, `column_comment`, `column_type`, `python_type`, `python_field`, `is_pk`, `is_increment`, `is_required`, `is_insert`, `is_edit`, `is_list`, `is_query`, `query_type`, `html_type`, `dict_type`, `sort`, `create_by`, `create_time`, `update_by`, `update_time`, `del_flag`) VALUES (296, 24, 'name', '司机名称', 'varchar(255)', 'str', 'name', '0', '0', '1', '1', '1', '1', '1', 'EQ', 'input', '', 5, '', '2025-02-13 14:26:08', '', '2025-02-13 14:26:08', '0');
INSERT INTO `gen_table_column` (`column_id`, `table_id`, `column_name`, `column_comment`, `column_type`, `python_type`, `python_field`, `is_pk`, `is_increment`, `is_required`, `is_insert`, `is_edit`, `is_list`, `is_query`, `query_type`, `html_type`, `dict_type`, `sort`, `create_by`, `create_time`, `update_by`, `update_time`, `del_flag`) VALUES (297, 24, 'age', '年龄', 'int', 'int', 'age', '0', '0', '1', '1', '1', '1', '0', 'EQ', 'input', '', 6, '', '2025-02-13 14:26:08', '', '2025-02-13 14:26:08', '0');
INSERT INTO `gen_table_column` (`column_id`, `table_id`, `column_name`, `column_comment`, `column_type`, `python_type`, `python_field`, `is_pk`, `is_increment`, `is_required`, `is_insert`, `is_edit`, `is_list`, `is_query`, `query_type`, `html_type`, `dict_type`, `sort`, `create_by`, `create_time`, `update_by`, `update_time`, `del_flag`) VALUES (298, 24, 'driver_years', '驾龄', 'int', 'int', 'driver_years', '0', '0', '1', '1', '1', '1', '1', 'GTE', 'input', '', 7, '', '2025-02-13 14:26:08', '', '2025-02-13 14:26:08', '0');
INSERT INTO `gen_table_column` (`column_id`, `table_id`, `column_name`, `column_comment`, `column_type`, `python_type`, `python_field`, `is_pk`, `is_increment`, `is_required`, `is_insert`, `is_edit`, `is_list`, `is_query`, `query_type`, `html_type`, `dict_type`, `sort`, `create_by`, `create_time`, `update_by`, `update_time`, `del_flag`) VALUES (299, 24, 'image', '图片', 'varchar(255)', 'str', 'image', '0', '0', '0', '1', '1', '1', '0', 'EQ', 'input', '', 8, '', '2025-02-13 14:26:08', '', '2025-02-13 14:26:08', '0');
INSERT INTO `gen_table_column` (`column_id`, `table_id`, `column_name`, `column_comment`, `column_type`, `python_type`, `python_field`, `is_pk`, `is_increment`, `is_required`, `is_insert`, `is_edit`, `is_list`, `is_query`, `query_type`, `html_type`, `dict_type`, `sort`, `create_by`, `create_time`, `update_by`, `update_time`, `del_flag`) VALUES (300, 24, 'location', '所在位置', 'varchar(255)', 'str', 'location', '0', '0', '0', '1', '1', '1', '0', 'EQ', 'input', '', 9, '', '2025-02-13 14:26:08', '', '2025-02-13 14:26:08', '0');
INSERT INTO `gen_table_column` (`column_id`, `table_id`, `column_name`, `column_comment`, `column_type`, `python_type`, `python_field`, `is_pk`, `is_increment`, `is_required`, `is_insert`, `is_edit`, `is_list`, `is_query`, `query_type`, `html_type`, `dict_type`, `sort`, `create_by`, `create_time`, `update_by`, `update_time`, `del_flag`) VALUES (301, 24, 'price', '价格', 'decimal(10,2)', 'float', 'price', '0', '0', '1', '1', '1', '1', '0', 'EQ', 'input', '', 10, '', '2025-02-13 14:26:08', '', '2025-02-13 14:26:08', '0');
INSERT INTO `gen_table_column` (`column_id`, `table_id`, `column_name`, `column_comment`, `column_type`, `python_type`, `python_field`, `is_pk`, `is_increment`, `is_required`, `is_insert`, `is_edit`, `is_list`, `is_query`, `query_type`, `html_type`, `dict_type`, `sort`, `create_by`, `create_time`, `update_by`, `update_time`, `del_flag`) VALUES (302, 24, 'car_type', '车辆类型', 'int', 'int', 'car_type', '0', '0', '1', '1', '1', '1', '1', 'EQ', 'select', 'car_type', 11, '', '2025-02-13 14:26:08', '', '2025-02-13 14:26:08', '0');
COMMIT;

-- ----------------------------
-- Table structure for partner_info
-- ----------------------------
DROP TABLE IF EXISTS `partner_info`;
CREATE TABLE `partner_info` (
  `id` int NOT NULL AUTO_INCREMENT COMMENT 'id',
  `create_time` datetime DEFAULT NULL COMMENT '创建时间',
  `update_time` datetime DEFAULT NULL ON UPDATE CURRENT_TIMESTAMP COMMENT '更新时间',
  `del_flag` char(1) CHARACTER SET utf8mb4 COLLATE utf8mb4_general_ci DEFAULT '0' COMMENT '删除标志',
  `partner_name` varchar(255) CHARACTER SET utf8mb4 COLLATE utf8mb4_general_ci DEFAULT NULL COMMENT '合作方名称',
  `lng` float DEFAULT NULL COMMENT '经度',
  `lat` float DEFAULT NULL COMMENT '纬度',
  `image` varchar(255) CHARACTER SET utf8mb4 COLLATE utf8mb4_general_ci DEFAULT NULL COMMENT '图片',
  `location` varchar(255) CHARACTER SET utf8mb4 COLLATE utf8mb4_general_ci DEFAULT NULL COMMENT '所在位置',
  `price` decimal(10,2) DEFAULT '0.00' COMMENT '价格',
  `description` text COLLATE utf8mb4_general_ci COMMENT '资料介绍',
  PRIMARY KEY (`id`)
) ENGINE=InnoDB AUTO_INCREMENT=5 DEFAULT CHARSET=utf8mb4 COLLATE=utf8mb4_general_ci COMMENT='合作方';

-- ----------------------------
-- Records of partner_info
-- ----------------------------
BEGIN;
INSERT INTO `partner_info` (`id`, `create_time`, `update_time`, `del_flag`, `partner_name`, `lng`, `lat`, `image`, `location`, `price`, `description`) VALUES (4, '2025-02-05 11:00:05', '2025-02-05 11:00:05', '0', '万达', 23, 2132, 'https://jinqiao-product.oss-cn-beijing.aliyuncs.com/category_image/1738724577.5196211.jpg', '3233', 322.00, '合作方介绍');
COMMIT;

-- ----------------------------
-- Table structure for sys_config
-- ----------------------------
DROP TABLE IF EXISTS `sys_config`;
CREATE TABLE `sys_config` (
  `config_id` int NOT NULL AUTO_INCREMENT COMMENT '参数主键',
  `config_name` varchar(100) DEFAULT '' COMMENT '参数名称',
  `config_key` varchar(100) DEFAULT '' COMMENT '参数键名',
  `config_value` varchar(500) DEFAULT '' COMMENT '参数键值',
  `config_type` char(1) DEFAULT 'N' COMMENT '系统内置（Y是 N否）',
  `create_by` varchar(64) DEFAULT '' COMMENT '创建者',
  `create_time` datetime DEFAULT NULL COMMENT '创建时间',
  `update_by` varchar(64) DEFAULT '' COMMENT '更新者',
  `update_time` datetime DEFAULT NULL COMMENT '更新时间',
  `remark` varchar(500) DEFAULT NULL COMMENT '备注',
  PRIMARY KEY (`config_id`) USING BTREE
) ENGINE=InnoDB AUTO_INCREMENT=100 DEFAULT CHARSET=utf8mb4 COLLATE=utf8mb4_0900_ai_ci COMMENT='参数配置表';

-- ----------------------------
-- Records of sys_config
-- ----------------------------
BEGIN;
INSERT INTO `sys_config` (`config_id`, `config_name`, `config_key`, `config_value`, `config_type`, `create_by`, `create_time`, `update_by`, `update_time`, `remark`) VALUES (1, '主框架页-默认皮肤样式名称', 'sys.index.skinName', 'skin-blue', 'Y', 'admin', '2024-11-13 14:12:02', '', NULL, '蓝色 skin-blue、绿色 skin-green、紫色 skin-purple、红色 skin-red、黄色 skin-yellow');
INSERT INTO `sys_config` (`config_id`, `config_name`, `config_key`, `config_value`, `config_type`, `create_by`, `create_time`, `update_by`, `update_time`, `remark`) VALUES (2, '用户管理-账号初始密码', 'sys.user.initPassword', '123456', 'Y', 'admin', '2024-11-13 14:12:02', '', NULL, '初始化密码 123456');
INSERT INTO `sys_config` (`config_id`, `config_name`, `config_key`, `config_value`, `config_type`, `create_by`, `create_time`, `update_by`, `update_time`, `remark`) VALUES (3, '主框架页-侧边栏主题', 'sys.index.sideTheme', 'theme-dark', 'Y', 'admin', '2024-11-13 14:12:02', '', NULL, '深色主题theme-dark，浅色主题theme-light');
INSERT INTO `sys_config` (`config_id`, `config_name`, `config_key`, `config_value`, `config_type`, `create_by`, `create_time`, `update_by`, `update_time`, `remark`) VALUES (4, '账号自助-验证码开关', 'sys.account.captchaEnabled', 'true', 'Y', 'admin', '2024-11-13 14:12:02', '', NULL, '是否开启验证码功能（true开启，false关闭）');
INSERT INTO `sys_config` (`config_id`, `config_name`, `config_key`, `config_value`, `config_type`, `create_by`, `create_time`, `update_by`, `update_time`, `remark`) VALUES (5, '账号自助-是否开启用户注册功能', 'sys.account.registerUser', 'false', 'Y', 'admin', '2024-11-13 14:12:02', '', NULL, '是否开启注册用户功能（true开启，false关闭）');
INSERT INTO `sys_config` (`config_id`, `config_name`, `config_key`, `config_value`, `config_type`, `create_by`, `create_time`, `update_by`, `update_time`, `remark`) VALUES (6, '用户登录-黑名单列表', 'sys.login.blackIPList', '', 'Y', 'admin', '2024-11-13 14:12:02', '', NULL, '设置登录IP黑名单限制，多个匹配项以;分隔，支持匹配（*通配、网段）');
COMMIT;

-- ----------------------------
-- Table structure for sys_dept
-- ----------------------------
DROP TABLE IF EXISTS `sys_dept`;
CREATE TABLE `sys_dept` (
  `dept_id` bigint NOT NULL AUTO_INCREMENT COMMENT '部门id',
  `parent_id` bigint DEFAULT '0' COMMENT '父部门id',
  `ancestors` varchar(50) DEFAULT '' COMMENT '祖级列表',
  `dept_name` varchar(30) DEFAULT '' COMMENT '部门名称',
  `order_num` int DEFAULT '0' COMMENT '显示顺序',
  `leader` varchar(20) DEFAULT NULL COMMENT '负责人',
  `phone` varchar(11) DEFAULT NULL COMMENT '联系电话',
  `email` varchar(50) DEFAULT NULL COMMENT '邮箱',
  `status` char(1) DEFAULT '0' COMMENT '部门状态（0正常 1停用）',
  `del_flag` char(1) DEFAULT '0' COMMENT '删除标志（0代表存在 2代表删除）',
  `create_by` varchar(64) DEFAULT '' COMMENT '创建者',
  `create_time` datetime DEFAULT NULL COMMENT '创建时间',
  `update_by` varchar(64) DEFAULT '' COMMENT '更新者',
  `update_time` datetime DEFAULT NULL COMMENT '更新时间',
  PRIMARY KEY (`dept_id`) USING BTREE
) ENGINE=InnoDB AUTO_INCREMENT=203 DEFAULT CHARSET=utf8mb4 COLLATE=utf8mb4_0900_ai_ci COMMENT='部门表';

-- ----------------------------
-- Records of sys_dept
-- ----------------------------
BEGIN;
INSERT INTO `sys_dept` (`dept_id`, `parent_id`, `ancestors`, `dept_name`, `order_num`, `leader`, `phone`, `email`, `status`, `del_flag`, `create_by`, `create_time`, `update_by`, `update_time`) VALUES (100, 0, '0', '集团总公司', 0, '年糕', '15888888888', 'niangao@qq.com', '0', '0', 'admin', '2024-11-13 14:12:02', '', NULL);
INSERT INTO `sys_dept` (`dept_id`, `parent_id`, `ancestors`, `dept_name`, `order_num`, `leader`, `phone`, `email`, `status`, `del_flag`, `create_by`, `create_time`, `update_by`, `update_time`) VALUES (101, 100, '0,100', '深圳分公司', 1, '年糕', '15888888888', 'niangao@qq.com', '0', '0', 'admin', '2024-11-13 14:12:02', '', NULL);
INSERT INTO `sys_dept` (`dept_id`, `parent_id`, `ancestors`, `dept_name`, `order_num`, `leader`, `phone`, `email`, `status`, `del_flag`, `create_by`, `create_time`, `update_by`, `update_time`) VALUES (102, 100, '0,100', '长沙分公司', 2, '年糕', '15888888888', 'niangao@qq.com', '0', '0', 'admin', '2024-11-13 14:12:02', '', NULL);
INSERT INTO `sys_dept` (`dept_id`, `parent_id`, `ancestors`, `dept_name`, `order_num`, `leader`, `phone`, `email`, `status`, `del_flag`, `create_by`, `create_time`, `update_by`, `update_time`) VALUES (103, 101, '0,100,101', '研发部门', 1, '年糕', '15888888888', 'niangao@qq.com', '0', '0', 'admin', '2024-11-13 14:12:02', '', NULL);
INSERT INTO `sys_dept` (`dept_id`, `parent_id`, `ancestors`, `dept_name`, `order_num`, `leader`, `phone`, `email`, `status`, `del_flag`, `create_by`, `create_time`, `update_by`, `update_time`) VALUES (104, 101, '0,100,101', '市场部门', 2, '年糕', '15888888888', 'niangao@qq.com', '0', '0', 'admin', '2024-11-13 14:12:02', '', NULL);
INSERT INTO `sys_dept` (`dept_id`, `parent_id`, `ancestors`, `dept_name`, `order_num`, `leader`, `phone`, `email`, `status`, `del_flag`, `create_by`, `create_time`, `update_by`, `update_time`) VALUES (105, 101, '0,100,101', '测试部门', 3, '年糕', '15888888888', 'niangao@qq.com', '0', '0', 'admin', '2024-11-13 14:12:02', '', NULL);
INSERT INTO `sys_dept` (`dept_id`, `parent_id`, `ancestors`, `dept_name`, `order_num`, `leader`, `phone`, `email`, `status`, `del_flag`, `create_by`, `create_time`, `update_by`, `update_time`) VALUES (106, 101, '0,100,101', '财务部门', 4, '年糕', '15888888888', 'niangao@qq.com', '0', '0', 'admin', '2024-11-13 14:12:02', '', NULL);
INSERT INTO `sys_dept` (`dept_id`, `parent_id`, `ancestors`, `dept_name`, `order_num`, `leader`, `phone`, `email`, `status`, `del_flag`, `create_by`, `create_time`, `update_by`, `update_time`) VALUES (107, 101, '0,100,101', '运维部门', 5, '年糕', '15888888888', 'niangao@qq.com', '0', '0', 'admin', '2024-11-13 14:12:02', '', NULL);
INSERT INTO `sys_dept` (`dept_id`, `parent_id`, `ancestors`, `dept_name`, `order_num`, `leader`, `phone`, `email`, `status`, `del_flag`, `create_by`, `create_time`, `update_by`, `update_time`) VALUES (108, 102, '0,100,102', '市场部门', 1, '年糕', '15888888888', 'niangao@qq.com', '0', '0', 'admin', '2024-11-13 14:12:02', '', NULL);
INSERT INTO `sys_dept` (`dept_id`, `parent_id`, `ancestors`, `dept_name`, `order_num`, `leader`, `phone`, `email`, `status`, `del_flag`, `create_by`, `create_time`, `update_by`, `update_time`) VALUES (109, 102, '0,100,102', '财务部门', 2, '年糕', '15888888888', 'niangao@qq.com', '0', '0', 'admin', '2024-11-13 14:12:02', '', NULL);
INSERT INTO `sys_dept` (`dept_id`, `parent_id`, `ancestors`, `dept_name`, `order_num`, `leader`, `phone`, `email`, `status`, `del_flag`, `create_by`, `create_time`, `update_by`, `update_time`) VALUES (200, 100, '0,100', '托管事业部', 0, NULL, NULL, NULL, '0', '0', 'admin', '2024-12-14 16:42:36', 'admin', '2024-12-14 16:42:36');
INSERT INTO `sys_dept` (`dept_id`, `parent_id`, `ancestors`, `dept_name`, `order_num`, `leader`, `phone`, `email`, `status`, `del_flag`, `create_by`, `create_time`, `update_by`, `update_time`) VALUES (201, 200, '0,100,200', '项目一部', 0, NULL, NULL, NULL, '0', '0', 'admin', '2024-12-14 16:42:47', 'admin', '2024-12-14 16:42:47');
INSERT INTO `sys_dept` (`dept_id`, `parent_id`, `ancestors`, `dept_name`, `order_num`, `leader`, `phone`, `email`, `status`, `del_flag`, `create_by`, `create_time`, `update_by`, `update_time`) VALUES (202, 200, '0,100,200', '项目二部', 0, NULL, NULL, NULL, '0', '0', 'admin', '2024-12-14 16:42:55', 'admin', '2024-12-14 16:42:55');
COMMIT;

-- ----------------------------
-- Table structure for sys_dict_data
-- ----------------------------
DROP TABLE IF EXISTS `sys_dict_data`;
CREATE TABLE `sys_dict_data` (
  `dict_code` bigint NOT NULL AUTO_INCREMENT COMMENT '字典编码',
  `dict_sort` int DEFAULT '0' COMMENT '字典排序',
  `dict_label` varchar(100) DEFAULT '' COMMENT '字典标签',
  `dict_value` varchar(100) DEFAULT '' COMMENT '字典键值',
  `dict_type` varchar(100) DEFAULT '' COMMENT '字典类型',
  `css_class` varchar(100) DEFAULT NULL COMMENT '样式属性（其他样式扩展）',
  `list_class` varchar(100) DEFAULT NULL COMMENT '表格回显样式',
  `is_default` char(1) DEFAULT 'N' COMMENT '是否默认（Y是 N否）',
  `status` char(1) DEFAULT '0' COMMENT '状态（0正常 1停用）',
  `create_by` varchar(64) DEFAULT '' COMMENT '创建者',
  `create_time` datetime DEFAULT NULL COMMENT '创建时间',
  `update_by` varchar(64) DEFAULT '' COMMENT '更新者',
  `update_time` datetime DEFAULT NULL COMMENT '更新时间',
  `remark` varchar(500) DEFAULT NULL COMMENT '备注',
  PRIMARY KEY (`dict_code`) USING BTREE
) ENGINE=InnoDB AUTO_INCREMENT=116 DEFAULT CHARSET=utf8mb4 COLLATE=utf8mb4_0900_ai_ci COMMENT='字典数据表';

-- ----------------------------
-- Records of sys_dict_data
-- ----------------------------
BEGIN;
INSERT INTO `sys_dict_data` (`dict_code`, `dict_sort`, `dict_label`, `dict_value`, `dict_type`, `css_class`, `list_class`, `is_default`, `status`, `create_by`, `create_time`, `update_by`, `update_time`, `remark`) VALUES (1, 1, '男', '0', 'sys_user_sex', '', '', 'Y', '0', 'admin', '2024-11-13 14:12:02', '', NULL, '性别男');
INSERT INTO `sys_dict_data` (`dict_code`, `dict_sort`, `dict_label`, `dict_value`, `dict_type`, `css_class`, `list_class`, `is_default`, `status`, `create_by`, `create_time`, `update_by`, `update_time`, `remark`) VALUES (2, 2, '女', '1', 'sys_user_sex', '', '', 'N', '0', 'admin', '2024-11-13 14:12:02', '', NULL, '性别女');
INSERT INTO `sys_dict_data` (`dict_code`, `dict_sort`, `dict_label`, `dict_value`, `dict_type`, `css_class`, `list_class`, `is_default`, `status`, `create_by`, `create_time`, `update_by`, `update_time`, `remark`) VALUES (3, 3, '未知', '2', 'sys_user_sex', '', '', 'N', '0', 'admin', '2024-11-13 14:12:02', '', NULL, '性别未知');
INSERT INTO `sys_dict_data` (`dict_code`, `dict_sort`, `dict_label`, `dict_value`, `dict_type`, `css_class`, `list_class`, `is_default`, `status`, `create_by`, `create_time`, `update_by`, `update_time`, `remark`) VALUES (4, 1, '显示', '0', 'sys_show_hide', '', 'primary', 'Y', '0', 'admin', '2024-11-13 14:12:02', '', NULL, '显示菜单');
INSERT INTO `sys_dict_data` (`dict_code`, `dict_sort`, `dict_label`, `dict_value`, `dict_type`, `css_class`, `list_class`, `is_default`, `status`, `create_by`, `create_time`, `update_by`, `update_time`, `remark`) VALUES (5, 2, '隐藏', '1', 'sys_show_hide', '', 'danger', 'N', '0', 'admin', '2024-11-13 14:12:02', '', NULL, '隐藏菜单');
INSERT INTO `sys_dict_data` (`dict_code`, `dict_sort`, `dict_label`, `dict_value`, `dict_type`, `css_class`, `list_class`, `is_default`, `status`, `create_by`, `create_time`, `update_by`, `update_time`, `remark`) VALUES (6, 1, '正常', '0', 'sys_normal_disable', '', 'primary', 'Y', '0', 'admin', '2024-11-13 14:12:02', '', NULL, '正常状态');
INSERT INTO `sys_dict_data` (`dict_code`, `dict_sort`, `dict_label`, `dict_value`, `dict_type`, `css_class`, `list_class`, `is_default`, `status`, `create_by`, `create_time`, `update_by`, `update_time`, `remark`) VALUES (7, 2, '停用', '1', 'sys_normal_disable', '', 'danger', 'N', '0', 'admin', '2024-11-13 14:12:02', '', NULL, '停用状态');
INSERT INTO `sys_dict_data` (`dict_code`, `dict_sort`, `dict_label`, `dict_value`, `dict_type`, `css_class`, `list_class`, `is_default`, `status`, `create_by`, `create_time`, `update_by`, `update_time`, `remark`) VALUES (8, 1, '正常', '0', 'sys_job_status', '', 'primary', 'Y', '0', 'admin', '2024-11-13 14:12:02', '', NULL, '正常状态');
INSERT INTO `sys_dict_data` (`dict_code`, `dict_sort`, `dict_label`, `dict_value`, `dict_type`, `css_class`, `list_class`, `is_default`, `status`, `create_by`, `create_time`, `update_by`, `update_time`, `remark`) VALUES (9, 2, '暂停', '1', 'sys_job_status', '', 'danger', 'N', '0', 'admin', '2024-11-13 14:12:02', '', NULL, '停用状态');
INSERT INTO `sys_dict_data` (`dict_code`, `dict_sort`, `dict_label`, `dict_value`, `dict_type`, `css_class`, `list_class`, `is_default`, `status`, `create_by`, `create_time`, `update_by`, `update_time`, `remark`) VALUES (10, 1, '默认', 'default', 'sys_job_group', '', '', 'Y', '0', 'admin', '2024-11-13 14:12:02', '', NULL, '默认分组');
INSERT INTO `sys_dict_data` (`dict_code`, `dict_sort`, `dict_label`, `dict_value`, `dict_type`, `css_class`, `list_class`, `is_default`, `status`, `create_by`, `create_time`, `update_by`, `update_time`, `remark`) VALUES (11, 2, '数据库', 'sqlalchemy', 'sys_job_group', '', '', 'N', '0', 'admin', '2024-11-13 14:12:02', '', NULL, '数据库分组');
INSERT INTO `sys_dict_data` (`dict_code`, `dict_sort`, `dict_label`, `dict_value`, `dict_type`, `css_class`, `list_class`, `is_default`, `status`, `create_by`, `create_time`, `update_by`, `update_time`, `remark`) VALUES (12, 3, 'redis', 'redis', 'sys_job_group', '', '', 'N', '0', 'admin', '2024-11-13 14:12:02', '', NULL, 'reids分组');
INSERT INTO `sys_dict_data` (`dict_code`, `dict_sort`, `dict_label`, `dict_value`, `dict_type`, `css_class`, `list_class`, `is_default`, `status`, `create_by`, `create_time`, `update_by`, `update_time`, `remark`) VALUES (13, 1, '默认', 'default', 'sys_job_executor', '', '', 'N', '0', 'admin', '2024-11-13 14:12:02', '', NULL, '线程池');
INSERT INTO `sys_dict_data` (`dict_code`, `dict_sort`, `dict_label`, `dict_value`, `dict_type`, `css_class`, `list_class`, `is_default`, `status`, `create_by`, `create_time`, `update_by`, `update_time`, `remark`) VALUES (14, 2, '进程池', 'processpool', 'sys_job_executor', '', '', 'N', '0', 'admin', '2024-11-13 14:12:02', '', NULL, '进程池');
INSERT INTO `sys_dict_data` (`dict_code`, `dict_sort`, `dict_label`, `dict_value`, `dict_type`, `css_class`, `list_class`, `is_default`, `status`, `create_by`, `create_time`, `update_by`, `update_time`, `remark`) VALUES (15, 1, '是', 'Y', 'sys_yes_no', '', 'primary', 'Y', '0', 'admin', '2024-11-13 14:12:02', '', NULL, '系统默认是');
INSERT INTO `sys_dict_data` (`dict_code`, `dict_sort`, `dict_label`, `dict_value`, `dict_type`, `css_class`, `list_class`, `is_default`, `status`, `create_by`, `create_time`, `update_by`, `update_time`, `remark`) VALUES (16, 2, '否', 'N', 'sys_yes_no', '', 'danger', 'N', '0', 'admin', '2024-11-13 14:12:02', '', NULL, '系统默认否');
INSERT INTO `sys_dict_data` (`dict_code`, `dict_sort`, `dict_label`, `dict_value`, `dict_type`, `css_class`, `list_class`, `is_default`, `status`, `create_by`, `create_time`, `update_by`, `update_time`, `remark`) VALUES (17, 1, '通知', '1', 'sys_notice_type', '', 'warning', 'Y', '0', 'admin', '2024-11-13 14:12:02', '', NULL, '通知');
INSERT INTO `sys_dict_data` (`dict_code`, `dict_sort`, `dict_label`, `dict_value`, `dict_type`, `css_class`, `list_class`, `is_default`, `status`, `create_by`, `create_time`, `update_by`, `update_time`, `remark`) VALUES (18, 2, '公告', '2', 'sys_notice_type', '', 'success', 'N', '0', 'admin', '2024-11-13 14:12:02', '', NULL, '公告');
INSERT INTO `sys_dict_data` (`dict_code`, `dict_sort`, `dict_label`, `dict_value`, `dict_type`, `css_class`, `list_class`, `is_default`, `status`, `create_by`, `create_time`, `update_by`, `update_time`, `remark`) VALUES (19, 1, '正常', '0', 'sys_notice_status', '', 'primary', 'Y', '0', 'admin', '2024-11-13 14:12:02', '', NULL, '正常状态');
INSERT INTO `sys_dict_data` (`dict_code`, `dict_sort`, `dict_label`, `dict_value`, `dict_type`, `css_class`, `list_class`, `is_default`, `status`, `create_by`, `create_time`, `update_by`, `update_time`, `remark`) VALUES (20, 2, '关闭', '1', 'sys_notice_status', '', 'danger', 'N', '0', 'admin', '2024-11-13 14:12:02', '', NULL, '关闭状态');
INSERT INTO `sys_dict_data` (`dict_code`, `dict_sort`, `dict_label`, `dict_value`, `dict_type`, `css_class`, `list_class`, `is_default`, `status`, `create_by`, `create_time`, `update_by`, `update_time`, `remark`) VALUES (21, 99, '其他', '0', 'sys_oper_type', '', 'info', 'N', '0', 'admin', '2024-11-13 14:12:02', '', NULL, '其他操作');
INSERT INTO `sys_dict_data` (`dict_code`, `dict_sort`, `dict_label`, `dict_value`, `dict_type`, `css_class`, `list_class`, `is_default`, `status`, `create_by`, `create_time`, `update_by`, `update_time`, `remark`) VALUES (22, 1, '新增', '1', 'sys_oper_type', '', 'info', 'N', '0', 'admin', '2024-11-13 14:12:02', '', NULL, '新增操作');
INSERT INTO `sys_dict_data` (`dict_code`, `dict_sort`, `dict_label`, `dict_value`, `dict_type`, `css_class`, `list_class`, `is_default`, `status`, `create_by`, `create_time`, `update_by`, `update_time`, `remark`) VALUES (23, 2, '修改', '2', 'sys_oper_type', '', 'info', 'N', '0', 'admin', '2024-11-13 14:12:02', '', NULL, '修改操作');
INSERT INTO `sys_dict_data` (`dict_code`, `dict_sort`, `dict_label`, `dict_value`, `dict_type`, `css_class`, `list_class`, `is_default`, `status`, `create_by`, `create_time`, `update_by`, `update_time`, `remark`) VALUES (24, 3, '删除', '3', 'sys_oper_type', '', 'danger', 'N', '0', 'admin', '2024-11-13 14:12:02', '', NULL, '删除操作');
INSERT INTO `sys_dict_data` (`dict_code`, `dict_sort`, `dict_label`, `dict_value`, `dict_type`, `css_class`, `list_class`, `is_default`, `status`, `create_by`, `create_time`, `update_by`, `update_time`, `remark`) VALUES (25, 4, '授权', '4', 'sys_oper_type', '', 'primary', 'N', '0', 'admin', '2024-11-13 14:12:02', '', NULL, '授权操作');
INSERT INTO `sys_dict_data` (`dict_code`, `dict_sort`, `dict_label`, `dict_value`, `dict_type`, `css_class`, `list_class`, `is_default`, `status`, `create_by`, `create_time`, `update_by`, `update_time`, `remark`) VALUES (26, 5, '导出', '5', 'sys_oper_type', '', 'warning', 'N', '0', 'admin', '2024-11-13 14:12:02', '', NULL, '导出操作');
INSERT INTO `sys_dict_data` (`dict_code`, `dict_sort`, `dict_label`, `dict_value`, `dict_type`, `css_class`, `list_class`, `is_default`, `status`, `create_by`, `create_time`, `update_by`, `update_time`, `remark`) VALUES (27, 6, '导入', '6', 'sys_oper_type', '', 'warning', 'N', '0', 'admin', '2024-11-13 14:12:02', '', NULL, '导入操作');
INSERT INTO `sys_dict_data` (`dict_code`, `dict_sort`, `dict_label`, `dict_value`, `dict_type`, `css_class`, `list_class`, `is_default`, `status`, `create_by`, `create_time`, `update_by`, `update_time`, `remark`) VALUES (28, 7, '强退', '7', 'sys_oper_type', '', 'danger', 'N', '0', 'admin', '2024-11-13 14:12:02', '', NULL, '强退操作');
INSERT INTO `sys_dict_data` (`dict_code`, `dict_sort`, `dict_label`, `dict_value`, `dict_type`, `css_class`, `list_class`, `is_default`, `status`, `create_by`, `create_time`, `update_by`, `update_time`, `remark`) VALUES (29, 8, '生成代码', '8', 'sys_oper_type', '', 'warning', 'N', '0', 'admin', '2024-11-13 14:12:02', '', NULL, '生成操作');
INSERT INTO `sys_dict_data` (`dict_code`, `dict_sort`, `dict_label`, `dict_value`, `dict_type`, `css_class`, `list_class`, `is_default`, `status`, `create_by`, `create_time`, `update_by`, `update_time`, `remark`) VALUES (30, 9, '清空数据', '9', 'sys_oper_type', '', 'danger', 'N', '0', 'admin', '2024-11-13 14:12:02', '', NULL, '清空操作');
INSERT INTO `sys_dict_data` (`dict_code`, `dict_sort`, `dict_label`, `dict_value`, `dict_type`, `css_class`, `list_class`, `is_default`, `status`, `create_by`, `create_time`, `update_by`, `update_time`, `remark`) VALUES (31, 1, '成功', '0', 'sys_common_status', '', 'primary', 'N', '0', 'admin', '2024-11-13 14:12:02', '', NULL, '正常状态');
INSERT INTO `sys_dict_data` (`dict_code`, `dict_sort`, `dict_label`, `dict_value`, `dict_type`, `css_class`, `list_class`, `is_default`, `status`, `create_by`, `create_time`, `update_by`, `update_time`, `remark`) VALUES (32, 2, '失败', '1', 'sys_common_status', '', 'danger', 'N', '0', 'admin', '2024-11-13 14:12:02', '', NULL, '停用状态');
INSERT INTO `sys_dict_data` (`dict_code`, `dict_sort`, `dict_label`, `dict_value`, `dict_type`, `css_class`, `list_class`, `is_default`, `status`, `create_by`, `create_time`, `update_by`, `update_time`, `remark`) VALUES (100, 0, '已上架', '1', 'news_status', NULL, 'success', 'N', '0', 'admin', '2024-11-30 13:50:32', 'admin', '2024-11-30 13:50:32', NULL);
INSERT INTO `sys_dict_data` (`dict_code`, `dict_sort`, `dict_label`, `dict_value`, `dict_type`, `css_class`, `list_class`, `is_default`, `status`, `create_by`, `create_time`, `update_by`, `update_time`, `remark`) VALUES (101, 0, '下架', '0', 'news_status', NULL, 'danger', 'N', '0', 'admin', '2024-11-30 13:50:55', 'admin', '2024-11-30 13:50:55', NULL);
INSERT INTO `sys_dict_data` (`dict_code`, `dict_sort`, `dict_label`, `dict_value`, `dict_type`, `css_class`, `list_class`, `is_default`, `status`, `create_by`, `create_time`, `update_by`, `update_time`, `remark`) VALUES (102, 0, '免费', '0', 'new_charge', NULL, 'info', 'N', '0', 'admin', '2024-11-30 13:52:13', 'admin', '2024-11-30 13:52:13', NULL);
INSERT INTO `sys_dict_data` (`dict_code`, `dict_sort`, `dict_label`, `dict_value`, `dict_type`, `css_class`, `list_class`, `is_default`, `status`, `create_by`, `create_time`, `update_by`, `update_time`, `remark`) VALUES (103, 0, '收费', '1', 'new_charge', NULL, 'success', 'N', '0', 'admin', '2024-11-30 13:52:25', 'admin', '2024-11-30 13:52:25', NULL);
INSERT INTO `sys_dict_data` (`dict_code`, `dict_sort`, `dict_label`, `dict_value`, `dict_type`, `css_class`, `list_class`, `is_default`, `status`, `create_by`, `create_time`, `update_by`, `update_time`, `remark`) VALUES (104, 0, '置顶', '1', 'news_top', NULL, 'primary', 'N', '0', 'admin', '2024-11-30 13:56:24', 'admin', '2024-11-30 13:56:32', NULL);
INSERT INTO `sys_dict_data` (`dict_code`, `dict_sort`, `dict_label`, `dict_value`, `dict_type`, `css_class`, `list_class`, `is_default`, `status`, `create_by`, `create_time`, `update_by`, `update_time`, `remark`) VALUES (105, 0, '不置顶', '0', 'news_top', NULL, 'info', 'N', '0', 'admin', '2024-11-30 13:56:50', 'admin', '2024-11-30 13:56:50', NULL);
INSERT INTO `sys_dict_data` (`dict_code`, `dict_sort`, `dict_label`, `dict_value`, `dict_type`, `css_class`, `list_class`, `is_default`, `status`, `create_by`, `create_time`, `update_by`, `update_time`, `remark`) VALUES (106, 0, '未处理', '0', 'cooperation_status', NULL, 'danger', 'N', '0', 'admin', '2024-12-24 14:27:34', 'admin', '2024-12-24 14:28:40', NULL);
INSERT INTO `sys_dict_data` (`dict_code`, `dict_sort`, `dict_label`, `dict_value`, `dict_type`, `css_class`, `list_class`, `is_default`, `status`, `create_by`, `create_time`, `update_by`, `update_time`, `remark`) VALUES (107, 0, '已处理', '1', 'cooperation_status', NULL, 'success', 'N', '0', 'admin', '2024-12-24 14:28:04', 'admin', '2024-12-24 14:28:04', NULL);
INSERT INTO `sys_dict_data` (`dict_code`, `dict_sort`, `dict_label`, `dict_value`, `dict_type`, `css_class`, `list_class`, `is_default`, `status`, `create_by`, `create_time`, `update_by`, `update_time`, `remark`) VALUES (108, 0, '已废弃', '2', 'cooperation_status', NULL, 'info', 'N', '0', 'admin', '2024-12-24 14:28:24', 'admin', '2024-12-24 14:28:24', NULL);
INSERT INTO `sys_dict_data` (`dict_code`, `dict_sort`, `dict_label`, `dict_value`, `dict_type`, `css_class`, `list_class`, `is_default`, `status`, `create_by`, `create_time`, `update_by`, `update_time`, `remark`) VALUES (109, 0, '越野车', '1', 'car_type', NULL, 'primary', 'N', '0', 'admin', '2025-01-17 14:12:25', 'admin', '2025-01-17 14:12:25', NULL);
INSERT INTO `sys_dict_data` (`dict_code`, `dict_sort`, `dict_label`, `dict_value`, `dict_type`, `css_class`, `list_class`, `is_default`, `status`, `create_by`, `create_time`, `update_by`, `update_time`, `remark`) VALUES (110, 0, '小汽车', '2', 'car_type', NULL, 'success', 'N', '0', 'admin', '2025-01-17 14:12:48', 'admin', '2025-01-17 14:12:48', NULL);
INSERT INTO `sys_dict_data` (`dict_code`, `dict_sort`, `dict_label`, `dict_value`, `dict_type`, `css_class`, `list_class`, `is_default`, `status`, `create_by`, `create_time`, `update_by`, `update_time`, `remark`) VALUES (111, 0, '是', '1', 'sys_01_yes_no', NULL, 'success', 'N', '0', 'admin', '2025-02-11 15:14:16', 'admin', '2025-02-11 15:14:16', NULL);
INSERT INTO `sys_dict_data` (`dict_code`, `dict_sort`, `dict_label`, `dict_value`, `dict_type`, `css_class`, `list_class`, `is_default`, `status`, `create_by`, `create_time`, `update_by`, `update_time`, `remark`) VALUES (112, 0, '否', '0', 'sys_01_yes_no', NULL, 'warning', 'N', '0', 'admin', '2025-02-11 15:15:26', 'admin', '2025-02-11 15:15:26', NULL);
INSERT INTO `sys_dict_data` (`dict_code`, `dict_sort`, `dict_label`, `dict_value`, `dict_type`, `css_class`, `list_class`, `is_default`, `status`, `create_by`, `create_time`, `update_by`, `update_time`, `remark`) VALUES (113, 0, '左', 'left', 'field_align', NULL, 'primary', 'N', '0', 'admin', '2025-02-11 15:19:41', 'admin', '2025-02-11 15:19:41', NULL);
INSERT INTO `sys_dict_data` (`dict_code`, `dict_sort`, `dict_label`, `dict_value`, `dict_type`, `css_class`, `list_class`, `is_default`, `status`, `create_by`, `create_time`, `update_by`, `update_time`, `remark`) VALUES (114, 0, '右', 'right', 'field_align', NULL, 'success', 'N', '0', 'admin', '2025-02-11 15:20:00', 'admin', '2025-02-11 15:20:00', NULL);
INSERT INTO `sys_dict_data` (`dict_code`, `dict_sort`, `dict_label`, `dict_value`, `dict_type`, `css_class`, `list_class`, `is_default`, `status`, `create_by`, `create_time`, `update_by`, `update_time`, `remark`) VALUES (115, 0, '中', 'center', 'field_align', NULL, 'danger', 'N', '0', 'admin', '2025-02-11 15:20:16', 'admin', '2025-02-11 15:20:16', NULL);
COMMIT;

-- ----------------------------
-- Table structure for sys_dict_type
-- ----------------------------
DROP TABLE IF EXISTS `sys_dict_type`;
CREATE TABLE `sys_dict_type` (
  `dict_id` bigint NOT NULL AUTO_INCREMENT COMMENT '字典主键',
  `dict_name` varchar(100) DEFAULT '' COMMENT '字典名称',
  `dict_type` varchar(100) DEFAULT '' COMMENT '字典类型',
  `status` char(1) DEFAULT '0' COMMENT '状态（0正常 1停用）',
  `create_by` varchar(64) DEFAULT '' COMMENT '创建者',
  `create_time` datetime DEFAULT NULL COMMENT '创建时间',
  `update_by` varchar(64) DEFAULT '' COMMENT '更新者',
  `update_time` datetime DEFAULT NULL COMMENT '更新时间',
  `remark` varchar(500) DEFAULT NULL COMMENT '备注',
  PRIMARY KEY (`dict_id`) USING BTREE,
  UNIQUE KEY `dict_type` (`dict_type`) USING BTREE
) ENGINE=InnoDB AUTO_INCREMENT=109 DEFAULT CHARSET=utf8mb4 COLLATE=utf8mb4_0900_ai_ci COMMENT='字典类型表';

-- ----------------------------
-- Records of sys_dict_type
-- ----------------------------
BEGIN;
INSERT INTO `sys_dict_type` (`dict_id`, `dict_name`, `dict_type`, `status`, `create_by`, `create_time`, `update_by`, `update_time`, `remark`) VALUES (1, '用户性别', 'sys_user_sex', '0', 'admin', '2024-11-13 14:12:02', '', NULL, '用户性别列表');
INSERT INTO `sys_dict_type` (`dict_id`, `dict_name`, `dict_type`, `status`, `create_by`, `create_time`, `update_by`, `update_time`, `remark`) VALUES (2, '菜单状态', 'sys_show_hide', '0', 'admin', '2024-11-13 14:12:02', '', NULL, '菜单状态列表');
INSERT INTO `sys_dict_type` (`dict_id`, `dict_name`, `dict_type`, `status`, `create_by`, `create_time`, `update_by`, `update_time`, `remark`) VALUES (3, '系统开关', 'sys_normal_disable', '0', 'admin', '2024-11-13 14:12:02', '', NULL, '系统开关列表');
INSERT INTO `sys_dict_type` (`dict_id`, `dict_name`, `dict_type`, `status`, `create_by`, `create_time`, `update_by`, `update_time`, `remark`) VALUES (4, '任务状态', 'sys_job_status', '0', 'admin', '2024-11-13 14:12:02', '', NULL, '任务状态列表');
INSERT INTO `sys_dict_type` (`dict_id`, `dict_name`, `dict_type`, `status`, `create_by`, `create_time`, `update_by`, `update_time`, `remark`) VALUES (5, '任务分组', 'sys_job_group', '0', 'admin', '2024-11-13 14:12:02', '', NULL, '任务分组列表');
INSERT INTO `sys_dict_type` (`dict_id`, `dict_name`, `dict_type`, `status`, `create_by`, `create_time`, `update_by`, `update_time`, `remark`) VALUES (6, '任务执行器', 'sys_job_executor', '0', 'admin', '2024-11-13 14:12:02', '', NULL, '任务执行器列表');
INSERT INTO `sys_dict_type` (`dict_id`, `dict_name`, `dict_type`, `status`, `create_by`, `create_time`, `update_by`, `update_time`, `remark`) VALUES (7, '系统是否', 'sys_yes_no', '0', 'admin', '2024-11-13 14:12:02', '', NULL, '系统是否列表');
INSERT INTO `sys_dict_type` (`dict_id`, `dict_name`, `dict_type`, `status`, `create_by`, `create_time`, `update_by`, `update_time`, `remark`) VALUES (8, '通知类型', 'sys_notice_type', '0', 'admin', '2024-11-13 14:12:02', '', NULL, '通知类型列表');
INSERT INTO `sys_dict_type` (`dict_id`, `dict_name`, `dict_type`, `status`, `create_by`, `create_time`, `update_by`, `update_time`, `remark`) VALUES (9, '通知状态', 'sys_notice_status', '0', 'admin', '2024-11-13 14:12:02', '', NULL, '通知状态列表');
INSERT INTO `sys_dict_type` (`dict_id`, `dict_name`, `dict_type`, `status`, `create_by`, `create_time`, `update_by`, `update_time`, `remark`) VALUES (10, '操作类型', 'sys_oper_type', '0', 'admin', '2024-11-13 14:12:02', '', NULL, '操作类型列表');
INSERT INTO `sys_dict_type` (`dict_id`, `dict_name`, `dict_type`, `status`, `create_by`, `create_time`, `update_by`, `update_time`, `remark`) VALUES (11, '系统状态', 'sys_common_status', '0', 'admin', '2024-11-13 14:12:02', '', NULL, '登录状态列表');
INSERT INTO `sys_dict_type` (`dict_id`, `dict_name`, `dict_type`, `status`, `create_by`, `create_time`, `update_by`, `update_time`, `remark`) VALUES (101, 'test', 'test', '0', 'admin', '2024-11-16 10:10:04', 'admin', '2024-11-16 10:10:04', NULL);
INSERT INTO `sys_dict_type` (`dict_id`, `dict_name`, `dict_type`, `status`, `create_by`, `create_time`, `update_by`, `update_time`, `remark`) VALUES (102, '新闻上架状态', 'news_status', '0', 'admin', '2024-11-30 13:49:17', 'admin', '2024-11-30 13:49:17', NULL);
INSERT INTO `sys_dict_type` (`dict_id`, `dict_name`, `dict_type`, `status`, `create_by`, `create_time`, `update_by`, `update_time`, `remark`) VALUES (103, '新闻收费状态', 'new_charge', '0', 'admin', '2024-11-30 13:51:33', 'admin', '2024-11-30 13:51:33', NULL);
INSERT INTO `sys_dict_type` (`dict_id`, `dict_name`, `dict_type`, `status`, `create_by`, `create_time`, `update_by`, `update_time`, `remark`) VALUES (104, '新闻置顶', 'news_top', '0', 'admin', '2024-11-30 13:53:04', 'admin', '2024-11-30 13:53:04', NULL);
INSERT INTO `sys_dict_type` (`dict_id`, `dict_name`, `dict_type`, `status`, `create_by`, `create_time`, `update_by`, `update_time`, `remark`) VALUES (105, '合作意向状态', 'cooperation_status', '0', 'admin', '2024-12-24 14:26:48', 'admin', '2024-12-24 14:26:48', NULL);
INSERT INTO `sys_dict_type` (`dict_id`, `dict_name`, `dict_type`, `status`, `create_by`, `create_time`, `update_by`, `update_time`, `remark`) VALUES (106, '车辆类型', 'car_type', '0', 'admin', '2025-01-17 14:11:44', 'admin', '2025-01-17 14:11:44', NULL);
INSERT INTO `sys_dict_type` (`dict_id`, `dict_name`, `dict_type`, `status`, `create_by`, `create_time`, `update_by`, `update_time`, `remark`) VALUES (107, '0-1是否', 'sys_01_yes_no', '0', 'admin', '2025-02-11 15:13:49', 'admin', '2025-02-11 15:13:49', NULL);
INSERT INTO `sys_dict_type` (`dict_id`, `dict_name`, `dict_type`, `status`, `create_by`, `create_time`, `update_by`, `update_time`, `remark`) VALUES (108, '字段居中类型', 'field_align', '0', 'admin', '2025-02-11 15:19:15', 'admin', '2025-02-11 15:19:15', NULL);
COMMIT;

-- ----------------------------
-- Table structure for sys_job
-- ----------------------------
DROP TABLE IF EXISTS `sys_job`;
CREATE TABLE `sys_job` (
  `job_id` bigint NOT NULL AUTO_INCREMENT COMMENT '任务ID',
  `job_name` varchar(64) NOT NULL DEFAULT '' COMMENT '任务名称',
  `job_group` varchar(64) NOT NULL DEFAULT 'default' COMMENT '任务组名',
  `job_executor` varchar(64) DEFAULT 'default' COMMENT '任务执行器',
  `invoke_target` varchar(500) NOT NULL COMMENT '调用目标字符串',
  `job_args` varchar(255) DEFAULT '' COMMENT '位置参数',
  `job_kwargs` varchar(255) DEFAULT '' COMMENT '关键字参数',
  `cron_expression` varchar(255) DEFAULT '' COMMENT 'cron执行表达式',
  `misfire_policy` varchar(20) DEFAULT '3' COMMENT '计划执行错误策略（1立即执行 2执行一次 3放弃执行）',
  `concurrent` char(1) DEFAULT '1' COMMENT '是否并发执行（0允许 1禁止）',
  `status` char(1) DEFAULT '0' COMMENT '状态（0正常 1暂停）',
  `create_by` varchar(64) DEFAULT '' COMMENT '创建者',
  `create_time` datetime DEFAULT NULL COMMENT '创建时间',
  `update_by` varchar(64) DEFAULT '' COMMENT '更新者',
  `update_time` datetime DEFAULT NULL COMMENT '更新时间',
  `remark` varchar(500) DEFAULT '' COMMENT '备注信息',
  PRIMARY KEY (`job_id`,`job_name`,`job_group`) USING BTREE
) ENGINE=InnoDB AUTO_INCREMENT=101 DEFAULT CHARSET=utf8mb4 COLLATE=utf8mb4_0900_ai_ci COMMENT='定时任务调度表';

-- ----------------------------
-- Records of sys_job
-- ----------------------------
BEGIN;
INSERT INTO `sys_job` (`job_id`, `job_name`, `job_group`, `job_executor`, `invoke_target`, `job_args`, `job_kwargs`, `cron_expression`, `misfire_policy`, `concurrent`, `status`, `create_by`, `create_time`, `update_by`, `update_time`, `remark`) VALUES (1, '系统默认（无参）', 'default', 'default', 'module_task.scheduler_test.job', NULL, NULL, '0/10 * * * * ?', '3', '1', '1', 'admin', '2024-11-13 14:12:02', '', NULL, '');
INSERT INTO `sys_job` (`job_id`, `job_name`, `job_group`, `job_executor`, `invoke_target`, `job_args`, `job_kwargs`, `cron_expression`, `misfire_policy`, `concurrent`, `status`, `create_by`, `create_time`, `update_by`, `update_time`, `remark`) VALUES (2, '系统默认（有参）', 'default', 'default', 'module_task.scheduler_test.job', 'test', NULL, '0/15 * * * * ?', '3', '1', '1', 'admin', '2024-11-13 14:12:02', '', NULL, '');
INSERT INTO `sys_job` (`job_id`, `job_name`, `job_group`, `job_executor`, `invoke_target`, `job_args`, `job_kwargs`, `cron_expression`, `misfire_policy`, `concurrent`, `status`, `create_by`, `create_time`, `update_by`, `update_time`, `remark`) VALUES (3, '系统默认（多参）', 'default', 'default', 'module_task.scheduler_test.job', 'new', '{\"test\": 111}', '0/20 * * * * ?', '3', '1', '1', 'admin', '2024-11-13 14:12:02', '', NULL, '');
INSERT INTO `sys_job` (`job_id`, `job_name`, `job_group`, `job_executor`, `invoke_target`, `job_args`, `job_kwargs`, `cron_expression`, `misfire_policy`, `concurrent`, `status`, `create_by`, `create_time`, `update_by`, `update_time`, `remark`) VALUES (100, '文章每日生成', 'default', 'default', 'module_task.scheduler_test.gen_article_job', '', '', '0 0 0 1/1 * ?', '1', '1', '0', 'admin', '2024-11-29 15:42:14', 'admin', '2025-01-02 09:28:41', '');
COMMIT;

-- ----------------------------
-- Table structure for sys_job_log
-- ----------------------------
DROP TABLE IF EXISTS `sys_job_log`;
CREATE TABLE `sys_job_log` (
  `job_log_id` bigint NOT NULL AUTO_INCREMENT COMMENT '任务日志ID',
  `job_name` varchar(64) NOT NULL COMMENT '任务名称',
  `job_group` varchar(64) NOT NULL COMMENT '任务组名',
  `job_executor` varchar(64) NOT NULL COMMENT '任务执行器',
  `invoke_target` varchar(500) NOT NULL COMMENT '调用目标字符串',
  `job_args` varchar(255) DEFAULT '' COMMENT '位置参数',
  `job_kwargs` varchar(255) DEFAULT '' COMMENT '关键字参数',
  `job_trigger` varchar(255) DEFAULT '' COMMENT '任务触发器',
  `job_message` varchar(500) DEFAULT NULL COMMENT '日志信息',
  `status` char(1) DEFAULT '0' COMMENT '执行状态（0正常 1失败）',
  `exception_info` varchar(2000) DEFAULT '' COMMENT '异常信息',
  `create_time` datetime DEFAULT NULL COMMENT '创建时间',
  PRIMARY KEY (`job_log_id`) USING BTREE
) ENGINE=InnoDB AUTO_INCREMENT=310 DEFAULT CHARSET=utf8mb4 COLLATE=utf8mb4_0900_ai_ci COMMENT='定时任务调度日志表';

-- ----------------------------
-- Records of sys_job_log
-- ----------------------------
BEGIN;
INSERT INTO `sys_job_log` (`job_log_id`, `job_name`, `job_group`, `job_executor`, `invoke_target`, `job_args`, `job_kwargs`, `job_trigger`, `job_message`, `status`, `exception_info`, `create_time`) VALUES (295, '文章每日生成', 'default', 'default', 'module_task.scheduler_test:gen_article_job', '', '{}', 'cron[month=\'*\', day=\'1/1\', hour=\'0\', minute=\'0\', second=\'0\']', '事件类型: JobSubmissionEvent, 任务ID: 100, 任务名称: 文章每日生成, 执行于2025-01-14 00:03:19', '0', '', '2025-01-14 00:03:19');
INSERT INTO `sys_job_log` (`job_log_id`, `job_name`, `job_group`, `job_executor`, `invoke_target`, `job_args`, `job_kwargs`, `job_trigger`, `job_message`, `status`, `exception_info`, `create_time`) VALUES (296, '文章每日生成', 'default', 'default', 'module_task.scheduler_test:gen_article_job', '', '{}', 'cron[month=\'*\', day=\'1/1\', hour=\'0\', minute=\'0\', second=\'0\']', '事件类型: JobExecutionEvent, 任务ID: 100, 任务名称: 文章每日生成, 执行于2025-01-14 00:03:19', '1', 'Error code: 401 - {\'error\': {\'message\': \'Incorrect API key provided. \', \'type\': \'invalid_request_error\', \'param\': None, \'code\': \'invalid_api_key\'}, \'request_id\': \'92226003-d819-9e58-b207-f154dee58c73\'}', '2025-01-14 00:03:20');
INSERT INTO `sys_job_log` (`job_log_id`, `job_name`, `job_group`, `job_executor`, `invoke_target`, `job_args`, `job_kwargs`, `job_trigger`, `job_message`, `status`, `exception_info`, `create_time`) VALUES (297, '文章每日生成', 'default', 'default', 'module_task.scheduler_test:gen_article_job', '', '{}', 'cron[month=\'*\', day=\'1/1\', hour=\'0\', minute=\'0\', second=\'0\']', '事件类型: JobSubmissionEvent, 任务ID: 100, 任务名称: 文章每日生成, 执行于2025-01-15 00:06:52', '0', '', '2025-01-15 00:06:53');
INSERT INTO `sys_job_log` (`job_log_id`, `job_name`, `job_group`, `job_executor`, `invoke_target`, `job_args`, `job_kwargs`, `job_trigger`, `job_message`, `status`, `exception_info`, `create_time`) VALUES (298, '文章每日生成', 'default', 'default', 'module_task.scheduler_test:gen_article_job', '', '{}', 'cron[month=\'*\', day=\'1/1\', hour=\'0\', minute=\'0\', second=\'0\']', '事件类型: JobExecutionEvent, 任务ID: 100, 任务名称: 文章每日生成, 执行于2025-01-15 00:06:53', '1', 'Error code: 401 - {\'error\': {\'message\': \'Incorrect API key provided. \', \'type\': \'invalid_request_error\', \'param\': None, \'code\': \'invalid_api_key\'}, \'request_id\': \'28e4d7e1-e5d7-912c-8104-c82dcc94fb79\'}', '2025-01-15 00:06:53');
INSERT INTO `sys_job_log` (`job_log_id`, `job_name`, `job_group`, `job_executor`, `invoke_target`, `job_args`, `job_kwargs`, `job_trigger`, `job_message`, `status`, `exception_info`, `create_time`) VALUES (299, '文章每日生成', 'default', 'default', 'module_task.scheduler_test:gen_article_job', '', '{}', 'cron[month=\'*\', day=\'1/1\', hour=\'0\', minute=\'0\', second=\'0\']', '事件类型: JobSubmissionEvent, 任务ID: 100, 任务名称: 文章每日生成, 执行于2025-01-16 00:00:22', '0', '', '2025-01-16 00:00:22');
INSERT INTO `sys_job_log` (`job_log_id`, `job_name`, `job_group`, `job_executor`, `invoke_target`, `job_args`, `job_kwargs`, `job_trigger`, `job_message`, `status`, `exception_info`, `create_time`) VALUES (300, '文章每日生成', 'default', 'default', 'module_task.scheduler_test:gen_article_job', '', '{}', 'cron[month=\'*\', day=\'1/1\', hour=\'0\', minute=\'0\', second=\'0\']', '事件类型: JobExecutionEvent, 任务ID: 100, 任务名称: 文章每日生成, 执行于2025-01-16 00:00:23', '1', 'Error code: 401 - {\'error\': {\'message\': \'Incorrect API key provided. \', \'type\': \'invalid_request_error\', \'param\': None, \'code\': \'invalid_api_key\'}, \'request_id\': \'01c6dd84-c7c0-9583-9b6d-48dc5449517d\'}', '2025-01-16 00:00:23');
INSERT INTO `sys_job_log` (`job_log_id`, `job_name`, `job_group`, `job_executor`, `invoke_target`, `job_args`, `job_kwargs`, `job_trigger`, `job_message`, `status`, `exception_info`, `create_time`) VALUES (301, '文章每日生成', 'default', 'default', 'module_task.scheduler_test:gen_article_job', '', '{}', 'cron[month=\'*\', day=\'1/1\', hour=\'0\', minute=\'0\', second=\'0\']', '事件类型: JobSubmissionEvent, 任务ID: 100, 任务名称: 文章每日生成, 执行于2025-01-17 00:00:20', '0', '', '2025-01-17 00:00:20');
INSERT INTO `sys_job_log` (`job_log_id`, `job_name`, `job_group`, `job_executor`, `invoke_target`, `job_args`, `job_kwargs`, `job_trigger`, `job_message`, `status`, `exception_info`, `create_time`) VALUES (302, '文章每日生成', 'default', 'default', 'module_task.scheduler_test:gen_article_job', '', '{}', 'cron[month=\'*\', day=\'1/1\', hour=\'0\', minute=\'0\', second=\'0\']', '事件类型: JobExecutionEvent, 任务ID: 100, 任务名称: 文章每日生成, 执行于2025-01-17 00:00:20', '1', 'Error code: 401 - {\'error\': {\'message\': \'Incorrect API key provided. \', \'type\': \'invalid_request_error\', \'param\': None, \'code\': \'invalid_api_key\'}, \'request_id\': \'837660d4-4d47-9930-8dd5-de699c8f78bc\'}', '2025-01-17 00:00:21');
INSERT INTO `sys_job_log` (`job_log_id`, `job_name`, `job_group`, `job_executor`, `invoke_target`, `job_args`, `job_kwargs`, `job_trigger`, `job_message`, `status`, `exception_info`, `create_time`) VALUES (303, '文章每日生成', 'default', 'default', 'module_task.scheduler_test:gen_article_job', '', '{}', 'cron[month=\'*\', day=\'1/1\', hour=\'0\', minute=\'0\', second=\'0\']', '事件类型: JobSubmissionEvent, 任务ID: 100, 任务名称: 文章每日生成, 执行于2025-01-18 00:00:00', '0', '', '2025-01-18 00:00:00');
INSERT INTO `sys_job_log` (`job_log_id`, `job_name`, `job_group`, `job_executor`, `invoke_target`, `job_args`, `job_kwargs`, `job_trigger`, `job_message`, `status`, `exception_info`, `create_time`) VALUES (304, '文章每日生成', 'default', 'default', 'module_task.scheduler_test:gen_article_job', '', '{}', 'cron[month=\'*\', day=\'1/1\', hour=\'0\', minute=\'0\', second=\'0\']', '事件类型: JobExecutionEvent, 任务ID: 100, 任务名称: 文章每日生成, 执行于2025-01-18 00:00:00', '1', 'Error code: 401 - {\'error\': {\'message\': \'Incorrect API key provided. \', \'type\': \'invalid_request_error\', \'param\': None, \'code\': \'invalid_api_key\'}, \'request_id\': \'f94031af-4016-9ead-b6c7-d0f030f73b13\'}', '2025-01-18 00:00:00');
INSERT INTO `sys_job_log` (`job_log_id`, `job_name`, `job_group`, `job_executor`, `invoke_target`, `job_args`, `job_kwargs`, `job_trigger`, `job_message`, `status`, `exception_info`, `create_time`) VALUES (305, '文章每日生成', 'default', 'default', 'module_task.scheduler_test:gen_article_job', '', '{}', 'cron[month=\'*\', day=\'1/1\', hour=\'0\', minute=\'0\', second=\'0\']', '事件类型: JobSubmissionEvent, 任务ID: 100, 任务名称: 文章每日生成, 执行于2025-01-21 00:00:30', '0', '', '2025-01-21 00:00:31');
INSERT INTO `sys_job_log` (`job_log_id`, `job_name`, `job_group`, `job_executor`, `invoke_target`, `job_args`, `job_kwargs`, `job_trigger`, `job_message`, `status`, `exception_info`, `create_time`) VALUES (306, '文章每日生成', 'default', 'default', 'module_task.scheduler_test:gen_article_job', '', '{}', 'cron[month=\'*\', day=\'1/1\', hour=\'0\', minute=\'0\', second=\'0\']', '事件类型: JobSubmissionEvent, 任务ID: 100, 任务名称: 文章每日生成, 执行于2025-02-11 00:14:29', '0', '', '2025-02-11 00:14:30');
INSERT INTO `sys_job_log` (`job_log_id`, `job_name`, `job_group`, `job_executor`, `invoke_target`, `job_args`, `job_kwargs`, `job_trigger`, `job_message`, `status`, `exception_info`, `create_time`) VALUES (307, '文章每日生成', 'default', 'default', 'module_task.scheduler_test:gen_article_job', '', '{}', 'cron[month=\'*\', day=\'1/1\', hour=\'0\', minute=\'0\', second=\'0\']', '事件类型: JobExecutionEvent, 任务ID: 100, 任务名称: 文章每日生成, 执行于2025-02-11 00:14:30', '0', '', '2025-02-11 00:14:30');
INSERT INTO `sys_job_log` (`job_log_id`, `job_name`, `job_group`, `job_executor`, `invoke_target`, `job_args`, `job_kwargs`, `job_trigger`, `job_message`, `status`, `exception_info`, `create_time`) VALUES (308, '文章每日生成', 'default', 'default', 'module_task.scheduler_test:gen_article_job', '', '{}', 'cron[month=\'*\', day=\'1/1\', hour=\'0\', minute=\'0\', second=\'0\']', '事件类型: JobSubmissionEvent, 任务ID: 100, 任务名称: 文章每日生成, 执行于2025-02-12 00:12:05', '0', '', '2025-02-12 00:12:05');
INSERT INTO `sys_job_log` (`job_log_id`, `job_name`, `job_group`, `job_executor`, `invoke_target`, `job_args`, `job_kwargs`, `job_trigger`, `job_message`, `status`, `exception_info`, `create_time`) VALUES (309, '文章每日生成', 'default', 'default', 'module_task.scheduler_test:gen_article_job', '', '{}', 'cron[month=\'*\', day=\'1/1\', hour=\'0\', minute=\'0\', second=\'0\']', '事件类型: JobExecutionEvent, 任务ID: 100, 任务名称: 文章每日生成, 执行于2025-02-12 00:12:05', '0', '', '2025-02-12 00:12:05');
COMMIT;

-- ----------------------------
-- Table structure for sys_logininfor
-- ----------------------------
DROP TABLE IF EXISTS `sys_logininfor`;
CREATE TABLE `sys_logininfor` (
  `info_id` bigint NOT NULL AUTO_INCREMENT COMMENT '访问ID',
  `user_name` varchar(50) DEFAULT '' COMMENT '用户账号',
  `ipaddr` varchar(128) DEFAULT '' COMMENT '登录IP地址',
  `login_location` varchar(255) DEFAULT '' COMMENT '登录地点',
  `browser` varchar(50) DEFAULT '' COMMENT '浏览器类型',
  `os` varchar(50) DEFAULT '' COMMENT '操作系统',
  `status` char(1) DEFAULT '0' COMMENT '登录状态（0成功 1失败）',
  `msg` varchar(255) DEFAULT '' COMMENT '提示消息',
  `login_time` datetime DEFAULT NULL COMMENT '访问时间',
  PRIMARY KEY (`info_id`) USING BTREE,
  KEY `idx_sys_logininfor_s` (`status`) USING BTREE,
  KEY `idx_sys_logininfor_lt` (`login_time`) USING BTREE
) ENGINE=InnoDB AUTO_INCREMENT=198 DEFAULT CHARSET=utf8mb4 COLLATE=utf8mb4_0900_ai_ci COMMENT='系统访问记录';

-- ----------------------------
-- Records of sys_logininfor
-- ----------------------------
BEGIN;
INSERT INTO `sys_logininfor` (`info_id`, `user_name`, `ipaddr`, `login_location`, `browser`, `os`, `status`, `msg`, `login_time`) VALUES (185, 'admin', '', '内网IP', 'Chrome 131', 'Mac OS X 10', '0', '登录成功', '2025-01-13 13:47:45');
INSERT INTO `sys_logininfor` (`info_id`, `user_name`, `ipaddr`, `login_location`, `browser`, `os`, `status`, `msg`, `login_time`) VALUES (186, 'admin', '', '内网IP', 'Chrome 131', 'Mac OS X 10', '0', '登录成功', '2025-01-20 10:46:46');
INSERT INTO `sys_logininfor` (`info_id`, `user_name`, `ipaddr`, `login_location`, `browser`, `os`, `status`, `msg`, `login_time`) VALUES (187, 'admin', '', '内网IP', 'Chrome 131', 'Mac OS X 10', '0', '登录成功', '2025-01-20 16:15:55');
INSERT INTO `sys_logininfor` (`info_id`, `user_name`, `ipaddr`, `login_location`, `browser`, `os`, `status`, `msg`, `login_time`) VALUES (188, 'admin', '', '内网IP', 'Chrome 131', 'Mac OS X 10', '1', '密码错误', '2025-02-02 22:59:51');
INSERT INTO `sys_logininfor` (`info_id`, `user_name`, `ipaddr`, `login_location`, `browser`, `os`, `status`, `msg`, `login_time`) VALUES (189, 'admin', '', '内网IP', 'Chrome 131', 'Mac OS X 10', '1', '验证码错误', '2025-02-02 23:00:09');
INSERT INTO `sys_logininfor` (`info_id`, `user_name`, `ipaddr`, `login_location`, `browser`, `os`, `status`, `msg`, `login_time`) VALUES (190, 'admin', '', '内网IP', 'Chrome 131', 'Mac OS X 10', '1', '密码错误', '2025-02-02 23:00:20');
INSERT INTO `sys_logininfor` (`info_id`, `user_name`, `ipaddr`, `login_location`, `browser`, `os`, `status`, `msg`, `login_time`) VALUES (191, 'admin', '', '内网IP', 'Chrome 131', 'Mac OS X 10', '1', '密码错误', '2025-02-02 23:01:26');
INSERT INTO `sys_logininfor` (`info_id`, `user_name`, `ipaddr`, `login_location`, `browser`, `os`, `status`, `msg`, `login_time`) VALUES (192, 'admin', '', '内网IP', 'Chrome 131', 'Mac OS X 10', '1', '密码错误', '2025-02-02 23:02:13');
INSERT INTO `sys_logininfor` (`info_id`, `user_name`, `ipaddr`, `login_location`, `browser`, `os`, `status`, `msg`, `login_time`) VALUES (193, 'admin', '', '内网IP', 'Chrome 131', 'Mac OS X 10', '1', '密码错误', '2025-02-05 08:29:35');
INSERT INTO `sys_logininfor` (`info_id`, `user_name`, `ipaddr`, `login_location`, `browser`, `os`, `status`, `msg`, `login_time`) VALUES (194, 'admin', '', '内网IP', 'Chrome 131', 'Mac OS X 10', '1', '密码错误', '2025-02-05 08:29:47');
INSERT INTO `sys_logininfor` (`info_id`, `user_name`, `ipaddr`, `login_location`, `browser`, `os`, `status`, `msg`, `login_time`) VALUES (195, 'admin', '', '内网IP', 'Chrome 131', 'Mac OS X 10', '0', '登录成功', '2025-02-05 08:29:55');
INSERT INTO `sys_logininfor` (`info_id`, `user_name`, `ipaddr`, `login_location`, `browser`, `os`, `status`, `msg`, `login_time`) VALUES (196, 'admin', '', '内网IP', 'Chrome 132', 'Mac OS X 10', '1', '密码错误', '2025-02-10 11:08:40');
INSERT INTO `sys_logininfor` (`info_id`, `user_name`, `ipaddr`, `login_location`, `browser`, `os`, `status`, `msg`, `login_time`) VALUES (197, 'admin', '', '内网IP', 'Chrome 132', 'Mac OS X 10', '0', '登录成功', '2025-02-10 11:08:51');
COMMIT;

-- ----------------------------
-- Table structure for sys_menu
-- ----------------------------
DROP TABLE IF EXISTS `sys_menu`;
CREATE TABLE `sys_menu` (
  `menu_id` bigint NOT NULL AUTO_INCREMENT COMMENT '菜单ID',
  `menu_name` varchar(50) NOT NULL COMMENT '菜单名称',
  `parent_id` bigint DEFAULT '0' COMMENT '父菜单ID',
  `order_num` int DEFAULT '0' COMMENT '显示顺序',
  `path` varchar(200) DEFAULT '' COMMENT '路由地址',
  `component` varchar(255) DEFAULT NULL COMMENT '组件路径',
  `query` varchar(255) DEFAULT NULL COMMENT '路由参数',
  `route_name` varchar(50) DEFAULT '' COMMENT '路由名称',
  `is_frame` int DEFAULT '1' COMMENT '是否为外链（0是 1否）',
  `is_cache` int DEFAULT '0' COMMENT '是否缓存（0缓存 1不缓存）',
  `menu_type` char(1) DEFAULT '' COMMENT '菜单类型（M目录 C菜单 F按钮）',
  `visible` char(1) DEFAULT '0' COMMENT '菜单状态（0显示 1隐藏）',
  `status` char(1) DEFAULT '0' COMMENT '菜单状态（0正常 1停用）',
  `perms` varchar(100) DEFAULT NULL COMMENT '权限标识',
  `icon` varchar(100) DEFAULT '#' COMMENT '菜单图标',
  `create_by` varchar(64) DEFAULT '' COMMENT '创建者',
  `create_time` datetime DEFAULT NULL COMMENT '创建时间',
  `update_by` varchar(64) DEFAULT '' COMMENT '更新者',
  `update_time` datetime DEFAULT NULL COMMENT '更新时间',
  `remark` varchar(500) DEFAULT '' COMMENT '备注',
  PRIMARY KEY (`menu_id`) USING BTREE
) ENGINE=InnoDB AUTO_INCREMENT=2065 DEFAULT CHARSET=utf8mb4 COLLATE=utf8mb4_0900_ai_ci COMMENT='菜单权限表';

-- ----------------------------
-- Records of sys_menu
-- ----------------------------
BEGIN;
INSERT INTO `sys_menu` (`menu_id`, `menu_name`, `parent_id`, `order_num`, `path`, `component`, `query`, `route_name`, `is_frame`, `is_cache`, `menu_type`, `visible`, `status`, `perms`, `icon`, `create_by`, `create_time`, `update_by`, `update_time`, `remark`) VALUES (1, '系统管理', 0, 1, 'system', NULL, '', '', 1, 0, 'M', '0', '0', '', 'system', 'admin', '2024-11-13 14:12:02', '', NULL, '系统管理目录');
INSERT INTO `sys_menu` (`menu_id`, `menu_name`, `parent_id`, `order_num`, `path`, `component`, `query`, `route_name`, `is_frame`, `is_cache`, `menu_type`, `visible`, `status`, `perms`, `icon`, `create_by`, `create_time`, `update_by`, `update_time`, `remark`) VALUES (2, '系统监控', 0, 2, 'monitor', NULL, '', '', 1, 0, 'M', '0', '0', '', 'monitor', 'admin', '2024-11-13 14:12:02', '', NULL, '系统监控目录');
INSERT INTO `sys_menu` (`menu_id`, `menu_name`, `parent_id`, `order_num`, `path`, `component`, `query`, `route_name`, `is_frame`, `is_cache`, `menu_type`, `visible`, `status`, `perms`, `icon`, `create_by`, `create_time`, `update_by`, `update_time`, `remark`) VALUES (3, '系统工具', 0, 3, 'tool', NULL, '', '', 1, 0, 'M', '0', '0', '', 'tool', 'admin', '2024-11-13 14:12:02', '', NULL, '系统工具目录');
INSERT INTO `sys_menu` (`menu_id`, `menu_name`, `parent_id`, `order_num`, `path`, `component`, `query`, `route_name`, `is_frame`, `is_cache`, `menu_type`, `visible`, `status`, `perms`, `icon`, `create_by`, `create_time`, `update_by`, `update_time`, `remark`) VALUES (100, '用户管理', 1, 1, 'user', 'system/user/index', '', '', 1, 0, 'C', '0', '0', 'system:user:list', 'user', 'admin', '2024-11-13 14:12:02', '', NULL, '用户管理菜单');
INSERT INTO `sys_menu` (`menu_id`, `menu_name`, `parent_id`, `order_num`, `path`, `component`, `query`, `route_name`, `is_frame`, `is_cache`, `menu_type`, `visible`, `status`, `perms`, `icon`, `create_by`, `create_time`, `update_by`, `update_time`, `remark`) VALUES (101, '角色管理', 1, 2, 'role', 'system/role/index', '', '', 1, 0, 'C', '0', '0', 'system:role:list', 'peoples', 'admin', '2024-11-13 14:12:02', '', NULL, '角色管理菜单');
INSERT INTO `sys_menu` (`menu_id`, `menu_name`, `parent_id`, `order_num`, `path`, `component`, `query`, `route_name`, `is_frame`, `is_cache`, `menu_type`, `visible`, `status`, `perms`, `icon`, `create_by`, `create_time`, `update_by`, `update_time`, `remark`) VALUES (102, '菜单管理', 1, 3, 'menu', 'system/menu/index', '', '', 1, 0, 'C', '0', '0', 'system:menu:list', 'tree-table', 'admin', '2024-11-13 14:12:02', '', NULL, '菜单管理菜单');
INSERT INTO `sys_menu` (`menu_id`, `menu_name`, `parent_id`, `order_num`, `path`, `component`, `query`, `route_name`, `is_frame`, `is_cache`, `menu_type`, `visible`, `status`, `perms`, `icon`, `create_by`, `create_time`, `update_by`, `update_time`, `remark`) VALUES (103, '部门管理', 1, 4, 'dept', 'system/dept/index', '', '', 1, 0, 'C', '0', '0', 'system:dept:list', 'tree', 'admin', '2024-11-13 14:12:02', '', NULL, '部门管理菜单');
INSERT INTO `sys_menu` (`menu_id`, `menu_name`, `parent_id`, `order_num`, `path`, `component`, `query`, `route_name`, `is_frame`, `is_cache`, `menu_type`, `visible`, `status`, `perms`, `icon`, `create_by`, `create_time`, `update_by`, `update_time`, `remark`) VALUES (104, '岗位管理', 1, 5, 'post', 'system/post/index', '', '', 1, 0, 'C', '0', '0', 'system:post:list', 'post', 'admin', '2024-11-13 14:12:02', '', NULL, '岗位管理菜单');
INSERT INTO `sys_menu` (`menu_id`, `menu_name`, `parent_id`, `order_num`, `path`, `component`, `query`, `route_name`, `is_frame`, `is_cache`, `menu_type`, `visible`, `status`, `perms`, `icon`, `create_by`, `create_time`, `update_by`, `update_time`, `remark`) VALUES (105, '字典管理', 1, 6, 'dict', 'system/dict/index', '', '', 1, 0, 'C', '0', '0', 'system:dict:list', 'dict', 'admin', '2024-11-13 14:12:02', '', NULL, '字典管理菜单');
INSERT INTO `sys_menu` (`menu_id`, `menu_name`, `parent_id`, `order_num`, `path`, `component`, `query`, `route_name`, `is_frame`, `is_cache`, `menu_type`, `visible`, `status`, `perms`, `icon`, `create_by`, `create_time`, `update_by`, `update_time`, `remark`) VALUES (106, '参数设置', 1, 7, 'config', 'system/config/index', '', '', 1, 0, 'C', '0', '0', 'system:config:list', 'edit', 'admin', '2024-11-13 14:12:02', '', NULL, '参数设置菜单');
INSERT INTO `sys_menu` (`menu_id`, `menu_name`, `parent_id`, `order_num`, `path`, `component`, `query`, `route_name`, `is_frame`, `is_cache`, `menu_type`, `visible`, `status`, `perms`, `icon`, `create_by`, `create_time`, `update_by`, `update_time`, `remark`) VALUES (107, '通知公告', 1, 8, 'notice', 'system/notice/index', '', '', 1, 0, 'C', '0', '0', 'system:notice:list', 'message', 'admin', '2024-11-13 14:12:02', '', NULL, '通知公告菜单');
INSERT INTO `sys_menu` (`menu_id`, `menu_name`, `parent_id`, `order_num`, `path`, `component`, `query`, `route_name`, `is_frame`, `is_cache`, `menu_type`, `visible`, `status`, `perms`, `icon`, `create_by`, `create_time`, `update_by`, `update_time`, `remark`) VALUES (108, '日志管理', 1, 9, 'log', '', '', '', 1, 0, 'M', '0', '0', '', 'log', 'admin', '2024-11-13 14:12:02', '', NULL, '日志管理菜单');
INSERT INTO `sys_menu` (`menu_id`, `menu_name`, `parent_id`, `order_num`, `path`, `component`, `query`, `route_name`, `is_frame`, `is_cache`, `menu_type`, `visible`, `status`, `perms`, `icon`, `create_by`, `create_time`, `update_by`, `update_time`, `remark`) VALUES (109, '在线用户', 2, 1, 'online', 'monitor/online/index', '', '', 1, 0, 'C', '0', '0', 'monitor:online:list', 'online', 'admin', '2024-11-13 14:12:02', '', NULL, '在线用户菜单');
INSERT INTO `sys_menu` (`menu_id`, `menu_name`, `parent_id`, `order_num`, `path`, `component`, `query`, `route_name`, `is_frame`, `is_cache`, `menu_type`, `visible`, `status`, `perms`, `icon`, `create_by`, `create_time`, `update_by`, `update_time`, `remark`) VALUES (110, '定时任务', 2, 2, 'job', 'monitor/job/index', '', '', 1, 0, 'C', '0', '0', 'monitor:job:list', 'job', 'admin', '2024-11-13 14:12:02', '', NULL, '定时任务菜单');
INSERT INTO `sys_menu` (`menu_id`, `menu_name`, `parent_id`, `order_num`, `path`, `component`, `query`, `route_name`, `is_frame`, `is_cache`, `menu_type`, `visible`, `status`, `perms`, `icon`, `create_by`, `create_time`, `update_by`, `update_time`, `remark`) VALUES (111, '数据监控', 2, 3, 'druid', 'monitor/druid/index', '', '', 1, 0, 'C', '0', '0', 'monitor:druid:list', 'druid', 'admin', '2024-11-13 14:12:02', '', NULL, '数据监控菜单');
INSERT INTO `sys_menu` (`menu_id`, `menu_name`, `parent_id`, `order_num`, `path`, `component`, `query`, `route_name`, `is_frame`, `is_cache`, `menu_type`, `visible`, `status`, `perms`, `icon`, `create_by`, `create_time`, `update_by`, `update_time`, `remark`) VALUES (112, '服务监控', 2, 4, 'server', 'monitor/server/index', '', '', 1, 0, 'C', '0', '0', 'monitor:server:list', 'server', 'admin', '2024-11-13 14:12:02', '', NULL, '服务监控菜单');
INSERT INTO `sys_menu` (`menu_id`, `menu_name`, `parent_id`, `order_num`, `path`, `component`, `query`, `route_name`, `is_frame`, `is_cache`, `menu_type`, `visible`, `status`, `perms`, `icon`, `create_by`, `create_time`, `update_by`, `update_time`, `remark`) VALUES (113, '缓存监控', 2, 5, 'cache', 'monitor/cache/index', '', '', 1, 0, 'C', '0', '0', 'monitor:cache:list', 'redis', 'admin', '2024-11-13 14:12:02', '', NULL, '缓存监控菜单');
INSERT INTO `sys_menu` (`menu_id`, `menu_name`, `parent_id`, `order_num`, `path`, `component`, `query`, `route_name`, `is_frame`, `is_cache`, `menu_type`, `visible`, `status`, `perms`, `icon`, `create_by`, `create_time`, `update_by`, `update_time`, `remark`) VALUES (114, '缓存列表', 2, 6, 'cacheList', 'monitor/cache/list', '', '', 1, 0, 'C', '0', '0', 'monitor:cache:list', 'redis-list', 'admin', '2024-11-13 14:12:02', '', NULL, '缓存列表菜单');
INSERT INTO `sys_menu` (`menu_id`, `menu_name`, `parent_id`, `order_num`, `path`, `component`, `query`, `route_name`, `is_frame`, `is_cache`, `menu_type`, `visible`, `status`, `perms`, `icon`, `create_by`, `create_time`, `update_by`, `update_time`, `remark`) VALUES (115, '表单构建', 3, 1, 'build', 'tool/build/index', '', '', 1, 0, 'C', '0', '0', 'tool:build:list', 'build', 'admin', '2024-11-13 14:12:02', '', NULL, '表单构建菜单');
INSERT INTO `sys_menu` (`menu_id`, `menu_name`, `parent_id`, `order_num`, `path`, `component`, `query`, `route_name`, `is_frame`, `is_cache`, `menu_type`, `visible`, `status`, `perms`, `icon`, `create_by`, `create_time`, `update_by`, `update_time`, `remark`) VALUES (116, '代码生成', 3, 2, 'gen', 'tool/gen/index', '', '', 1, 0, 'C', '0', '0', 'tool:gen:list', 'code', 'admin', '2024-11-13 14:12:02', '', NULL, '代码生成菜单');
INSERT INTO `sys_menu` (`menu_id`, `menu_name`, `parent_id`, `order_num`, `path`, `component`, `query`, `route_name`, `is_frame`, `is_cache`, `menu_type`, `visible`, `status`, `perms`, `icon`, `create_by`, `create_time`, `update_by`, `update_time`, `remark`) VALUES (117, '系统接口', 3, 3, 'swagger', 'tool/swagger/index', '', '', 1, 0, 'C', '0', '0', 'tool:swagger:list', 'swagger', 'admin', '2024-11-13 14:12:02', '', NULL, '系统接口菜单');
INSERT INTO `sys_menu` (`menu_id`, `menu_name`, `parent_id`, `order_num`, `path`, `component`, `query`, `route_name`, `is_frame`, `is_cache`, `menu_type`, `visible`, `status`, `perms`, `icon`, `create_by`, `create_time`, `update_by`, `update_time`, `remark`) VALUES (500, '操作日志', 108, 1, 'operlog', 'monitor/operlog/index', '', '', 1, 0, 'C', '0', '0', 'monitor:operlog:list', 'form', 'admin', '2024-11-13 14:12:02', '', NULL, '操作日志菜单');
INSERT INTO `sys_menu` (`menu_id`, `menu_name`, `parent_id`, `order_num`, `path`, `component`, `query`, `route_name`, `is_frame`, `is_cache`, `menu_type`, `visible`, `status`, `perms`, `icon`, `create_by`, `create_time`, `update_by`, `update_time`, `remark`) VALUES (501, '登录日志', 108, 2, 'logininfor', 'monitor/logininfor/index', '', '', 1, 0, 'C', '0', '0', 'monitor:logininfor:list', 'logininfor', 'admin', '2024-11-13 14:12:02', '', NULL, '登录日志菜单');
INSERT INTO `sys_menu` (`menu_id`, `menu_name`, `parent_id`, `order_num`, `path`, `component`, `query`, `route_name`, `is_frame`, `is_cache`, `menu_type`, `visible`, `status`, `perms`, `icon`, `create_by`, `create_time`, `update_by`, `update_time`, `remark`) VALUES (1000, '用户查询', 100, 1, '', '', '', '', 1, 0, 'F', '0', '0', 'system:user:query', '#', 'admin', '2024-11-13 14:12:02', '', NULL, '');
INSERT INTO `sys_menu` (`menu_id`, `menu_name`, `parent_id`, `order_num`, `path`, `component`, `query`, `route_name`, `is_frame`, `is_cache`, `menu_type`, `visible`, `status`, `perms`, `icon`, `create_by`, `create_time`, `update_by`, `update_time`, `remark`) VALUES (1001, '用户新增', 100, 2, '', '', '', '', 1, 0, 'F', '0', '0', 'system:user:add', '#', 'admin', '2024-11-13 14:12:02', '', NULL, '');
INSERT INTO `sys_menu` (`menu_id`, `menu_name`, `parent_id`, `order_num`, `path`, `component`, `query`, `route_name`, `is_frame`, `is_cache`, `menu_type`, `visible`, `status`, `perms`, `icon`, `create_by`, `create_time`, `update_by`, `update_time`, `remark`) VALUES (1002, '用户修改', 100, 3, '', '', '', '', 1, 0, 'F', '0', '0', 'system:user:edit', '#', 'admin', '2024-11-13 14:12:02', '', NULL, '');
INSERT INTO `sys_menu` (`menu_id`, `menu_name`, `parent_id`, `order_num`, `path`, `component`, `query`, `route_name`, `is_frame`, `is_cache`, `menu_type`, `visible`, `status`, `perms`, `icon`, `create_by`, `create_time`, `update_by`, `update_time`, `remark`) VALUES (1003, '用户删除', 100, 4, '', '', '', '', 1, 0, 'F', '0', '0', 'system:user:remove', '#', 'admin', '2024-11-13 14:12:02', '', NULL, '');
INSERT INTO `sys_menu` (`menu_id`, `menu_name`, `parent_id`, `order_num`, `path`, `component`, `query`, `route_name`, `is_frame`, `is_cache`, `menu_type`, `visible`, `status`, `perms`, `icon`, `create_by`, `create_time`, `update_by`, `update_time`, `remark`) VALUES (1004, '用户导出', 100, 5, '', '', '', '', 1, 0, 'F', '0', '0', 'system:user:export', '#', 'admin', '2024-11-13 14:12:02', '', NULL, '');
INSERT INTO `sys_menu` (`menu_id`, `menu_name`, `parent_id`, `order_num`, `path`, `component`, `query`, `route_name`, `is_frame`, `is_cache`, `menu_type`, `visible`, `status`, `perms`, `icon`, `create_by`, `create_time`, `update_by`, `update_time`, `remark`) VALUES (1005, '用户导入', 100, 6, '', '', '', '', 1, 0, 'F', '0', '0', 'system:user:import', '#', 'admin', '2024-11-13 14:12:02', '', NULL, '');
INSERT INTO `sys_menu` (`menu_id`, `menu_name`, `parent_id`, `order_num`, `path`, `component`, `query`, `route_name`, `is_frame`, `is_cache`, `menu_type`, `visible`, `status`, `perms`, `icon`, `create_by`, `create_time`, `update_by`, `update_time`, `remark`) VALUES (1006, '重置密码', 100, 7, '', '', '', '', 1, 0, 'F', '0', '0', 'system:user:resetPwd', '#', 'admin', '2024-11-13 14:12:02', '', NULL, '');
INSERT INTO `sys_menu` (`menu_id`, `menu_name`, `parent_id`, `order_num`, `path`, `component`, `query`, `route_name`, `is_frame`, `is_cache`, `menu_type`, `visible`, `status`, `perms`, `icon`, `create_by`, `create_time`, `update_by`, `update_time`, `remark`) VALUES (1007, '角色查询', 101, 1, '', '', '', '', 1, 0, 'F', '0', '0', 'system:role:query', '#', 'admin', '2024-11-13 14:12:02', '', NULL, '');
INSERT INTO `sys_menu` (`menu_id`, `menu_name`, `parent_id`, `order_num`, `path`, `component`, `query`, `route_name`, `is_frame`, `is_cache`, `menu_type`, `visible`, `status`, `perms`, `icon`, `create_by`, `create_time`, `update_by`, `update_time`, `remark`) VALUES (1008, '角色新增', 101, 2, '', '', '', '', 1, 0, 'F', '0', '0', 'system:role:add', '#', 'admin', '2024-11-13 14:12:02', '', NULL, '');
INSERT INTO `sys_menu` (`menu_id`, `menu_name`, `parent_id`, `order_num`, `path`, `component`, `query`, `route_name`, `is_frame`, `is_cache`, `menu_type`, `visible`, `status`, `perms`, `icon`, `create_by`, `create_time`, `update_by`, `update_time`, `remark`) VALUES (1009, '角色修改', 101, 3, '', '', '', '', 1, 0, 'F', '0', '0', 'system:role:edit', '#', 'admin', '2024-11-13 14:12:02', '', NULL, '');
INSERT INTO `sys_menu` (`menu_id`, `menu_name`, `parent_id`, `order_num`, `path`, `component`, `query`, `route_name`, `is_frame`, `is_cache`, `menu_type`, `visible`, `status`, `perms`, `icon`, `create_by`, `create_time`, `update_by`, `update_time`, `remark`) VALUES (1010, '角色删除', 101, 4, '', '', '', '', 1, 0, 'F', '0', '0', 'system:role:remove', '#', 'admin', '2024-11-13 14:12:02', '', NULL, '');
INSERT INTO `sys_menu` (`menu_id`, `menu_name`, `parent_id`, `order_num`, `path`, `component`, `query`, `route_name`, `is_frame`, `is_cache`, `menu_type`, `visible`, `status`, `perms`, `icon`, `create_by`, `create_time`, `update_by`, `update_time`, `remark`) VALUES (1011, '角色导出', 101, 5, '', '', '', '', 1, 0, 'F', '0', '0', 'system:role:export', '#', 'admin', '2024-11-13 14:12:02', '', NULL, '');
INSERT INTO `sys_menu` (`menu_id`, `menu_name`, `parent_id`, `order_num`, `path`, `component`, `query`, `route_name`, `is_frame`, `is_cache`, `menu_type`, `visible`, `status`, `perms`, `icon`, `create_by`, `create_time`, `update_by`, `update_time`, `remark`) VALUES (1012, '菜单查询', 102, 1, '', '', '', '', 1, 0, 'F', '0', '0', 'system:menu:query', '#', 'admin', '2024-11-13 14:12:02', '', NULL, '');
INSERT INTO `sys_menu` (`menu_id`, `menu_name`, `parent_id`, `order_num`, `path`, `component`, `query`, `route_name`, `is_frame`, `is_cache`, `menu_type`, `visible`, `status`, `perms`, `icon`, `create_by`, `create_time`, `update_by`, `update_time`, `remark`) VALUES (1013, '菜单新增', 102, 2, '', '', '', '', 1, 0, 'F', '0', '0', 'system:menu:add', '#', 'admin', '2024-11-13 14:12:02', '', NULL, '');
INSERT INTO `sys_menu` (`menu_id`, `menu_name`, `parent_id`, `order_num`, `path`, `component`, `query`, `route_name`, `is_frame`, `is_cache`, `menu_type`, `visible`, `status`, `perms`, `icon`, `create_by`, `create_time`, `update_by`, `update_time`, `remark`) VALUES (1014, '菜单修改', 102, 3, '', '', '', '', 1, 0, 'F', '0', '0', 'system:menu:edit', '#', 'admin', '2024-11-13 14:12:02', '', NULL, '');
INSERT INTO `sys_menu` (`menu_id`, `menu_name`, `parent_id`, `order_num`, `path`, `component`, `query`, `route_name`, `is_frame`, `is_cache`, `menu_type`, `visible`, `status`, `perms`, `icon`, `create_by`, `create_time`, `update_by`, `update_time`, `remark`) VALUES (1015, '菜单删除', 102, 4, '', '', '', '', 1, 0, 'F', '0', '0', 'system:menu:remove', '#', 'admin', '2024-11-13 14:12:02', '', NULL, '');
INSERT INTO `sys_menu` (`menu_id`, `menu_name`, `parent_id`, `order_num`, `path`, `component`, `query`, `route_name`, `is_frame`, `is_cache`, `menu_type`, `visible`, `status`, `perms`, `icon`, `create_by`, `create_time`, `update_by`, `update_time`, `remark`) VALUES (1016, '部门查询', 103, 1, '', '', '', '', 1, 0, 'F', '0', '0', 'system:dept:query', '#', 'admin', '2024-11-13 14:12:02', '', NULL, '');
INSERT INTO `sys_menu` (`menu_id`, `menu_name`, `parent_id`, `order_num`, `path`, `component`, `query`, `route_name`, `is_frame`, `is_cache`, `menu_type`, `visible`, `status`, `perms`, `icon`, `create_by`, `create_time`, `update_by`, `update_time`, `remark`) VALUES (1017, '部门新增', 103, 2, '', '', '', '', 1, 0, 'F', '0', '0', 'system:dept:add', '#', 'admin', '2024-11-13 14:12:02', '', NULL, '');
INSERT INTO `sys_menu` (`menu_id`, `menu_name`, `parent_id`, `order_num`, `path`, `component`, `query`, `route_name`, `is_frame`, `is_cache`, `menu_type`, `visible`, `status`, `perms`, `icon`, `create_by`, `create_time`, `update_by`, `update_time`, `remark`) VALUES (1018, '部门修改', 103, 3, '', '', '', '', 1, 0, 'F', '0', '0', 'system:dept:edit', '#', 'admin', '2024-11-13 14:12:02', '', NULL, '');
INSERT INTO `sys_menu` (`menu_id`, `menu_name`, `parent_id`, `order_num`, `path`, `component`, `query`, `route_name`, `is_frame`, `is_cache`, `menu_type`, `visible`, `status`, `perms`, `icon`, `create_by`, `create_time`, `update_by`, `update_time`, `remark`) VALUES (1019, '部门删除', 103, 4, '', '', '', '', 1, 0, 'F', '0', '0', 'system:dept:remove', '#', 'admin', '2024-11-13 14:12:02', '', NULL, '');
INSERT INTO `sys_menu` (`menu_id`, `menu_name`, `parent_id`, `order_num`, `path`, `component`, `query`, `route_name`, `is_frame`, `is_cache`, `menu_type`, `visible`, `status`, `perms`, `icon`, `create_by`, `create_time`, `update_by`, `update_time`, `remark`) VALUES (1020, '岗位查询', 104, 1, '', '', '', '', 1, 0, 'F', '0', '0', 'system:post:query', '#', 'admin', '2024-11-13 14:12:02', '', NULL, '');
INSERT INTO `sys_menu` (`menu_id`, `menu_name`, `parent_id`, `order_num`, `path`, `component`, `query`, `route_name`, `is_frame`, `is_cache`, `menu_type`, `visible`, `status`, `perms`, `icon`, `create_by`, `create_time`, `update_by`, `update_time`, `remark`) VALUES (1021, '岗位新增', 104, 2, '', '', '', '', 1, 0, 'F', '0', '0', 'system:post:add', '#', 'admin', '2024-11-13 14:12:02', '', NULL, '');
INSERT INTO `sys_menu` (`menu_id`, `menu_name`, `parent_id`, `order_num`, `path`, `component`, `query`, `route_name`, `is_frame`, `is_cache`, `menu_type`, `visible`, `status`, `perms`, `icon`, `create_by`, `create_time`, `update_by`, `update_time`, `remark`) VALUES (1022, '岗位修改', 104, 3, '', '', '', '', 1, 0, 'F', '0', '0', 'system:post:edit', '#', 'admin', '2024-11-13 14:12:02', '', NULL, '');
INSERT INTO `sys_menu` (`menu_id`, `menu_name`, `parent_id`, `order_num`, `path`, `component`, `query`, `route_name`, `is_frame`, `is_cache`, `menu_type`, `visible`, `status`, `perms`, `icon`, `create_by`, `create_time`, `update_by`, `update_time`, `remark`) VALUES (1023, '岗位删除', 104, 4, '', '', '', '', 1, 0, 'F', '0', '0', 'system:post:remove', '#', 'admin', '2024-11-13 14:12:02', '', NULL, '');
INSERT INTO `sys_menu` (`menu_id`, `menu_name`, `parent_id`, `order_num`, `path`, `component`, `query`, `route_name`, `is_frame`, `is_cache`, `menu_type`, `visible`, `status`, `perms`, `icon`, `create_by`, `create_time`, `update_by`, `update_time`, `remark`) VALUES (1024, '岗位导出', 104, 5, '', '', '', '', 1, 0, 'F', '0', '0', 'system:post:export', '#', 'admin', '2024-11-13 14:12:02', '', NULL, '');
INSERT INTO `sys_menu` (`menu_id`, `menu_name`, `parent_id`, `order_num`, `path`, `component`, `query`, `route_name`, `is_frame`, `is_cache`, `menu_type`, `visible`, `status`, `perms`, `icon`, `create_by`, `create_time`, `update_by`, `update_time`, `remark`) VALUES (1025, '字典查询', 105, 1, '#', '', '', '', 1, 0, 'F', '0', '0', 'system:dict:query', '#', 'admin', '2024-11-13 14:12:02', '', NULL, '');
INSERT INTO `sys_menu` (`menu_id`, `menu_name`, `parent_id`, `order_num`, `path`, `component`, `query`, `route_name`, `is_frame`, `is_cache`, `menu_type`, `visible`, `status`, `perms`, `icon`, `create_by`, `create_time`, `update_by`, `update_time`, `remark`) VALUES (1026, '字典新增', 105, 2, '#', '', '', '', 1, 0, 'F', '0', '0', 'system:dict:add', '#', 'admin', '2024-11-13 14:12:02', '', NULL, '');
INSERT INTO `sys_menu` (`menu_id`, `menu_name`, `parent_id`, `order_num`, `path`, `component`, `query`, `route_name`, `is_frame`, `is_cache`, `menu_type`, `visible`, `status`, `perms`, `icon`, `create_by`, `create_time`, `update_by`, `update_time`, `remark`) VALUES (1027, '字典修改', 105, 3, '#', '', '', '', 1, 0, 'F', '0', '0', 'system:dict:edit', '#', 'admin', '2024-11-13 14:12:02', '', NULL, '');
INSERT INTO `sys_menu` (`menu_id`, `menu_name`, `parent_id`, `order_num`, `path`, `component`, `query`, `route_name`, `is_frame`, `is_cache`, `menu_type`, `visible`, `status`, `perms`, `icon`, `create_by`, `create_time`, `update_by`, `update_time`, `remark`) VALUES (1028, '字典删除', 105, 4, '#', '', '', '', 1, 0, 'F', '0', '0', 'system:dict:remove', '#', 'admin', '2024-11-13 14:12:02', '', NULL, '');
INSERT INTO `sys_menu` (`menu_id`, `menu_name`, `parent_id`, `order_num`, `path`, `component`, `query`, `route_name`, `is_frame`, `is_cache`, `menu_type`, `visible`, `status`, `perms`, `icon`, `create_by`, `create_time`, `update_by`, `update_time`, `remark`) VALUES (1029, '字典导出', 105, 5, '#', '', '', '', 1, 0, 'F', '0', '0', 'system:dict:export', '#', 'admin', '2024-11-13 14:12:02', '', NULL, '');
INSERT INTO `sys_menu` (`menu_id`, `menu_name`, `parent_id`, `order_num`, `path`, `component`, `query`, `route_name`, `is_frame`, `is_cache`, `menu_type`, `visible`, `status`, `perms`, `icon`, `create_by`, `create_time`, `update_by`, `update_time`, `remark`) VALUES (1030, '参数查询', 106, 1, '#', '', '', '', 1, 0, 'F', '0', '0', 'system:config:query', '#', 'admin', '2024-11-13 14:12:02', '', NULL, '');
INSERT INTO `sys_menu` (`menu_id`, `menu_name`, `parent_id`, `order_num`, `path`, `component`, `query`, `route_name`, `is_frame`, `is_cache`, `menu_type`, `visible`, `status`, `perms`, `icon`, `create_by`, `create_time`, `update_by`, `update_time`, `remark`) VALUES (1031, '参数新增', 106, 2, '#', '', '', '', 1, 0, 'F', '0', '0', 'system:config:add', '#', 'admin', '2024-11-13 14:12:02', '', NULL, '');
INSERT INTO `sys_menu` (`menu_id`, `menu_name`, `parent_id`, `order_num`, `path`, `component`, `query`, `route_name`, `is_frame`, `is_cache`, `menu_type`, `visible`, `status`, `perms`, `icon`, `create_by`, `create_time`, `update_by`, `update_time`, `remark`) VALUES (1032, '参数修改', 106, 3, '#', '', '', '', 1, 0, 'F', '0', '0', 'system:config:edit', '#', 'admin', '2024-11-13 14:12:02', '', NULL, '');
INSERT INTO `sys_menu` (`menu_id`, `menu_name`, `parent_id`, `order_num`, `path`, `component`, `query`, `route_name`, `is_frame`, `is_cache`, `menu_type`, `visible`, `status`, `perms`, `icon`, `create_by`, `create_time`, `update_by`, `update_time`, `remark`) VALUES (1033, '参数删除', 106, 4, '#', '', '', '', 1, 0, 'F', '0', '0', 'system:config:remove', '#', 'admin', '2024-11-13 14:12:02', '', NULL, '');
INSERT INTO `sys_menu` (`menu_id`, `menu_name`, `parent_id`, `order_num`, `path`, `component`, `query`, `route_name`, `is_frame`, `is_cache`, `menu_type`, `visible`, `status`, `perms`, `icon`, `create_by`, `create_time`, `update_by`, `update_time`, `remark`) VALUES (1034, '参数导出', 106, 5, '#', '', '', '', 1, 0, 'F', '0', '0', 'system:config:export', '#', 'admin', '2024-11-13 14:12:02', '', NULL, '');
INSERT INTO `sys_menu` (`menu_id`, `menu_name`, `parent_id`, `order_num`, `path`, `component`, `query`, `route_name`, `is_frame`, `is_cache`, `menu_type`, `visible`, `status`, `perms`, `icon`, `create_by`, `create_time`, `update_by`, `update_time`, `remark`) VALUES (1035, '公告查询', 107, 1, '#', '', '', '', 1, 0, 'F', '0', '0', 'system:notice:query', '#', 'admin', '2024-11-13 14:12:02', '', NULL, '');
INSERT INTO `sys_menu` (`menu_id`, `menu_name`, `parent_id`, `order_num`, `path`, `component`, `query`, `route_name`, `is_frame`, `is_cache`, `menu_type`, `visible`, `status`, `perms`, `icon`, `create_by`, `create_time`, `update_by`, `update_time`, `remark`) VALUES (1036, '公告新增', 107, 2, '#', '', '', '', 1, 0, 'F', '0', '0', 'system:notice:add', '#', 'admin', '2024-11-13 14:12:02', '', NULL, '');
INSERT INTO `sys_menu` (`menu_id`, `menu_name`, `parent_id`, `order_num`, `path`, `component`, `query`, `route_name`, `is_frame`, `is_cache`, `menu_type`, `visible`, `status`, `perms`, `icon`, `create_by`, `create_time`, `update_by`, `update_time`, `remark`) VALUES (1037, '公告修改', 107, 3, '#', '', '', '', 1, 0, 'F', '0', '0', 'system:notice:edit', '#', 'admin', '2024-11-13 14:12:02', '', NULL, '');
INSERT INTO `sys_menu` (`menu_id`, `menu_name`, `parent_id`, `order_num`, `path`, `component`, `query`, `route_name`, `is_frame`, `is_cache`, `menu_type`, `visible`, `status`, `perms`, `icon`, `create_by`, `create_time`, `update_by`, `update_time`, `remark`) VALUES (1038, '公告删除', 107, 4, '#', '', '', '', 1, 0, 'F', '0', '0', 'system:notice:remove', '#', 'admin', '2024-11-13 14:12:02', '', NULL, '');
INSERT INTO `sys_menu` (`menu_id`, `menu_name`, `parent_id`, `order_num`, `path`, `component`, `query`, `route_name`, `is_frame`, `is_cache`, `menu_type`, `visible`, `status`, `perms`, `icon`, `create_by`, `create_time`, `update_by`, `update_time`, `remark`) VALUES (1039, '操作查询', 500, 1, '#', '', '', '', 1, 0, 'F', '0', '0', 'monitor:operlog:query', '#', 'admin', '2024-11-13 14:12:02', '', NULL, '');
INSERT INTO `sys_menu` (`menu_id`, `menu_name`, `parent_id`, `order_num`, `path`, `component`, `query`, `route_name`, `is_frame`, `is_cache`, `menu_type`, `visible`, `status`, `perms`, `icon`, `create_by`, `create_time`, `update_by`, `update_time`, `remark`) VALUES (1040, '操作删除', 500, 2, '#', '', '', '', 1, 0, 'F', '0', '0', 'monitor:operlog:remove', '#', 'admin', '2024-11-13 14:12:02', '', NULL, '');
INSERT INTO `sys_menu` (`menu_id`, `menu_name`, `parent_id`, `order_num`, `path`, `component`, `query`, `route_name`, `is_frame`, `is_cache`, `menu_type`, `visible`, `status`, `perms`, `icon`, `create_by`, `create_time`, `update_by`, `update_time`, `remark`) VALUES (1041, '日志导出', 500, 3, '#', '', '', '', 1, 0, 'F', '0', '0', 'monitor:operlog:export', '#', 'admin', '2024-11-13 14:12:02', '', NULL, '');
INSERT INTO `sys_menu` (`menu_id`, `menu_name`, `parent_id`, `order_num`, `path`, `component`, `query`, `route_name`, `is_frame`, `is_cache`, `menu_type`, `visible`, `status`, `perms`, `icon`, `create_by`, `create_time`, `update_by`, `update_time`, `remark`) VALUES (1042, '登录查询', 501, 1, '#', '', '', '', 1, 0, 'F', '0', '0', 'monitor:logininfor:query', '#', 'admin', '2024-11-13 14:12:02', '', NULL, '');
INSERT INTO `sys_menu` (`menu_id`, `menu_name`, `parent_id`, `order_num`, `path`, `component`, `query`, `route_name`, `is_frame`, `is_cache`, `menu_type`, `visible`, `status`, `perms`, `icon`, `create_by`, `create_time`, `update_by`, `update_time`, `remark`) VALUES (1043, '登录删除', 501, 2, '#', '', '', '', 1, 0, 'F', '0', '0', 'monitor:logininfor:remove', '#', 'admin', '2024-11-13 14:12:02', '', NULL, '');
INSERT INTO `sys_menu` (`menu_id`, `menu_name`, `parent_id`, `order_num`, `path`, `component`, `query`, `route_name`, `is_frame`, `is_cache`, `menu_type`, `visible`, `status`, `perms`, `icon`, `create_by`, `create_time`, `update_by`, `update_time`, `remark`) VALUES (1044, '日志导出', 501, 3, '#', '', '', '', 1, 0, 'F', '0', '0', 'monitor:logininfor:export', '#', 'admin', '2024-11-13 14:12:02', '', NULL, '');
INSERT INTO `sys_menu` (`menu_id`, `menu_name`, `parent_id`, `order_num`, `path`, `component`, `query`, `route_name`, `is_frame`, `is_cache`, `menu_type`, `visible`, `status`, `perms`, `icon`, `create_by`, `create_time`, `update_by`, `update_time`, `remark`) VALUES (1045, '账户解锁', 501, 4, '#', '', '', '', 1, 0, 'F', '0', '0', 'monitor:logininfor:unlock', '#', 'admin', '2024-11-13 14:12:02', '', NULL, '');
INSERT INTO `sys_menu` (`menu_id`, `menu_name`, `parent_id`, `order_num`, `path`, `component`, `query`, `route_name`, `is_frame`, `is_cache`, `menu_type`, `visible`, `status`, `perms`, `icon`, `create_by`, `create_time`, `update_by`, `update_time`, `remark`) VALUES (1046, '在线查询', 109, 1, '#', '', '', '', 1, 0, 'F', '0', '0', 'monitor:online:query', '#', 'admin', '2024-11-13 14:12:02', '', NULL, '');
INSERT INTO `sys_menu` (`menu_id`, `menu_name`, `parent_id`, `order_num`, `path`, `component`, `query`, `route_name`, `is_frame`, `is_cache`, `menu_type`, `visible`, `status`, `perms`, `icon`, `create_by`, `create_time`, `update_by`, `update_time`, `remark`) VALUES (1047, '批量强退', 109, 2, '#', '', '', '', 1, 0, 'F', '0', '0', 'monitor:online:batchLogout', '#', 'admin', '2024-11-13 14:12:02', '', NULL, '');
INSERT INTO `sys_menu` (`menu_id`, `menu_name`, `parent_id`, `order_num`, `path`, `component`, `query`, `route_name`, `is_frame`, `is_cache`, `menu_type`, `visible`, `status`, `perms`, `icon`, `create_by`, `create_time`, `update_by`, `update_time`, `remark`) VALUES (1048, '单条强退', 109, 3, '#', '', '', '', 1, 0, 'F', '0', '0', 'monitor:online:forceLogout', '#', 'admin', '2024-11-13 14:12:02', '', NULL, '');
INSERT INTO `sys_menu` (`menu_id`, `menu_name`, `parent_id`, `order_num`, `path`, `component`, `query`, `route_name`, `is_frame`, `is_cache`, `menu_type`, `visible`, `status`, `perms`, `icon`, `create_by`, `create_time`, `update_by`, `update_time`, `remark`) VALUES (1049, '任务查询', 110, 1, '#', '', '', '', 1, 0, 'F', '0', '0', 'monitor:job:query', '#', 'admin', '2024-11-13 14:12:02', '', NULL, '');
INSERT INTO `sys_menu` (`menu_id`, `menu_name`, `parent_id`, `order_num`, `path`, `component`, `query`, `route_name`, `is_frame`, `is_cache`, `menu_type`, `visible`, `status`, `perms`, `icon`, `create_by`, `create_time`, `update_by`, `update_time`, `remark`) VALUES (1050, '任务新增', 110, 2, '#', '', '', '', 1, 0, 'F', '0', '0', 'monitor:job:add', '#', 'admin', '2024-11-13 14:12:02', '', NULL, '');
INSERT INTO `sys_menu` (`menu_id`, `menu_name`, `parent_id`, `order_num`, `path`, `component`, `query`, `route_name`, `is_frame`, `is_cache`, `menu_type`, `visible`, `status`, `perms`, `icon`, `create_by`, `create_time`, `update_by`, `update_time`, `remark`) VALUES (1051, '任务修改', 110, 3, '#', '', '', '', 1, 0, 'F', '0', '0', 'monitor:job:edit', '#', 'admin', '2024-11-13 14:12:02', '', NULL, '');
INSERT INTO `sys_menu` (`menu_id`, `menu_name`, `parent_id`, `order_num`, `path`, `component`, `query`, `route_name`, `is_frame`, `is_cache`, `menu_type`, `visible`, `status`, `perms`, `icon`, `create_by`, `create_time`, `update_by`, `update_time`, `remark`) VALUES (1052, '任务删除', 110, 4, '#', '', '', '', 1, 0, 'F', '0', '0', 'monitor:job:remove', '#', 'admin', '2024-11-13 14:12:02', '', NULL, '');
INSERT INTO `sys_menu` (`menu_id`, `menu_name`, `parent_id`, `order_num`, `path`, `component`, `query`, `route_name`, `is_frame`, `is_cache`, `menu_type`, `visible`, `status`, `perms`, `icon`, `create_by`, `create_time`, `update_by`, `update_time`, `remark`) VALUES (1053, '状态修改', 110, 5, '#', '', '', '', 1, 0, 'F', '0', '0', 'monitor:job:changeStatus', '#', 'admin', '2024-11-13 14:12:02', '', NULL, '');
INSERT INTO `sys_menu` (`menu_id`, `menu_name`, `parent_id`, `order_num`, `path`, `component`, `query`, `route_name`, `is_frame`, `is_cache`, `menu_type`, `visible`, `status`, `perms`, `icon`, `create_by`, `create_time`, `update_by`, `update_time`, `remark`) VALUES (1054, '任务导出', 110, 6, '#', '', '', '', 1, 0, 'F', '0', '0', 'monitor:job:export', '#', 'admin', '2024-11-13 14:12:02', '', NULL, '');
INSERT INTO `sys_menu` (`menu_id`, `menu_name`, `parent_id`, `order_num`, `path`, `component`, `query`, `route_name`, `is_frame`, `is_cache`, `menu_type`, `visible`, `status`, `perms`, `icon`, `create_by`, `create_time`, `update_by`, `update_time`, `remark`) VALUES (1055, '生成查询', 116, 1, '#', '', '', '', 1, 0, 'F', '0', '0', 'tool:gen:query', '#', 'admin', '2024-11-13 14:12:02', '', NULL, '');
INSERT INTO `sys_menu` (`menu_id`, `menu_name`, `parent_id`, `order_num`, `path`, `component`, `query`, `route_name`, `is_frame`, `is_cache`, `menu_type`, `visible`, `status`, `perms`, `icon`, `create_by`, `create_time`, `update_by`, `update_time`, `remark`) VALUES (1056, '生成修改', 116, 2, '#', '', '', '', 1, 0, 'F', '0', '0', 'tool:gen:edit', '#', 'admin', '2024-11-13 14:12:02', '', NULL, '');
INSERT INTO `sys_menu` (`menu_id`, `menu_name`, `parent_id`, `order_num`, `path`, `component`, `query`, `route_name`, `is_frame`, `is_cache`, `menu_type`, `visible`, `status`, `perms`, `icon`, `create_by`, `create_time`, `update_by`, `update_time`, `remark`) VALUES (1057, '生成删除', 116, 3, '#', '', '', '', 1, 0, 'F', '0', '0', 'tool:gen:remove', '#', 'admin', '2024-11-13 14:12:02', '', NULL, '');
INSERT INTO `sys_menu` (`menu_id`, `menu_name`, `parent_id`, `order_num`, `path`, `component`, `query`, `route_name`, `is_frame`, `is_cache`, `menu_type`, `visible`, `status`, `perms`, `icon`, `create_by`, `create_time`, `update_by`, `update_time`, `remark`) VALUES (1058, '导入代码', 116, 4, '#', '', '', '', 1, 0, 'F', '0', '0', 'tool:gen:import', '#', 'admin', '2024-11-13 14:12:02', '', NULL, '');
INSERT INTO `sys_menu` (`menu_id`, `menu_name`, `parent_id`, `order_num`, `path`, `component`, `query`, `route_name`, `is_frame`, `is_cache`, `menu_type`, `visible`, `status`, `perms`, `icon`, `create_by`, `create_time`, `update_by`, `update_time`, `remark`) VALUES (1059, '预览代码', 116, 5, '#', '', '', '', 1, 0, 'F', '0', '0', 'tool:gen:preview', '#', 'admin', '2024-11-13 14:12:02', '', NULL, '');
INSERT INTO `sys_menu` (`menu_id`, `menu_name`, `parent_id`, `order_num`, `path`, `component`, `query`, `route_name`, `is_frame`, `is_cache`, `menu_type`, `visible`, `status`, `perms`, `icon`, `create_by`, `create_time`, `update_by`, `update_time`, `remark`) VALUES (1060, '生成代码', 116, 6, '#', '', '', '', 1, 0, 'F', '0', '0', 'tool:gen:code', '#', 'admin', '2024-11-13 14:12:02', '', NULL, '');
INSERT INTO `sys_menu` (`menu_id`, `menu_name`, `parent_id`, `order_num`, `path`, `component`, `query`, `route_name`, `is_frame`, `is_cache`, `menu_type`, `visible`, `status`, `perms`, `icon`, `create_by`, `create_time`, `update_by`, `update_time`, `remark`) VALUES (2028, '业务菜单', 0, 4, 'business', NULL, NULL, '', 1, 0, 'M', '0', '0', NULL, 'dict', 'admin', '2025-01-17 14:16:08', 'admin', '2025-01-17 14:16:08', '');
INSERT INTO `sys_menu` (`menu_id`, `menu_name`, `parent_id`, `order_num`, `path`, `component`, `query`, `route_name`, `is_frame`, `is_cache`, `menu_type`, `visible`, `status`, `perms`, `icon`, `create_by`, `create_time`, `update_by`, `update_time`, `remark`) VALUES (2029, '小车信息', 2028, 1, 'car_info', 'car/info/index', NULL, '', 1, 0, 'C', '0', '0', 'car:info:list', '#', 'admin', '2025-01-17 14:19:05', '', NULL, '小车信息， 用于测试代码生成功能菜单');
INSERT INTO `sys_menu` (`menu_id`, `menu_name`, `parent_id`, `order_num`, `path`, `component`, `query`, `route_name`, `is_frame`, `is_cache`, `menu_type`, `visible`, `status`, `perms`, `icon`, `create_by`, `create_time`, `update_by`, `update_time`, `remark`) VALUES (2030, '小车信息查询', 2029, 1, '#', '', NULL, '', 1, 0, 'F', '0', '0', 'car:info:query', '#', 'admin', '2025-01-17 14:19:05', '', NULL, '');
INSERT INTO `sys_menu` (`menu_id`, `menu_name`, `parent_id`, `order_num`, `path`, `component`, `query`, `route_name`, `is_frame`, `is_cache`, `menu_type`, `visible`, `status`, `perms`, `icon`, `create_by`, `create_time`, `update_by`, `update_time`, `remark`) VALUES (2031, '小车信息新增', 2029, 2, '#', '', NULL, '', 1, 0, 'F', '0', '0', 'car:info:add', '#', 'admin', '2025-01-17 14:19:05', '', NULL, '');
INSERT INTO `sys_menu` (`menu_id`, `menu_name`, `parent_id`, `order_num`, `path`, `component`, `query`, `route_name`, `is_frame`, `is_cache`, `menu_type`, `visible`, `status`, `perms`, `icon`, `create_by`, `create_time`, `update_by`, `update_time`, `remark`) VALUES (2032, '小车信息修改', 2029, 3, '#', '', NULL, '', 1, 0, 'F', '0', '0', 'car:info:edit', '#', 'admin', '2025-01-17 14:19:05', '', NULL, '');
INSERT INTO `sys_menu` (`menu_id`, `menu_name`, `parent_id`, `order_num`, `path`, `component`, `query`, `route_name`, `is_frame`, `is_cache`, `menu_type`, `visible`, `status`, `perms`, `icon`, `create_by`, `create_time`, `update_by`, `update_time`, `remark`) VALUES (2033, '小车信息删除', 2029, 4, '#', '', NULL, '', 1, 0, 'F', '0', '0', 'car:info:remove', '#', 'admin', '2025-01-17 14:19:05', '', NULL, '');
INSERT INTO `sys_menu` (`menu_id`, `menu_name`, `parent_id`, `order_num`, `path`, `component`, `query`, `route_name`, `is_frame`, `is_cache`, `menu_type`, `visible`, `status`, `perms`, `icon`, `create_by`, `create_time`, `update_by`, `update_time`, `remark`) VALUES (2034, '小车信息导出', 2029, 5, '#', '', NULL, '', 1, 0, 'F', '0', '0', 'car:info:export', '#', 'admin', '2025-01-17 14:19:05', '', NULL, '');
INSERT INTO `sys_menu` (`menu_id`, `menu_name`, `parent_id`, `order_num`, `path`, `component`, `query`, `route_name`, `is_frame`, `is_cache`, `menu_type`, `visible`, `status`, `perms`, `icon`, `create_by`, `create_time`, `update_by`, `update_time`, `remark`) VALUES (2047, '合作方', 2028, 1, 'partner_info', 'partner/info/index', NULL, '', 1, 0, 'C', '0', '0', 'partner:info:list', '#', 'admin', '2025-02-05 10:59:13', '', NULL, '合作方菜单');
INSERT INTO `sys_menu` (`menu_id`, `menu_name`, `parent_id`, `order_num`, `path`, `component`, `query`, `route_name`, `is_frame`, `is_cache`, `menu_type`, `visible`, `status`, `perms`, `icon`, `create_by`, `create_time`, `update_by`, `update_time`, `remark`) VALUES (2048, '合作方查询', 2047, 1, '#', '', NULL, '', 1, 0, 'F', '0', '0', 'partner:info:query', '#', 'admin', '2025-02-05 10:59:13', '', NULL, '');
INSERT INTO `sys_menu` (`menu_id`, `menu_name`, `parent_id`, `order_num`, `path`, `component`, `query`, `route_name`, `is_frame`, `is_cache`, `menu_type`, `visible`, `status`, `perms`, `icon`, `create_by`, `create_time`, `update_by`, `update_time`, `remark`) VALUES (2049, '合作方新增', 2047, 2, '#', '', NULL, '', 1, 0, 'F', '0', '0', 'partner:info:add', '#', 'admin', '2025-02-05 10:59:13', '', NULL, '');
INSERT INTO `sys_menu` (`menu_id`, `menu_name`, `parent_id`, `order_num`, `path`, `component`, `query`, `route_name`, `is_frame`, `is_cache`, `menu_type`, `visible`, `status`, `perms`, `icon`, `create_by`, `create_time`, `update_by`, `update_time`, `remark`) VALUES (2050, '合作方修改', 2047, 3, '#', '', NULL, '', 1, 0, 'F', '0', '0', 'partner:info:edit', '#', 'admin', '2025-02-05 10:59:13', '', NULL, '');
INSERT INTO `sys_menu` (`menu_id`, `menu_name`, `parent_id`, `order_num`, `path`, `component`, `query`, `route_name`, `is_frame`, `is_cache`, `menu_type`, `visible`, `status`, `perms`, `icon`, `create_by`, `create_time`, `update_by`, `update_time`, `remark`) VALUES (2051, '合作方删除', 2047, 4, '#', '', NULL, '', 1, 0, 'F', '0', '0', 'partner:info:remove', '#', 'admin', '2025-02-05 10:59:13', '', NULL, '');
INSERT INTO `sys_menu` (`menu_id`, `menu_name`, `parent_id`, `order_num`, `path`, `component`, `query`, `route_name`, `is_frame`, `is_cache`, `menu_type`, `visible`, `status`, `perms`, `icon`, `create_by`, `create_time`, `update_by`, `update_time`, `remark`) VALUES (2052, '合作方导出', 2047, 5, '#', '', NULL, '', 1, 0, 'F', '0', '0', 'partner:info:export', '#', 'admin', '2025-02-05 10:59:13', '', NULL, '');
INSERT INTO `sys_menu` (`menu_id`, `menu_name`, `parent_id`, `order_num`, `path`, `component`, `query`, `route_name`, `is_frame`, `is_cache`, `menu_type`, `visible`, `status`, `perms`, `icon`, `create_by`, `create_time`, `update_by`, `update_time`, `remark`) VALUES (2053, '表格管理', 1, 1, 'sys_table', 'system/table/index', NULL, '', 1, 0, 'C', '0', '0', 'sys:table:list', 'chart', 'admin', '2025-02-11 11:03:27', 'admin', '2025-02-11 11:09:32', '表格管理菜单');
INSERT INTO `sys_menu` (`menu_id`, `menu_name`, `parent_id`, `order_num`, `path`, `component`, `query`, `route_name`, `is_frame`, `is_cache`, `menu_type`, `visible`, `status`, `perms`, `icon`, `create_by`, `create_time`, `update_by`, `update_time`, `remark`) VALUES (2054, '表格管理查询', 2053, 1, '#', '', NULL, '', 1, 0, 'F', '0', '0', 'sys:table:query', '#', 'admin', '2025-02-11 11:03:27', '', NULL, '');
INSERT INTO `sys_menu` (`menu_id`, `menu_name`, `parent_id`, `order_num`, `path`, `component`, `query`, `route_name`, `is_frame`, `is_cache`, `menu_type`, `visible`, `status`, `perms`, `icon`, `create_by`, `create_time`, `update_by`, `update_time`, `remark`) VALUES (2055, '表格管理新增', 2053, 2, '#', '', NULL, '', 1, 0, 'F', '0', '0', 'sys:table:add', '#', 'admin', '2025-02-11 11:03:27', '', NULL, '');
INSERT INTO `sys_menu` (`menu_id`, `menu_name`, `parent_id`, `order_num`, `path`, `component`, `query`, `route_name`, `is_frame`, `is_cache`, `menu_type`, `visible`, `status`, `perms`, `icon`, `create_by`, `create_time`, `update_by`, `update_time`, `remark`) VALUES (2056, '表格管理修改', 2053, 3, '#', '', NULL, '', 1, 0, 'F', '0', '0', 'sys:table:edit', '#', 'admin', '2025-02-11 11:03:27', '', NULL, '');
INSERT INTO `sys_menu` (`menu_id`, `menu_name`, `parent_id`, `order_num`, `path`, `component`, `query`, `route_name`, `is_frame`, `is_cache`, `menu_type`, `visible`, `status`, `perms`, `icon`, `create_by`, `create_time`, `update_by`, `update_time`, `remark`) VALUES (2057, '表格管理删除', 2053, 4, '#', '', NULL, '', 1, 0, 'F', '0', '0', 'sys:table:remove', '#', 'admin', '2025-02-11 11:03:27', '', NULL, '');
INSERT INTO `sys_menu` (`menu_id`, `menu_name`, `parent_id`, `order_num`, `path`, `component`, `query`, `route_name`, `is_frame`, `is_cache`, `menu_type`, `visible`, `status`, `perms`, `icon`, `create_by`, `create_time`, `update_by`, `update_time`, `remark`) VALUES (2058, '表格管理导出', 2053, 5, '#', '', NULL, '', 1, 0, 'F', '0', '0', 'sys:table:export', '#', 'admin', '2025-02-11 11:03:27', '', NULL, '');
INSERT INTO `sys_menu` (`menu_id`, `menu_name`, `parent_id`, `order_num`, `path`, `component`, `query`, `route_name`, `is_frame`, `is_cache`, `menu_type`, `visible`, `status`, `perms`, `icon`, `create_by`, `create_time`, `update_by`, `update_time`, `remark`) VALUES (2059, '司机信息', 2028, 1, 'car_driver', 'car/driver/index', NULL, '', 1, 0, 'C', '0', '0', 'car:driver:list', '#', 'admin', '2025-02-13 14:33:42', '', NULL, '司机信息菜单');
INSERT INTO `sys_menu` (`menu_id`, `menu_name`, `parent_id`, `order_num`, `path`, `component`, `query`, `route_name`, `is_frame`, `is_cache`, `menu_type`, `visible`, `status`, `perms`, `icon`, `create_by`, `create_time`, `update_by`, `update_time`, `remark`) VALUES (2060, '司机信息查询', 2059, 1, '#', '', NULL, '', 1, 0, 'F', '0', '0', 'car:driver:query', '#', 'admin', '2025-02-13 14:33:42', '', NULL, '');
INSERT INTO `sys_menu` (`menu_id`, `menu_name`, `parent_id`, `order_num`, `path`, `component`, `query`, `route_name`, `is_frame`, `is_cache`, `menu_type`, `visible`, `status`, `perms`, `icon`, `create_by`, `create_time`, `update_by`, `update_time`, `remark`) VALUES (2061, '司机信息新增', 2059, 2, '#', '', NULL, '', 1, 0, 'F', '0', '0', 'car:driver:add', '#', 'admin', '2025-02-13 14:33:42', '', NULL, '');
INSERT INTO `sys_menu` (`menu_id`, `menu_name`, `parent_id`, `order_num`, `path`, `component`, `query`, `route_name`, `is_frame`, `is_cache`, `menu_type`, `visible`, `status`, `perms`, `icon`, `create_by`, `create_time`, `update_by`, `update_time`, `remark`) VALUES (2062, '司机信息修改', 2059, 3, '#', '', NULL, '', 1, 0, 'F', '0', '0', 'car:driver:edit', '#', 'admin', '2025-02-13 14:33:42', '', NULL, '');
INSERT INTO `sys_menu` (`menu_id`, `menu_name`, `parent_id`, `order_num`, `path`, `component`, `query`, `route_name`, `is_frame`, `is_cache`, `menu_type`, `visible`, `status`, `perms`, `icon`, `create_by`, `create_time`, `update_by`, `update_time`, `remark`) VALUES (2063, '司机信息删除', 2059, 4, '#', '', NULL, '', 1, 0, 'F', '0', '0', 'car:driver:remove', '#', 'admin', '2025-02-13 14:33:42', '', NULL, '');
INSERT INTO `sys_menu` (`menu_id`, `menu_name`, `parent_id`, `order_num`, `path`, `component`, `query`, `route_name`, `is_frame`, `is_cache`, `menu_type`, `visible`, `status`, `perms`, `icon`, `create_by`, `create_time`, `update_by`, `update_time`, `remark`) VALUES (2064, '司机信息导出', 2059, 5, '#', '', NULL, '', 1, 0, 'F', '0', '0', 'car:driver:export', '#', 'admin', '2025-02-13 14:33:42', '', NULL, '');
COMMIT;

-- ----------------------------
-- Table structure for sys_notice
-- ----------------------------
DROP TABLE IF EXISTS `sys_notice`;
CREATE TABLE `sys_notice` (
  `notice_id` int NOT NULL AUTO_INCREMENT COMMENT '公告ID',
  `notice_title` varchar(50) NOT NULL COMMENT '公告标题',
  `notice_type` char(1) NOT NULL COMMENT '公告类型（1通知 2公告）',
  `notice_content` longblob COMMENT '公告内容',
  `status` char(1) DEFAULT '0' COMMENT '公告状态（0正常 1关闭）',
  `create_by` varchar(64) DEFAULT '' COMMENT '创建者',
  `create_time` datetime DEFAULT NULL COMMENT '创建时间',
  `update_by` varchar(64) DEFAULT '' COMMENT '更新者',
  `update_time` datetime DEFAULT NULL COMMENT '更新时间',
  `remark` varchar(255) DEFAULT NULL COMMENT '备注',
  PRIMARY KEY (`notice_id`) USING BTREE
) ENGINE=InnoDB AUTO_INCREMENT=10 DEFAULT CHARSET=utf8mb4 COLLATE=utf8mb4_0900_ai_ci COMMENT='通知公告表';

-- ----------------------------
-- Records of sys_notice
-- ----------------------------
BEGIN;
INSERT INTO `sys_notice` (`notice_id`, `notice_title`, `notice_type`, `notice_content`, `status`, `create_by`, `create_time`, `update_by`, `update_time`, `remark`) VALUES (1, '温馨提醒：2018-07-01 vfadmin新版本发布啦', '2', 0xE696B0E78988E69CACE58685E5AEB9, '0', 'admin', '2024-11-13 14:12:03', '', NULL, '管理员');
INSERT INTO `sys_notice` (`notice_id`, `notice_title`, `notice_type`, `notice_content`, `status`, `create_by`, `create_time`, `update_by`, `update_time`, `remark`) VALUES (2, '维护通知：2018-07-01 vfadmin系统凌晨维护', '1', 0xE7BBB4E68AA4E58685E5AEB9, '0', 'admin', '2024-11-13 14:12:03', '', NULL, '管理员');
COMMIT;

-- ----------------------------
-- Table structure for sys_oper_log
-- ----------------------------
DROP TABLE IF EXISTS `sys_oper_log`;
CREATE TABLE `sys_oper_log` (
  `oper_id` bigint NOT NULL AUTO_INCREMENT COMMENT '日志主键',
  `title` varchar(50) DEFAULT '' COMMENT '模块标题',
  `business_type` int DEFAULT '0' COMMENT '业务类型（0其它 1新增 2修改 3删除）',
  `method` varchar(100) DEFAULT '' COMMENT '方法名称',
  `request_method` varchar(10) DEFAULT '' COMMENT '请求方式',
  `operator_type` int DEFAULT '0' COMMENT '操作类别（0其它 1后台用户 2手机端用户）',
  `oper_name` varchar(50) DEFAULT '' COMMENT '操作人员',
  `dept_name` varchar(50) DEFAULT '' COMMENT '部门名称',
  `oper_url` varchar(255) DEFAULT '' COMMENT '请求URL',
  `oper_ip` varchar(128) DEFAULT '' COMMENT '主机地址',
  `oper_location` varchar(255) DEFAULT '' COMMENT '操作地点',
  `oper_param` longtext COMMENT '请求参数',
  `json_result` longtext COMMENT '返回参数',
  `status` int DEFAULT '0' COMMENT '操作状态（0正常 1异常）',
  `error_msg` longtext COMMENT '错误消息',
  `oper_time` datetime DEFAULT NULL COMMENT '操作时间',
  `cost_time` bigint DEFAULT '0' COMMENT '消耗时间',
  PRIMARY KEY (`oper_id`) USING BTREE,
  KEY `idx_sys_oper_log_bt` (`business_type`) USING BTREE,
  KEY `idx_sys_oper_log_s` (`status`) USING BTREE,
  KEY `idx_sys_oper_log_ot` (`oper_time`) USING BTREE
) ENGINE=InnoDB AUTO_INCREMENT=827 DEFAULT CHARSET=utf8mb4 COLLATE=utf8mb4_0900_ai_ci COMMENT='操作日志记录';

-- ----------------------------
-- Records of sys_oper_log
-- ----------------------------
BEGIN;
INSERT INTO `sys_oper_log` (`oper_id`, `title`, `business_type`, `method`, `request_method`, `operator_type`, `oper_name`, `dept_name`, `oper_url`, `oper_ip`, `oper_location`, `oper_param`, `json_result`, `status`, `error_msg`, `oper_time`, `cost_time`) VALUES (644, '菜单管理', 3, 'module_admin/controller/menu_controller.delete_system_menu()', 'DELETE', 1, 'admin', '研发部门', '/system/menu/2024', '', '内网IP', '{\"menu_ids\": \"2024\"}', '{\"code\": 601, \"msg\": \"存在子菜单,不允许删除\", \"success\": false, \"time\": \"2025-01-13T13:48:05.549061\"}', 1, '存在子菜单,不允许删除', '2025-01-13 13:48:06', 0);
INSERT INTO `sys_oper_log` (`oper_id`, `title`, `business_type`, `method`, `request_method`, `operator_type`, `oper_name`, `dept_name`, `oper_url`, `oper_ip`, `oper_location`, `oper_param`, `json_result`, `status`, `error_msg`, `oper_time`, `cost_time`) VALUES (645, '菜单管理', 3, 'module_admin/controller/menu_controller.delete_system_menu()', 'DELETE', 1, 'admin', '研发部门', '/system/menu/2025', '', '内网IP', '{\"menu_ids\": \"2025\"}', '{\"code\": 200, \"msg\": \"删除成功\", \"success\": true, \"time\": \"2025-01-13T13:48:11.103893\"}', 0, '', '2025-01-13 13:48:11', 2);
INSERT INTO `sys_oper_log` (`oper_id`, `title`, `business_type`, `method`, `request_method`, `operator_type`, `oper_name`, `dept_name`, `oper_url`, `oper_ip`, `oper_location`, `oper_param`, `json_result`, `status`, `error_msg`, `oper_time`, `cost_time`) VALUES (646, '菜单管理', 3, 'module_admin/controller/menu_controller.delete_system_menu()', 'DELETE', 1, 'admin', '研发部门', '/system/menu/2024', '', '内网IP', '{\"menu_ids\": \"2024\"}', '{\"code\": 200, \"msg\": \"删除成功\", \"success\": true, \"time\": \"2025-01-13T13:48:13.701985\"}', 0, '', '2025-01-13 13:48:14', 0);
INSERT INTO `sys_oper_log` (`oper_id`, `title`, `business_type`, `method`, `request_method`, `operator_type`, `oper_name`, `dept_name`, `oper_url`, `oper_ip`, `oper_location`, `oper_param`, `json_result`, `status`, `error_msg`, `oper_time`, `cost_time`) VALUES (647, '菜单管理', 3, 'module_admin/controller/menu_controller.delete_system_menu()', 'DELETE', 1, 'admin', '研发部门', '/system/menu/2027', '', '内网IP', '{\"menu_ids\": \"2027\"}', '{\"code\": 200, \"msg\": \"删除成功\", \"success\": true, \"time\": \"2025-01-13T13:48:19.222651\"}', 0, '', '2025-01-13 13:48:19', 0);
INSERT INTO `sys_oper_log` (`oper_id`, `title`, `business_type`, `method`, `request_method`, `operator_type`, `oper_name`, `dept_name`, `oper_url`, `oper_ip`, `oper_location`, `oper_param`, `json_result`, `status`, `error_msg`, `oper_time`, `cost_time`) VALUES (648, '菜单管理', 3, 'module_admin/controller/menu_controller.delete_system_menu()', 'DELETE', 1, 'admin', '研发部门', '/system/menu/2026', '', '内网IP', '{\"menu_ids\": \"2026\"}', '{\"code\": 200, \"msg\": \"删除成功\", \"success\": true, \"time\": \"2025-01-13T13:48:21.504912\"}', 0, '', '2025-01-13 13:48:21', 0);
INSERT INTO `sys_oper_log` (`oper_id`, `title`, `business_type`, `method`, `request_method`, `operator_type`, `oper_name`, `dept_name`, `oper_url`, `oper_ip`, `oper_location`, `oper_param`, `json_result`, `status`, `error_msg`, `oper_time`, `cost_time`) VALUES (649, '菜单管理', 3, 'module_admin/controller/menu_controller.delete_system_menu()', 'DELETE', 1, 'admin', '研发部门', '/system/menu/2023', '', '内网IP', '{\"menu_ids\": \"2023\"}', '{\"code\": 200, \"msg\": \"删除成功\", \"success\": true, \"time\": \"2025-01-13T13:48:23.764089\"}', 0, '', '2025-01-13 13:48:24', 0);
INSERT INTO `sys_oper_log` (`oper_id`, `title`, `business_type`, `method`, `request_method`, `operator_type`, `oper_name`, `dept_name`, `oper_url`, `oper_ip`, `oper_location`, `oper_param`, `json_result`, `status`, `error_msg`, `oper_time`, `cost_time`) VALUES (650, '菜单管理', 3, 'module_admin/controller/menu_controller.delete_system_menu()', 'DELETE', 1, 'admin', '研发部门', '/system/menu/2022', '', '内网IP', '{\"menu_ids\": \"2022\"}', '{\"code\": 601, \"msg\": \"菜单已分配,不允许删除\", \"success\": false, \"time\": \"2025-01-13T13:48:30.018083\"}', 1, '菜单已分配,不允许删除', '2025-01-13 13:48:30', 0);
INSERT INTO `sys_oper_log` (`oper_id`, `title`, `business_type`, `method`, `request_method`, `operator_type`, `oper_name`, `dept_name`, `oper_url`, `oper_ip`, `oper_location`, `oper_param`, `json_result`, `status`, `error_msg`, `oper_time`, `cost_time`) VALUES (651, '菜单管理', 3, 'module_admin/controller/menu_controller.delete_system_menu()', 'DELETE', 1, 'admin', '研发部门', '/system/menu/2022', '', '内网IP', '{\"menu_ids\": \"2022\"}', '{\"code\": 601, \"msg\": \"菜单已分配,不允许删除\", \"success\": false, \"time\": \"2025-01-13T13:48:32.215802\"}', 1, '菜单已分配,不允许删除', '2025-01-13 13:48:32', 0);
INSERT INTO `sys_oper_log` (`oper_id`, `title`, `business_type`, `method`, `request_method`, `operator_type`, `oper_name`, `dept_name`, `oper_url`, `oper_ip`, `oper_location`, `oper_param`, `json_result`, `status`, `error_msg`, `oper_time`, `cost_time`) VALUES (652, '菜单管理', 3, 'module_admin/controller/menu_controller.delete_system_menu()', 'DELETE', 1, 'admin', '研发部门', '/system/menu/2021', '', '内网IP', '{\"menu_ids\": \"2021\"}', '{\"code\": 601, \"msg\": \"菜单已分配,不允许删除\", \"success\": false, \"time\": \"2025-01-13T13:48:35.544470\"}', 1, '菜单已分配,不允许删除', '2025-01-13 13:48:36', 0);
INSERT INTO `sys_oper_log` (`oper_id`, `title`, `business_type`, `method`, `request_method`, `operator_type`, `oper_name`, `dept_name`, `oper_url`, `oper_ip`, `oper_location`, `oper_param`, `json_result`, `status`, `error_msg`, `oper_time`, `cost_time`) VALUES (653, '角色管理', 2, 'module_admin/controller/role_controller.edit_system_role()', 'PUT', 1, 'admin', '研发部门', '/system/role', '', '内网IP', '{\"roleId\": 2, \"roleName\": \"普通角色\", \"roleKey\": \"common\", \"roleSort\": 2, \"dataScope\": \"1\", \"menuCheckStrictly\": true, \"deptCheckStrictly\": true, \"status\": \"0\", \"delFlag\": \"0\", \"createBy\": \"admin\", \"createTime\": \"2024-11-13T14:12:02\", \"updateBy\": \"admin\", \"updateTime\": \"2024-12-18T10:04:30\", \"remark\": \"普通角色\", \"admin\": false, \"menuIds\": [1, 100, 1000, 1001, 1002, 1003, 1004, 1005, 1006, 101, 1007, 1008, 1009, 1010, 1011, 103, 1016, 1017, 1018, 1019]}', '{\"code\": 200, \"msg\": \"更新成功\", \"success\": true, \"time\": \"2025-01-13T13:49:21.850742\"}', 0, '', '2025-01-13 13:49:22', 1);
INSERT INTO `sys_oper_log` (`oper_id`, `title`, `business_type`, `method`, `request_method`, `operator_type`, `oper_name`, `dept_name`, `oper_url`, `oper_ip`, `oper_location`, `oper_param`, `json_result`, `status`, `error_msg`, `oper_time`, `cost_time`) VALUES (654, '角色管理', 2, 'module_admin/controller/role_controller.edit_system_role()', 'PUT', 1, 'admin', '研发部门', '/system/role', '', '内网IP', '{\"roleId\": 100, \"roleName\": \"文章管理\", \"roleKey\": \"文章管理\", \"roleSort\": 0, \"dataScope\": \"1\", \"menuCheckStrictly\": false, \"deptCheckStrictly\": true, \"status\": \"0\", \"delFlag\": \"0\", \"createBy\": \"admin\", \"createTime\": \"2024-12-14T16:22:24\", \"updateBy\": \"姜益收\", \"updateTime\": \"2024-12-18T09:07:39\", \"remark\": \"文章管理\", \"admin\": false, \"menuIds\": []}', '{\"code\": 200, \"msg\": \"更新成功\", \"success\": true, \"time\": \"2025-01-13T13:49:32.507554\"}', 0, '', '2025-01-13 13:49:32', 1);
INSERT INTO `sys_oper_log` (`oper_id`, `title`, `business_type`, `method`, `request_method`, `operator_type`, `oper_name`, `dept_name`, `oper_url`, `oper_ip`, `oper_location`, `oper_param`, `json_result`, `status`, `error_msg`, `oper_time`, `cost_time`) VALUES (655, '菜单管理', 3, 'module_admin/controller/menu_controller.delete_system_menu()', 'DELETE', 1, 'admin', '研发部门', '/system/menu/2020', '', '内网IP', '{\"menu_ids\": \"2020\"}', '{\"code\": 200, \"msg\": \"删除成功\", \"success\": true, \"time\": \"2025-01-13T13:49:43.976915\"}', 0, '', '2025-01-13 13:49:44', 0);
INSERT INTO `sys_oper_log` (`oper_id`, `title`, `business_type`, `method`, `request_method`, `operator_type`, `oper_name`, `dept_name`, `oper_url`, `oper_ip`, `oper_location`, `oper_param`, `json_result`, `status`, `error_msg`, `oper_time`, `cost_time`) VALUES (656, '菜单管理', 3, 'module_admin/controller/menu_controller.delete_system_menu()', 'DELETE', 1, 'admin', '研发部门', '/system/menu/2021', '', '内网IP', '{\"menu_ids\": \"2021\"}', '{\"code\": 200, \"msg\": \"删除成功\", \"success\": true, \"time\": \"2025-01-13T13:49:45.765445\"}', 0, '', '2025-01-13 13:49:46', 0);
INSERT INTO `sys_oper_log` (`oper_id`, `title`, `business_type`, `method`, `request_method`, `operator_type`, `oper_name`, `dept_name`, `oper_url`, `oper_ip`, `oper_location`, `oper_param`, `json_result`, `status`, `error_msg`, `oper_time`, `cost_time`) VALUES (657, '菜单管理', 3, 'module_admin/controller/menu_controller.delete_system_menu()', 'DELETE', 1, 'admin', '研发部门', '/system/menu/2022', '', '内网IP', '{\"menu_ids\": \"2022\"}', '{\"code\": 200, \"msg\": \"删除成功\", \"success\": true, \"time\": \"2025-01-13T13:49:47.490996\"}', 0, '', '2025-01-13 13:49:47', 0);
INSERT INTO `sys_oper_log` (`oper_id`, `title`, `business_type`, `method`, `request_method`, `operator_type`, `oper_name`, `dept_name`, `oper_url`, `oper_ip`, `oper_location`, `oper_param`, `json_result`, `status`, `error_msg`, `oper_time`, `cost_time`) VALUES (658, '菜单管理', 3, 'module_admin/controller/menu_controller.delete_system_menu()', 'DELETE', 1, 'admin', '研发部门', '/system/menu/2013', '', '内网IP', '{\"menu_ids\": \"2013\"}', '{\"code\": 200, \"msg\": \"删除成功\", \"success\": true, \"time\": \"2025-01-13T13:49:49.749566\"}', 0, '', '2025-01-13 13:49:50', 0);
INSERT INTO `sys_oper_log` (`oper_id`, `title`, `business_type`, `method`, `request_method`, `operator_type`, `oper_name`, `dept_name`, `oper_url`, `oper_ip`, `oper_location`, `oper_param`, `json_result`, `status`, `error_msg`, `oper_time`, `cost_time`) VALUES (659, '菜单管理', 3, 'module_admin/controller/menu_controller.delete_system_menu()', 'DELETE', 1, 'admin', '研发部门', '/system/menu/2012', '', '内网IP', '{\"menu_ids\": \"2012\"}', '{\"code\": 200, \"msg\": \"删除成功\", \"success\": true, \"time\": \"2025-01-13T13:49:51.930508\"}', 0, '', '2025-01-13 13:49:52', 0);
INSERT INTO `sys_oper_log` (`oper_id`, `title`, `business_type`, `method`, `request_method`, `operator_type`, `oper_name`, `dept_name`, `oper_url`, `oper_ip`, `oper_location`, `oper_param`, `json_result`, `status`, `error_msg`, `oper_time`, `cost_time`) VALUES (660, '菜单管理', 3, 'module_admin/controller/menu_controller.delete_system_menu()', 'DELETE', 1, 'admin', '研发部门', '/system/menu/2018', '', '内网IP', '{\"menu_ids\": \"2018\"}', '{\"code\": 200, \"msg\": \"删除成功\", \"success\": true, \"time\": \"2025-01-13T13:49:57.698001\"}', 0, '', '2025-01-13 13:49:58', 0);
INSERT INTO `sys_oper_log` (`oper_id`, `title`, `business_type`, `method`, `request_method`, `operator_type`, `oper_name`, `dept_name`, `oper_url`, `oper_ip`, `oper_location`, `oper_param`, `json_result`, `status`, `error_msg`, `oper_time`, `cost_time`) VALUES (661, '菜单管理', 3, 'module_admin/controller/menu_controller.delete_system_menu()', 'DELETE', 1, 'admin', '研发部门', '/system/menu/2019', '', '内网IP', '{\"menu_ids\": \"2019\"}', '{\"code\": 200, \"msg\": \"删除成功\", \"success\": true, \"time\": \"2025-01-13T13:50:00.691762\"}', 0, '', '2025-01-13 13:50:01', 0);
INSERT INTO `sys_oper_log` (`oper_id`, `title`, `business_type`, `method`, `request_method`, `operator_type`, `oper_name`, `dept_name`, `oper_url`, `oper_ip`, `oper_location`, `oper_param`, `json_result`, `status`, `error_msg`, `oper_time`, `cost_time`) VALUES (662, '菜单管理', 3, 'module_admin/controller/menu_controller.delete_system_menu()', 'DELETE', 1, 'admin', '研发部门', '/system/menu/2017', '', '内网IP', '{\"menu_ids\": \"2017\"}', '{\"code\": 200, \"msg\": \"删除成功\", \"success\": true, \"time\": \"2025-01-13T13:50:03.126192\"}', 0, '', '2025-01-13 13:50:03', 0);
INSERT INTO `sys_oper_log` (`oper_id`, `title`, `business_type`, `method`, `request_method`, `operator_type`, `oper_name`, `dept_name`, `oper_url`, `oper_ip`, `oper_location`, `oper_param`, `json_result`, `status`, `error_msg`, `oper_time`, `cost_time`) VALUES (663, '菜单管理', 3, 'module_admin/controller/menu_controller.delete_system_menu()', 'DELETE', 1, 'admin', '研发部门', '/system/menu/2010', '', '内网IP', '{\"menu_ids\": \"2010\"}', '{\"code\": 200, \"msg\": \"删除成功\", \"success\": true, \"time\": \"2025-01-13T13:50:10.021518\"}', 0, '', '2025-01-13 13:50:10', 0);
INSERT INTO `sys_oper_log` (`oper_id`, `title`, `business_type`, `method`, `request_method`, `operator_type`, `oper_name`, `dept_name`, `oper_url`, `oper_ip`, `oper_location`, `oper_param`, `json_result`, `status`, `error_msg`, `oper_time`, `cost_time`) VALUES (664, '菜单管理', 3, 'module_admin/controller/menu_controller.delete_system_menu()', 'DELETE', 1, 'admin', '研发部门', '/system/menu/2015', '', '内网IP', '{\"menu_ids\": \"2015\"}', '{\"code\": 200, \"msg\": \"删除成功\", \"success\": true, \"time\": \"2025-01-13T13:50:13.713535\"}', 0, '', '2025-01-13 13:50:14', 0);
INSERT INTO `sys_oper_log` (`oper_id`, `title`, `business_type`, `method`, `request_method`, `operator_type`, `oper_name`, `dept_name`, `oper_url`, `oper_ip`, `oper_location`, `oper_param`, `json_result`, `status`, `error_msg`, `oper_time`, `cost_time`) VALUES (665, '菜单管理', 3, 'module_admin/controller/menu_controller.delete_system_menu()', 'DELETE', 1, 'admin', '研发部门', '/system/menu/2016', '', '内网IP', '{\"menu_ids\": \"2016\"}', '{\"code\": 200, \"msg\": \"删除成功\", \"success\": true, \"time\": \"2025-01-13T13:50:15.847678\"}', 0, '', '2025-01-13 13:50:16', 0);
INSERT INTO `sys_oper_log` (`oper_id`, `title`, `business_type`, `method`, `request_method`, `operator_type`, `oper_name`, `dept_name`, `oper_url`, `oper_ip`, `oper_location`, `oper_param`, `json_result`, `status`, `error_msg`, `oper_time`, `cost_time`) VALUES (666, '菜单管理', 3, 'module_admin/controller/menu_controller.delete_system_menu()', 'DELETE', 1, 'admin', '研发部门', '/system/menu/2014', '', '内网IP', '{\"menu_ids\": \"2014\"}', '{\"code\": 200, \"msg\": \"删除成功\", \"success\": true, \"time\": \"2025-01-13T13:50:17.841216\"}', 0, '', '2025-01-13 13:50:18', 0);
INSERT INTO `sys_oper_log` (`oper_id`, `title`, `business_type`, `method`, `request_method`, `operator_type`, `oper_name`, `dept_name`, `oper_url`, `oper_ip`, `oper_location`, `oper_param`, `json_result`, `status`, `error_msg`, `oper_time`, `cost_time`) VALUES (667, '菜单管理', 3, 'module_admin/controller/menu_controller.delete_system_menu()', 'DELETE', 1, 'admin', '研发部门', '/system/menu/2011', '', '内网IP', '{\"menu_ids\": \"2011\"}', '{\"code\": 200, \"msg\": \"删除成功\", \"success\": true, \"time\": \"2025-01-13T13:50:21.213763\"}', 0, '', '2025-01-13 13:50:21', 0);
INSERT INTO `sys_oper_log` (`oper_id`, `title`, `business_type`, `method`, `request_method`, `operator_type`, `oper_name`, `dept_name`, `oper_url`, `oper_ip`, `oper_location`, `oper_param`, `json_result`, `status`, `error_msg`, `oper_time`, `cost_time`) VALUES (668, '菜单管理', 3, 'module_admin/controller/menu_controller.delete_system_menu()', 'DELETE', 1, 'admin', '研发部门', '/system/menu/2009', '', '内网IP', '{\"menu_ids\": \"2009\"}', '{\"code\": 200, \"msg\": \"删除成功\", \"success\": true, \"time\": \"2025-01-13T13:50:25.816517\"}', 0, '', '2025-01-13 13:50:26', 0);
INSERT INTO `sys_oper_log` (`oper_id`, `title`, `business_type`, `method`, `request_method`, `operator_type`, `oper_name`, `dept_name`, `oper_url`, `oper_ip`, `oper_location`, `oper_param`, `json_result`, `status`, `error_msg`, `oper_time`, `cost_time`) VALUES (669, '菜单管理', 3, 'module_admin/controller/menu_controller.delete_system_menu()', 'DELETE', 1, 'admin', '研发部门', '/system/menu/2003', '', '内网IP', '{\"menu_ids\": \"2003\"}', '{\"code\": 200, \"msg\": \"删除成功\", \"success\": true, \"time\": \"2025-01-13T13:50:31.235590\"}', 0, '', '2025-01-13 13:50:31', 0);
INSERT INTO `sys_oper_log` (`oper_id`, `title`, `business_type`, `method`, `request_method`, `operator_type`, `oper_name`, `dept_name`, `oper_url`, `oper_ip`, `oper_location`, `oper_param`, `json_result`, `status`, `error_msg`, `oper_time`, `cost_time`) VALUES (670, '菜单管理', 3, 'module_admin/controller/menu_controller.delete_system_menu()', 'DELETE', 1, 'admin', '研发部门', '/system/menu/2004', '', '内网IP', '{\"menu_ids\": \"2004\"}', '{\"code\": 200, \"msg\": \"删除成功\", \"success\": true, \"time\": \"2025-01-13T13:50:32.851805\"}', 0, '', '2025-01-13 13:50:33', 0);
INSERT INTO `sys_oper_log` (`oper_id`, `title`, `business_type`, `method`, `request_method`, `operator_type`, `oper_name`, `dept_name`, `oper_url`, `oper_ip`, `oper_location`, `oper_param`, `json_result`, `status`, `error_msg`, `oper_time`, `cost_time`) VALUES (671, '菜单管理', 3, 'module_admin/controller/menu_controller.delete_system_menu()', 'DELETE', 1, 'admin', '研发部门', '/system/menu/2005', '', '内网IP', '{\"menu_ids\": \"2005\"}', '{\"code\": 601, \"msg\": \"存在子菜单,不允许删除\", \"success\": false, \"time\": \"2025-01-13T13:50:34.400524\"}', 1, '存在子菜单,不允许删除', '2025-01-13 13:50:34', 0);
INSERT INTO `sys_oper_log` (`oper_id`, `title`, `business_type`, `method`, `request_method`, `operator_type`, `oper_name`, `dept_name`, `oper_url`, `oper_ip`, `oper_location`, `oper_param`, `json_result`, `status`, `error_msg`, `oper_time`, `cost_time`) VALUES (672, '菜单管理', 3, 'module_admin/controller/menu_controller.delete_system_menu()', 'DELETE', 1, 'admin', '研发部门', '/system/menu/2006', '', '内网IP', '{\"menu_ids\": \"2006\"}', '{\"code\": 200, \"msg\": \"删除成功\", \"success\": true, \"time\": \"2025-01-13T13:50:43.539133\"}', 0, '', '2025-01-13 13:50:44', 0);
INSERT INTO `sys_oper_log` (`oper_id`, `title`, `business_type`, `method`, `request_method`, `operator_type`, `oper_name`, `dept_name`, `oper_url`, `oper_ip`, `oper_location`, `oper_param`, `json_result`, `status`, `error_msg`, `oper_time`, `cost_time`) VALUES (673, '菜单管理', 3, 'module_admin/controller/menu_controller.delete_system_menu()', 'DELETE', 1, 'admin', '研发部门', '/system/menu/2007', '', '内网IP', '{\"menu_ids\": \"2007\"}', '{\"code\": 200, \"msg\": \"删除成功\", \"success\": true, \"time\": \"2025-01-13T13:50:46.311467\"}', 0, '', '2025-01-13 13:50:46', 0);
INSERT INTO `sys_oper_log` (`oper_id`, `title`, `business_type`, `method`, `request_method`, `operator_type`, `oper_name`, `dept_name`, `oper_url`, `oper_ip`, `oper_location`, `oper_param`, `json_result`, `status`, `error_msg`, `oper_time`, `cost_time`) VALUES (674, '菜单管理', 3, 'module_admin/controller/menu_controller.delete_system_menu()', 'DELETE', 1, 'admin', '研发部门', '/system/menu/2008', '', '内网IP', '{\"menu_ids\": \"2008\"}', '{\"code\": 200, \"msg\": \"删除成功\", \"success\": true, \"time\": \"2025-01-13T13:50:47.948895\"}', 0, '', '2025-01-13 13:50:48', 0);
INSERT INTO `sys_oper_log` (`oper_id`, `title`, `business_type`, `method`, `request_method`, `operator_type`, `oper_name`, `dept_name`, `oper_url`, `oper_ip`, `oper_location`, `oper_param`, `json_result`, `status`, `error_msg`, `oper_time`, `cost_time`) VALUES (675, '菜单管理', 3, 'module_admin/controller/menu_controller.delete_system_menu()', 'DELETE', 1, 'admin', '研发部门', '/system/menu/2005', '', '内网IP', '{\"menu_ids\": \"2005\"}', '{\"code\": 200, \"msg\": \"删除成功\", \"success\": true, \"time\": \"2025-01-13T13:50:50.256895\"}', 0, '', '2025-01-13 13:50:50', 0);
INSERT INTO `sys_oper_log` (`oper_id`, `title`, `business_type`, `method`, `request_method`, `operator_type`, `oper_name`, `dept_name`, `oper_url`, `oper_ip`, `oper_location`, `oper_param`, `json_result`, `status`, `error_msg`, `oper_time`, `cost_time`) VALUES (676, '菜单管理', 3, 'module_admin/controller/menu_controller.delete_system_menu()', 'DELETE', 1, 'admin', '研发部门', '/system/menu/2002', '', '内网IP', '{\"menu_ids\": \"2002\"}', '{\"code\": 200, \"msg\": \"删除成功\", \"success\": true, \"time\": \"2025-01-13T13:50:52.316253\"}', 0, '', '2025-01-13 13:50:52', 0);
INSERT INTO `sys_oper_log` (`oper_id`, `title`, `business_type`, `method`, `request_method`, `operator_type`, `oper_name`, `dept_name`, `oper_url`, `oper_ip`, `oper_location`, `oper_param`, `json_result`, `status`, `error_msg`, `oper_time`, `cost_time`) VALUES (677, '菜单管理', 3, 'module_admin/controller/menu_controller.delete_system_menu()', 'DELETE', 1, 'admin', '研发部门', '/system/menu/2001', '', '内网IP', '{\"menu_ids\": \"2001\"}', '{\"code\": 200, \"msg\": \"删除成功\", \"success\": true, \"time\": \"2025-01-13T13:50:54.262562\"}', 0, '', '2025-01-13 13:50:54', 0);
INSERT INTO `sys_oper_log` (`oper_id`, `title`, `business_type`, `method`, `request_method`, `operator_type`, `oper_name`, `dept_name`, `oper_url`, `oper_ip`, `oper_location`, `oper_param`, `json_result`, `status`, `error_msg`, `oper_time`, `cost_time`) VALUES (678, '菜单管理', 3, 'module_admin/controller/menu_controller.delete_system_menu()', 'DELETE', 1, 'admin', '研发部门', '/system/menu/2000', '', '内网IP', '{\"menu_ids\": \"2000\"}', '{\"code\": 200, \"msg\": \"删除成功\", \"success\": true, \"time\": \"2025-01-13T13:50:56.599779\"}', 0, '', '2025-01-13 13:50:57', 0);
INSERT INTO `sys_oper_log` (`oper_id`, `title`, `business_type`, `method`, `request_method`, `operator_type`, `oper_name`, `dept_name`, `oper_url`, `oper_ip`, `oper_location`, `oper_param`, `json_result`, `status`, `error_msg`, `oper_time`, `cost_time`) VALUES (679, '字典类型', 1, 'module_admin/controller/dict_controller.add_system_dict_type()', 'POST', 1, 'admin', '研发部门', '/system/dict/type', '', '内网IP', '{\"dictName\": \"车辆类型\", \"dictType\": \"car_type\"}', '{\"code\": 200, \"msg\": \"新增成功\", \"success\": true, \"time\": \"2025-01-17T14:11:43.838953\"}', 0, '', '2025-01-17 14:11:44', 1);
INSERT INTO `sys_oper_log` (`oper_id`, `title`, `business_type`, `method`, `request_method`, `operator_type`, `oper_name`, `dept_name`, `oper_url`, `oper_ip`, `oper_location`, `oper_param`, `json_result`, `status`, `error_msg`, `oper_time`, `cost_time`) VALUES (680, '字典数据', 1, 'module_admin/controller/dict_controller.add_system_dict_data()', 'POST', 1, 'admin', '研发部门', '/system/dict/data', '', '内网IP', '{\"dictLabel\": \"越野车\", \"dictValue\": \"1\", \"listClass\": \"primary\", \"dictSort\": 0, \"status\": \"0\", \"dictType\": \"car_type\"}', '{\"code\": 200, \"msg\": \"新增成功\", \"success\": true, \"time\": \"2025-01-17T14:12:25.091650\"}', 0, '', '2025-01-17 14:12:25', 1);
INSERT INTO `sys_oper_log` (`oper_id`, `title`, `business_type`, `method`, `request_method`, `operator_type`, `oper_name`, `dept_name`, `oper_url`, `oper_ip`, `oper_location`, `oper_param`, `json_result`, `status`, `error_msg`, `oper_time`, `cost_time`) VALUES (681, '字典数据', 1, 'module_admin/controller/dict_controller.add_system_dict_data()', 'POST', 1, 'admin', '研发部门', '/system/dict/data', '', '内网IP', '{\"dictLabel\": \"小汽车\", \"dictValue\": \"2\", \"listClass\": \"success\", \"dictSort\": 0, \"status\": \"0\", \"dictType\": \"car_type\"}', '{\"code\": 200, \"msg\": \"新增成功\", \"success\": true, \"time\": \"2025-01-17T14:12:47.824332\"}', 0, '', '2025-01-17 14:12:48', 1);
INSERT INTO `sys_oper_log` (`oper_id`, `title`, `business_type`, `method`, `request_method`, `operator_type`, `oper_name`, `dept_name`, `oper_url`, `oper_ip`, `oper_location`, `oper_param`, `json_result`, `status`, `error_msg`, `oper_time`, `cost_time`) VALUES (682, '菜单管理', 1, 'module_admin/controller/menu_controller.add_system_menu()', 'POST', 1, 'admin', '研发部门', '/system/menu', '', '内网IP', '{\"parentId\": 0, \"menuName\": \"业务菜单\", \"icon\": \"dict\", \"menuType\": \"M\", \"orderNum\": 4, \"isFrame\": 1, \"isCache\": 0, \"visible\": \"0\", \"status\": \"0\", \"path\": \"carInfo\"}', '{\"code\": 200, \"msg\": \"新增成功\", \"success\": true, \"time\": \"2025-01-17T14:16:08.362767\"}', 0, '', '2025-01-17 14:16:08', 1);
INSERT INTO `sys_oper_log` (`oper_id`, `title`, `business_type`, `method`, `request_method`, `operator_type`, `oper_name`, `dept_name`, `oper_url`, `oper_ip`, `oper_location`, `oper_param`, `json_result`, `status`, `error_msg`, `oper_time`, `cost_time`) VALUES (683, '字典类型', 2, 'module_admin/controller/dict_controller.edit_system_dict_type()', 'PUT', 1, 'admin', '研发部门', '/system/dict/type', '', '内网IP', '{\"dictId\": 106, \"dictName\": \"车辆类型\", \"dictType\": \"car_type_dict\", \"status\": \"0\", \"createBy\": \"admin\", \"createTime\": \"2025-01-17T14:11:44\", \"updateBy\": \"admin\", \"updateTime\": \"2025-01-17T14:11:44\", \"remark\": null}', '{\"code\": 500, \"msg\": \"\'dict\' object has no attribute \'dict_code\'\", \"success\": false, \"time\": \"2025-01-17T21:54:05.359039\"}', 1, '\'dict\' object has no attribute \'dict_code\'', '2025-01-17 21:54:05', 3);
INSERT INTO `sys_oper_log` (`oper_id`, `title`, `business_type`, `method`, `request_method`, `operator_type`, `oper_name`, `dept_name`, `oper_url`, `oper_ip`, `oper_location`, `oper_param`, `json_result`, `status`, `error_msg`, `oper_time`, `cost_time`) VALUES (684, '字典类型', 2, 'module_admin/controller/dict_controller.edit_system_dict_type()', 'PUT', 1, 'admin', '研发部门', '/system/dict/type', '', '内网IP', '{\"dictId\": 106, \"dictName\": \"车辆类型\", \"dictType\": \"car_type_dict\", \"status\": \"0\", \"createBy\": \"admin\", \"createTime\": \"2025-01-17T14:11:44\", \"updateBy\": \"admin\", \"updateTime\": \"2025-01-17T14:11:44\", \"remark\": null}', '{\"code\": 500, \"msg\": \"\'dict\' object has no attribute \'dict_code\'\", \"success\": false, \"time\": \"2025-01-17T21:54:10.848637\"}', 1, '\'dict\' object has no attribute \'dict_code\'', '2025-01-17 21:54:11', 3);
INSERT INTO `sys_oper_log` (`oper_id`, `title`, `business_type`, `method`, `request_method`, `operator_type`, `oper_name`, `dept_name`, `oper_url`, `oper_ip`, `oper_location`, `oper_param`, `json_result`, `status`, `error_msg`, `oper_time`, `cost_time`) VALUES (685, '字典类型', 2, 'module_admin/controller/dict_controller.edit_system_dict_type()', 'PUT', 1, 'admin', '研发部门', '/system/dict/type', '', '内网IP', '{\"dictId\": 106, \"dictName\": \"车辆类型\", \"dictType\": \"car_type_dict\", \"status\": \"0\", \"createBy\": \"admin\", \"createTime\": \"2025-01-17T14:11:44\", \"updateBy\": \"admin\", \"updateTime\": \"2025-01-17T14:11:44\", \"remark\": null}', '{\"code\": 500, \"msg\": \"\'dict\' object has no attribute \'dict_code\'\", \"success\": false, \"time\": \"2025-01-17T21:54:15.945600\"}', 1, '\'dict\' object has no attribute \'dict_code\'', '2025-01-17 21:54:16', 3);
INSERT INTO `sys_oper_log` (`oper_id`, `title`, `business_type`, `method`, `request_method`, `operator_type`, `oper_name`, `dept_name`, `oper_url`, `oper_ip`, `oper_location`, `oper_param`, `json_result`, `status`, `error_msg`, `oper_time`, `cost_time`) VALUES (686, '字典类型', 2, 'module_admin/controller/dict_controller.edit_system_dict_type()', 'PUT', 1, 'admin', '研发部门', '/system/dict/type', '', '内网IP', '{\"dictId\": 106, \"dictName\": \"车辆类型\", \"dictType\": \"car_type_dict\", \"status\": \"0\", \"createBy\": \"admin\", \"createTime\": \"2025-01-17T14:11:44\", \"updateBy\": \"admin\", \"updateTime\": \"2025-01-17T14:11:44\", \"remark\": null}', '{\"code\": 500, \"msg\": \"\'dict\' object has no attribute \'dict_code\'\", \"success\": false, \"time\": \"2025-01-17T21:54:19.877169\"}', 1, '\'dict\' object has no attribute \'dict_code\'', '2025-01-17 21:54:20', 2);
INSERT INTO `sys_oper_log` (`oper_id`, `title`, `business_type`, `method`, `request_method`, `operator_type`, `oper_name`, `dept_name`, `oper_url`, `oper_ip`, `oper_location`, `oper_param`, `json_result`, `status`, `error_msg`, `oper_time`, `cost_time`) VALUES (687, '字典类型', 2, 'module_admin/controller/dict_controller.edit_system_dict_type()', 'PUT', 1, 'admin', '研发部门', '/system/dict/type', '', '内网IP', '{\"dictId\": 106, \"dictName\": \"车辆类型\", \"dictType\": \"car_type_dict\", \"status\": \"0\", \"createBy\": \"admin\", \"createTime\": \"2025-01-17T14:11:44\", \"updateBy\": \"admin\", \"updateTime\": \"2025-01-17T14:11:44\", \"remark\": null}', '{\"code\": 500, \"msg\": \"\'dict\' object has no attribute \'dict_code\'\", \"success\": false, \"time\": \"2025-01-17T21:54:33.738278\"}', 1, '\'dict\' object has no attribute \'dict_code\'', '2025-01-17 21:54:34', 2);
INSERT INTO `sys_oper_log` (`oper_id`, `title`, `business_type`, `method`, `request_method`, `operator_type`, `oper_name`, `dept_name`, `oper_url`, `oper_ip`, `oper_location`, `oper_param`, `json_result`, `status`, `error_msg`, `oper_time`, `cost_time`) VALUES (688, '字典类型', 2, 'module_admin/controller/dict_controller.edit_system_dict_type()', 'PUT', 1, 'admin', '研发部门', '/system/dict/type', '', '内网IP', '{\"dictId\": 106, \"dictName\": \"车辆类型\", \"dictType\": \"car_type_dicts\", \"status\": \"0\", \"createBy\": \"admin\", \"createTime\": \"2025-01-17T14:11:44\", \"updateBy\": \"admin\", \"updateTime\": \"2025-01-17T14:11:44\", \"remark\": null}', '{\"code\": 500, \"msg\": \"\'dict\' object has no attribute \'dict_code\'\", \"success\": false, \"time\": \"2025-01-17T21:55:44.311893\"}', 1, '\'dict\' object has no attribute \'dict_code\'', '2025-01-17 21:55:44', 2);
INSERT INTO `sys_oper_log` (`oper_id`, `title`, `business_type`, `method`, `request_method`, `operator_type`, `oper_name`, `dept_name`, `oper_url`, `oper_ip`, `oper_location`, `oper_param`, `json_result`, `status`, `error_msg`, `oper_time`, `cost_time`) VALUES (689, '字典类型', 2, 'module_admin/controller/dict_controller.edit_system_dict_type()', 'PUT', 1, 'admin', '研发部门', '/system/dict/type', '', '内网IP', '{\"dictId\": 106, \"dictName\": \"车辆类型\", \"dictType\": \"car_type_dict\", \"status\": \"0\", \"createBy\": \"admin\", \"createTime\": \"2025-01-17T14:11:44\", \"updateBy\": \"admin\", \"updateTime\": \"2025-01-17T14:11:44\", \"remark\": null}', '{\"code\": 500, \"msg\": \"\'dict\' object has no attribute \'dict_code\'\", \"success\": false, \"time\": \"2025-01-17T22:28:20.835420\"}', 1, '\'dict\' object has no attribute \'dict_code\'', '2025-01-17 22:28:21', 3);
INSERT INTO `sys_oper_log` (`oper_id`, `title`, `business_type`, `method`, `request_method`, `operator_type`, `oper_name`, `dept_name`, `oper_url`, `oper_ip`, `oper_location`, `oper_param`, `json_result`, `status`, `error_msg`, `oper_time`, `cost_time`) VALUES (690, '字典类型', 2, 'module_admin/controller/dict_controller.refresh_system_dict()', 'DELETE', 1, 'admin', '研发部门', '/system/dict/type/refreshCache', '', '内网IP', '{}', '{\"code\": 200, \"msg\": \"刷新成功\", \"success\": true, \"time\": \"2025-01-17T22:28:30.960908\"}', 0, '', '2025-01-17 22:28:31', 6);
INSERT INTO `sys_oper_log` (`oper_id`, `title`, `business_type`, `method`, `request_method`, `operator_type`, `oper_name`, `dept_name`, `oper_url`, `oper_ip`, `oper_location`, `oper_param`, `json_result`, `status`, `error_msg`, `oper_time`, `cost_time`) VALUES (691, '字典类型', 2, 'module_admin/controller/dict_controller.refresh_system_dict()', 'DELETE', 1, 'admin', '研发部门', '/system/dict/type/refreshCache', '', '内网IP', '{}', '{\"code\": 200, \"msg\": \"刷新成功\", \"success\": true, \"time\": \"2025-01-17T22:37:54.209106\"}', 0, '', '2025-01-17 22:37:54', 7);
INSERT INTO `sys_oper_log` (`oper_id`, `title`, `business_type`, `method`, `request_method`, `operator_type`, `oper_name`, `dept_name`, `oper_url`, `oper_ip`, `oper_location`, `oper_param`, `json_result`, `status`, `error_msg`, `oper_time`, `cost_time`) VALUES (692, 'car_info', 1, 'module_admin/controller/car_info_controller.add_car_info()', 'POST', 1, 'admin', '研发部门', '/car/info/add', '', '内网IP', '{\"carName\": \"小车二号\", \"carType\": 2, \"createTime\": null, \"delFlag\": null, \"id\": null, \"image\": \"qiniu.com\", \"lat\": \"35.9323\", \"lng\": \"180.3232\", \"location\": \"苏宁写字楼\", \"manager\": \"3\", \"price\": \"588\", \"updateTime\": null}', '{\"code\": 200, \"msg\": \"操作成功\", \"data\": {\"carName\": null, \"carType\": null, \"createTime\": null, \"beginCreateTime\": null, \"endCreateTime\": null, \"delFlag\": null, \"id\": null, \"image\": null, \"lat\": null, \"lng\": null, \"location\": null, \"manager\": null, \"price\": null, \"beginPrice\": null, \"endPrice\": null, \"updateTime\": null}, \"success\": true, \"time\": \"2025-01-17T23:57:08.045728\"}', 0, '', '2025-01-17 23:57:08', 1);
INSERT INTO `sys_oper_log` (`oper_id`, `title`, `business_type`, `method`, `request_method`, `operator_type`, `oper_name`, `dept_name`, `oper_url`, `oper_ip`, `oper_location`, `oper_param`, `json_result`, `status`, `error_msg`, `oper_time`, `cost_time`) VALUES (693, 'car_info', 3, 'module_admin/controller/car_info_controller.del_car_info()', 'DELETE', 1, 'admin', '研发部门', '/car/info/delete/1', '', '内网IP', '{\"carInfoId\": \"1\"}', '{\"code\": 500, \"msg\": \"name \'del_model\' is not defined\", \"success\": false, \"time\": \"2025-01-18T00:12:39.868937\"}', 1, 'name \'del_model\' is not defined', '2025-01-18 00:12:40', 3);
INSERT INTO `sys_oper_log` (`oper_id`, `title`, `business_type`, `method`, `request_method`, `operator_type`, `oper_name`, `dept_name`, `oper_url`, `oper_ip`, `oper_location`, `oper_param`, `json_result`, `status`, `error_msg`, `oper_time`, `cost_time`) VALUES (694, 'car_info', 3, 'module_admin/controller/car_info_controller.del_car_info()', 'DELETE', 1, 'admin', '研发部门', '/car/info/delete/1', '', '内网IP', '{\"carInfoId\": \"1\"}', '{\"code\": 500, \"msg\": \"name \'del_model\' is not defined\", \"success\": false, \"time\": \"2025-01-18T00:13:02.271308\"}', 1, 'name \'del_model\' is not defined', '2025-01-18 00:13:02', 1);
INSERT INTO `sys_oper_log` (`oper_id`, `title`, `business_type`, `method`, `request_method`, `operator_type`, `oper_name`, `dept_name`, `oper_url`, `oper_ip`, `oper_location`, `oper_param`, `json_result`, `status`, `error_msg`, `oper_time`, `cost_time`) VALUES (695, 'car_info', 3, 'module_admin/controller/car_info_controller.del_car_info()', 'DELETE', 1, 'admin', '研发部门', '/car/info/delete/1', '', '内网IP', '{\"carInfoId\": \"1\"}', '{\"code\": 200, \"msg\": \"操作成功\", \"success\": true, \"time\": \"2025-01-18T00:19:22.279918\"}', 0, '', '2025-01-18 00:19:22', 2);
INSERT INTO `sys_oper_log` (`oper_id`, `title`, `business_type`, `method`, `request_method`, `operator_type`, `oper_name`, `dept_name`, `oper_url`, `oper_ip`, `oper_location`, `oper_param`, `json_result`, `status`, `error_msg`, `oper_time`, `cost_time`) VALUES (696, 'car_info', 3, 'module_admin/controller/car_info_controller.del_car_info()', 'DELETE', 1, 'admin', '研发部门', '/car/info/delete/2', '', '内网IP', '{\"carInfoId\": \"2\"}', '{\"code\": 200, \"msg\": \"操作成功\", \"success\": true, \"time\": \"2025-01-18T00:23:00.533866\"}', 0, '', '2025-01-18 00:23:01', 0);
INSERT INTO `sys_oper_log` (`oper_id`, `title`, `business_type`, `method`, `request_method`, `operator_type`, `oper_name`, `dept_name`, `oper_url`, `oper_ip`, `oper_location`, `oper_param`, `json_result`, `status`, `error_msg`, `oper_time`, `cost_time`) VALUES (697, 'car_info', 3, 'module_admin/controller/car_info_controller.del_car_info()', 'DELETE', 1, 'admin', '研发部门', '/car/info/delete/2,1', '', '内网IP', '{\"carInfoIds\": \"2,1\"}', '{\"code\": 200, \"msg\": \"操作成功\", \"success\": true, \"time\": \"2025-01-18T08:33:13.740751\"}', 0, '', '2025-01-18 08:33:14', 1);
INSERT INTO `sys_oper_log` (`oper_id`, `title`, `business_type`, `method`, `request_method`, `operator_type`, `oper_name`, `dept_name`, `oper_url`, `oper_ip`, `oper_location`, `oper_param`, `json_result`, `status`, `error_msg`, `oper_time`, `cost_time`) VALUES (698, 'car_info', 1, 'module_admin/controller/car_info_controller.add_car_info()', 'POST', 1, 'admin', '研发部门', '/car/info/add', '', '内网IP', '{\"carName\": \"小车三号\", \"carType\": 2, \"createTime\": null, \"delFlag\": null, \"id\": null, \"image\": \"qiniu.com\", \"lat\": \"35.323244\", \"lng\": \"169.3234\", \"location\": \"鲁能大厦\", \"manager\": \"3\", \"price\": \"988\", \"updateTime\": null}', '{\"code\": 200, \"msg\": \"操作成功\", \"data\": {\"carName\": null, \"carType\": null, \"createTime\": null, \"beginCreateTime\": null, \"endCreateTime\": null, \"delFlag\": null, \"id\": null, \"image\": null, \"lat\": null, \"lng\": null, \"location\": null, \"manager\": null, \"price\": null, \"beginPrice\": null, \"endPrice\": null, \"updateTime\": null}, \"success\": true, \"time\": \"2025-01-18T08:36:48.145278\"}', 0, '', '2025-01-18 08:36:48', 1);
INSERT INTO `sys_oper_log` (`oper_id`, `title`, `business_type`, `method`, `request_method`, `operator_type`, `oper_name`, `dept_name`, `oper_url`, `oper_ip`, `oper_location`, `oper_param`, `json_result`, `status`, `error_msg`, `oper_time`, `cost_time`) VALUES (699, 'car_info', 2, 'module_admin/controller/car_info_controller.update_car_info()', 'PUT', 1, 'admin', '研发部门', '/car/info/update', '', '内网IP', '{\"carName\": \"小车一号\", \"carType\": 1, \"createTime\": \"2025-01-18T08:33:52\", \"beginCreateTime\": null, \"endCreateTime\": null, \"delFlag\": \"0\", \"id\": 1, \"image\": \"https://image.baidu.com\", \"lat\": 173.323, \"lng\": 35.3234, \"location\": \"北京市朝阳区\", \"manager\": \"3\", \"price\": 520, \"beginPrice\": null, \"endPrice\": null, \"updateTime\": \"2025-01-18T08:33:52\"}', '{\"code\": 500, \"msg\": \"module_admin.entity.vo.car_info_vo.CarInfoModel() argument after ** must be a mapping, not CarInfoModel\", \"success\": false, \"time\": \"2025-01-18T08:37:13.717678\"}', 1, 'module_admin.entity.vo.car_info_vo.CarInfoModel() argument after ** must be a mapping, not CarInfoModel', '2025-01-18 08:37:14', 4);
INSERT INTO `sys_oper_log` (`oper_id`, `title`, `business_type`, `method`, `request_method`, `operator_type`, `oper_name`, `dept_name`, `oper_url`, `oper_ip`, `oper_location`, `oper_param`, `json_result`, `status`, `error_msg`, `oper_time`, `cost_time`) VALUES (700, 'car_info', 2, 'module_admin/controller/car_info_controller.update_car_info()', 'PUT', 1, 'admin', '研发部门', '/car/info/update', '', '内网IP', '{\"carName\": \"小车一号\", \"carType\": 1, \"createTime\": \"2025-01-18T08:33:52\", \"beginCreateTime\": null, \"endCreateTime\": null, \"delFlag\": \"0\", \"id\": 1, \"image\": \"https://image.baidu.com\", \"lat\": 173.323, \"lng\": 35.3234, \"location\": \"北京市朝阳区\", \"manager\": \"3\", \"price\": 520, \"beginPrice\": null, \"endPrice\": null, \"updateTime\": \"2025-01-18T08:33:52\"}', '{\"code\": 500, \"msg\": \"module_admin.entity.vo.car_info_vo.CarInfoModel() argument after ** must be a mapping, not CarInfoModel\", \"success\": false, \"time\": \"2025-01-18T08:37:18.117363\"}', 1, 'module_admin.entity.vo.car_info_vo.CarInfoModel() argument after ** must be a mapping, not CarInfoModel', '2025-01-18 08:37:18', 1);
INSERT INTO `sys_oper_log` (`oper_id`, `title`, `business_type`, `method`, `request_method`, `operator_type`, `oper_name`, `dept_name`, `oper_url`, `oper_ip`, `oper_location`, `oper_param`, `json_result`, `status`, `error_msg`, `oper_time`, `cost_time`) VALUES (701, 'car_info', 2, 'module_admin/controller/car_info_controller.update_car_info()', 'PUT', 1, 'admin', '研发部门', '/car/info/update', '', '内网IP', '{\"carName\": \"小车一号\", \"carType\": 1, \"createTime\": \"2025-01-18T08:33:52\", \"beginCreateTime\": null, \"endCreateTime\": null, \"delFlag\": \"0\", \"id\": 1, \"image\": \"https://image.baidu.com\", \"lat\": 173.323, \"lng\": 35.3234, \"location\": \"北京市朝阳区\", \"manager\": \"3\", \"price\": 520, \"beginPrice\": null, \"endPrice\": null, \"updateTime\": \"2025-01-18T08:33:52\"}', '{\"code\": 500, \"msg\": \"module_admin.entity.vo.car_info_vo.CarInfoModel() argument after ** must be a mapping, not CarInfoModel\", \"success\": false, \"time\": \"2025-01-18T08:37:22.227092\"}', 1, 'module_admin.entity.vo.car_info_vo.CarInfoModel() argument after ** must be a mapping, not CarInfoModel', '2025-01-18 08:37:22', 1);
INSERT INTO `sys_oper_log` (`oper_id`, `title`, `business_type`, `method`, `request_method`, `operator_type`, `oper_name`, `dept_name`, `oper_url`, `oper_ip`, `oper_location`, `oper_param`, `json_result`, `status`, `error_msg`, `oper_time`, `cost_time`) VALUES (702, 'car_info', 2, 'module_admin/controller/car_info_controller.update_car_info()', 'PUT', 1, 'admin', '研发部门', '/car/info/update', '', '内网IP', '{\"carName\": \"小车二号\", \"carType\": 2, \"createTime\": \"2025-01-18T08:33:54\", \"beginCreateTime\": null, \"endCreateTime\": null, \"delFlag\": \"0\", \"id\": 2, \"image\": \"qiniu.com\", \"lat\": \"35.93233\", \"lng\": 180.323, \"location\": \"苏宁写字楼\", \"manager\": 3, \"price\": 588, \"beginPrice\": null, \"endPrice\": null, \"updateTime\": \"2025-01-18T08:33:54\"}', '{\"code\": 500, \"msg\": \"module_admin.entity.vo.car_info_vo.CarInfoModel() argument after ** must be a mapping, not CarInfoModel\", \"success\": false, \"time\": \"2025-01-18T08:37:34.228349\"}', 1, 'module_admin.entity.vo.car_info_vo.CarInfoModel() argument after ** must be a mapping, not CarInfoModel', '2025-01-18 08:37:34', 2);
INSERT INTO `sys_oper_log` (`oper_id`, `title`, `business_type`, `method`, `request_method`, `operator_type`, `oper_name`, `dept_name`, `oper_url`, `oper_ip`, `oper_location`, `oper_param`, `json_result`, `status`, `error_msg`, `oper_time`, `cost_time`) VALUES (703, 'car_info', 2, 'module_admin/controller/car_info_controller.update_car_info()', 'PUT', 1, 'admin', '研发部门', '/car/info/update', '', '内网IP', '{\"carName\": \"小车三号\", \"carType\": 2, \"createTime\": \"2025-01-18T08:36:48\", \"beginCreateTime\": null, \"endCreateTime\": null, \"delFlag\": \"0\", \"id\": 3, \"image\": \"qiniu.com\", \"lat\": \"35.32323\", \"lng\": 169.323, \"location\": \"鲁能大厦\", \"manager\": 3, \"price\": 988, \"beginPrice\": null, \"endPrice\": null, \"updateTime\": \"2025-01-18T08:36:48\"}', '{\"code\": 200, \"msg\": \"操作成功\", \"data\": {\"carName\": \"小车三号\", \"carType\": 2, \"createTime\": \"2025-01-18T08:36:48\", \"beginCreateTime\": null, \"endCreateTime\": null, \"delFlag\": \"0\", \"id\": 3, \"image\": \"qiniu.com\", \"lat\": 35.3232, \"lng\": 169.323, \"location\": \"鲁能大厦\", \"manager\": 3, \"price\": 988.0, \"beginPrice\": null, \"endPrice\": null, \"updateTime\": \"2025-01-18T08:36:48\"}, \"success\": true, \"time\": \"2025-01-18T08:51:21.014093\"}', 0, '', '2025-01-18 08:51:21', 1);
INSERT INTO `sys_oper_log` (`oper_id`, `title`, `business_type`, `method`, `request_method`, `operator_type`, `oper_name`, `dept_name`, `oper_url`, `oper_ip`, `oper_location`, `oper_param`, `json_result`, `status`, `error_msg`, `oper_time`, `cost_time`) VALUES (704, 'car_info', 2, 'module_admin/controller/car_info_controller.update_car_info()', 'PUT', 1, 'admin', '研发部门', '/car/info/update', '', '内网IP', '{\"carName\": \"小车一号\", \"carType\": 1, \"createTime\": \"2025-01-18T08:33:52\", \"beginCreateTime\": null, \"endCreateTime\": null, \"delFlag\": \"0\", \"id\": 1, \"image\": \"https://image.baidu.com\", \"lat\": \"173.3233\", \"lng\": 35.3234, \"location\": \"北京市朝阳区望京CDB\", \"manager\": 3, \"price\": 520, \"beginPrice\": null, \"endPrice\": null, \"updateTime\": \"2025-01-18T08:33:52\"}', '{\"code\": 200, \"msg\": \"操作成功\", \"data\": {\"carName\": \"小车一号\", \"carType\": 1, \"createTime\": \"2025-01-18T08:33:52\", \"beginCreateTime\": null, \"endCreateTime\": null, \"delFlag\": \"0\", \"id\": 1, \"image\": \"https://image.baidu.com\", \"lat\": 173.323, \"lng\": 35.3234, \"location\": \"北京市朝阳区望京CDB\", \"manager\": 3, \"price\": 520.0, \"beginPrice\": null, \"endPrice\": null, \"updateTime\": \"2025-01-18T08:33:52\"}, \"success\": true, \"time\": \"2025-01-18T08:51:48.308284\"}', 0, '', '2025-01-18 08:51:48', 0);
INSERT INTO `sys_oper_log` (`oper_id`, `title`, `business_type`, `method`, `request_method`, `operator_type`, `oper_name`, `dept_name`, `oper_url`, `oper_ip`, `oper_location`, `oper_param`, `json_result`, `status`, `error_msg`, `oper_time`, `cost_time`) VALUES (705, '角色管理', 5, 'module_admin/controller/role_controller.export_system_role_list()', 'POST', 1, 'admin', '研发部门', '/system/role/export', '', '内网IP', 'pageNum: 1\npageSize: 10', '{\"code\": 200, \"message\": \"获取成功\"}', 0, '', '2025-01-18 08:54:01', 4);
INSERT INTO `sys_oper_log` (`oper_id`, `title`, `business_type`, `method`, `request_method`, `operator_type`, `oper_name`, `dept_name`, `oper_url`, `oper_ip`, `oper_location`, `oper_param`, `json_result`, `status`, `error_msg`, `oper_time`, `cost_time`) VALUES (706, 'car_info', 5, 'module_admin/controller/car_info_controller.export_car_info()', 'POST', 1, 'admin', '研发部门', '/car/info/export', '', '内网IP', 'pageNum: 1\npageSize: 10\ncarType: 1', '{\"code\": 200, \"message\": \"获取成功\"}', 0, '', '2025-01-18 09:23:03', 1);
INSERT INTO `sys_oper_log` (`oper_id`, `title`, `business_type`, `method`, `request_method`, `operator_type`, `oper_name`, `dept_name`, `oper_url`, `oper_ip`, `oper_location`, `oper_param`, `json_result`, `status`, `error_msg`, `oper_time`, `cost_time`) VALUES (707, 'car_info', 5, 'module_admin/controller/car_info_controller.export_car_info()', 'POST', 1, 'admin', '研发部门', '/car/info/export', '', '内网IP', 'pageNum: 1\npageSize: 10\ncarType: 2', '{\"code\": 200, \"message\": \"获取成功\"}', 0, '', '2025-01-18 09:23:27', 1);
INSERT INTO `sys_oper_log` (`oper_id`, `title`, `business_type`, `method`, `request_method`, `operator_type`, `oper_name`, `dept_name`, `oper_url`, `oper_ip`, `oper_location`, `oper_param`, `json_result`, `status`, `error_msg`, `oper_time`, `cost_time`) VALUES (708, 'car_info', 5, 'module_admin/controller/car_info_controller.export_car_info()', 'POST', 1, 'admin', '研发部门', '/car/info/export', '', '内网IP', 'pageNum: 1\npageSize: 10\ncarType: 2', '{\"code\": 200, \"message\": \"获取成功\"}', 0, '', '2025-01-18 09:47:21', 3);
INSERT INTO `sys_oper_log` (`oper_id`, `title`, `business_type`, `method`, `request_method`, `operator_type`, `oper_name`, `dept_name`, `oper_url`, `oper_ip`, `oper_location`, `oper_param`, `json_result`, `status`, `error_msg`, `oper_time`, `cost_time`) VALUES (709, 'car_info', 2, 'module_admin/controller/car_info_controller.update_car_info()', 'PUT', 1, 'admin', '研发部门', '/car/info/update', '', '内网IP', '{\"carName\": \"小车三号\", \"carType\": 2, \"createTime\": \"2025-01-18T08:36:48\", \"beginCreateTime\": null, \"endCreateTime\": null, \"delFlag\": \"0\", \"id\": 3, \"image\": \"qiniu.com3\", \"lat\": 35.3232, \"lng\": 169.323, \"location\": \"鲁能大厦\", \"manager\": 3, \"price\": 988, \"updateTime\": \"2025-01-18T08:36:48\"}', '{\"code\": 200, \"msg\": \"操作成功\", \"data\": {\"carName\": \"小车三号\", \"carType\": 2, \"createTime\": \"2025-01-18T08:36:48\", \"beginCreateTime\": null, \"endCreateTime\": null, \"delFlag\": \"0\", \"id\": 3, \"image\": \"qiniu.com3\", \"lat\": 35.3232, \"lng\": 169.323, \"location\": \"鲁能大厦\", \"manager\": 3, \"price\": 988.0, \"updateTime\": \"2025-01-18T08:36:48\"}, \"success\": true, \"time\": \"2025-01-18T09:57:47.097627\"}', 0, '', '2025-01-18 09:57:47', 1);
INSERT INTO `sys_oper_log` (`oper_id`, `title`, `business_type`, `method`, `request_method`, `operator_type`, `oper_name`, `dept_name`, `oper_url`, `oper_ip`, `oper_location`, `oper_param`, `json_result`, `status`, `error_msg`, `oper_time`, `cost_time`) VALUES (710, 'car_info', 2, 'module_admin/controller/car_info_controller.update_car_info()', 'PUT', 1, 'admin', '研发部门', '/car/info/update', '', '内网IP', '{\"carName\": \"小车二号\", \"carType\": 2, \"createTime\": \"2025-01-18T08:33:54\", \"beginCreateTime\": null, \"endCreateTime\": null, \"delFlag\": \"0\", \"id\": 2, \"image\": \"qiniu.com\", \"lat\": \"35.93232\", \"lng\": 180.323, \"location\": \"苏宁写字楼\", \"manager\": 3, \"price\": 588, \"updateTime\": \"2025-01-18T08:33:54\"}', '{\"code\": 200, \"msg\": \"操作成功\", \"data\": {\"carName\": \"小车二号\", \"carType\": 2, \"createTime\": \"2025-01-18T08:33:54\", \"beginCreateTime\": null, \"endCreateTime\": null, \"delFlag\": \"0\", \"id\": 2, \"image\": \"qiniu.com\", \"lat\": 35.9323, \"lng\": 180.323, \"location\": \"苏宁写字楼\", \"manager\": 3, \"price\": 588.0, \"updateTime\": \"2025-01-18T08:33:54\"}, \"success\": true, \"time\": \"2025-01-18T09:57:52.408172\"}', 0, '', '2025-01-18 09:57:52', 0);
INSERT INTO `sys_oper_log` (`oper_id`, `title`, `business_type`, `method`, `request_method`, `operator_type`, `oper_name`, `dept_name`, `oper_url`, `oper_ip`, `oper_location`, `oper_param`, `json_result`, `status`, `error_msg`, `oper_time`, `cost_time`) VALUES (711, 'car_info', 5, 'module_admin/controller/car_info_controller.export_car_info()', 'POST', 1, 'admin', '研发部门', '/car/info/export', '', '内网IP', 'pageNum: 1\npageSize: 10', '{\"code\": 200, \"message\": \"获取成功\"}', 0, '', '2025-01-18 09:57:57', 3);
INSERT INTO `sys_oper_log` (`oper_id`, `title`, `business_type`, `method`, `request_method`, `operator_type`, `oper_name`, `dept_name`, `oper_url`, `oper_ip`, `oper_location`, `oper_param`, `json_result`, `status`, `error_msg`, `oper_time`, `cost_time`) VALUES (712, '用户管理', 3, 'module_admin/controller/user_controller.delete_system_user()', 'DELETE', 1, 'admin', '研发部门', '/system/user/123', '', '内网IP', '{\"user_ids\": \"123\"}', '{\"code\": 200, \"msg\": \"删除成功\", \"success\": true, \"time\": \"2025-01-20T10:45:09.960717\"}', 0, '', '2025-01-20 10:45:10', 3);
INSERT INTO `sys_oper_log` (`oper_id`, `title`, `business_type`, `method`, `request_method`, `operator_type`, `oper_name`, `dept_name`, `oper_url`, `oper_ip`, `oper_location`, `oper_param`, `json_result`, `status`, `error_msg`, `oper_time`, `cost_time`) VALUES (713, '用户管理', 3, 'module_admin/controller/user_controller.delete_system_user()', 'DELETE', 1, 'admin', '研发部门', '/system/user/124', '', '内网IP', '{\"user_ids\": \"124\"}', '{\"code\": 200, \"msg\": \"删除成功\", \"success\": true, \"time\": \"2025-01-20T10:45:12.298482\"}', 0, '', '2025-01-20 10:45:12', 0);
INSERT INTO `sys_oper_log` (`oper_id`, `title`, `business_type`, `method`, `request_method`, `operator_type`, `oper_name`, `dept_name`, `oper_url`, `oper_ip`, `oper_location`, `oper_param`, `json_result`, `status`, `error_msg`, `oper_time`, `cost_time`) VALUES (714, '用户管理', 3, 'module_admin/controller/user_controller.delete_system_user()', 'DELETE', 1, 'admin', '研发部门', '/system/user/125', '', '内网IP', '{\"user_ids\": \"125\"}', '{\"code\": 200, \"msg\": \"删除成功\", \"success\": true, \"time\": \"2025-01-20T10:45:14.436146\"}', 0, '', '2025-01-20 10:45:14', 0);
INSERT INTO `sys_oper_log` (`oper_id`, `title`, `business_type`, `method`, `request_method`, `operator_type`, `oper_name`, `dept_name`, `oper_url`, `oper_ip`, `oper_location`, `oper_param`, `json_result`, `status`, `error_msg`, `oper_time`, `cost_time`) VALUES (715, '用户管理', 3, 'module_admin/controller/user_controller.delete_system_user()', 'DELETE', 1, 'admin', '研发部门', '/system/user/126', '', '内网IP', '{\"user_ids\": \"126\"}', '{\"code\": 200, \"msg\": \"删除成功\", \"success\": true, \"time\": \"2025-01-20T10:45:16.728412\"}', 0, '', '2025-01-20 10:45:17', 0);
INSERT INTO `sys_oper_log` (`oper_id`, `title`, `business_type`, `method`, `request_method`, `operator_type`, `oper_name`, `dept_name`, `oper_url`, `oper_ip`, `oper_location`, `oper_param`, `json_result`, `status`, `error_msg`, `oper_time`, `cost_time`) VALUES (716, '用户管理', 3, 'module_admin/controller/user_controller.delete_system_user()', 'DELETE', 1, 'admin', '研发部门', '/system/user/127', '', '内网IP', '{\"user_ids\": \"127\"}', '{\"code\": 200, \"msg\": \"删除成功\", \"success\": true, \"time\": \"2025-01-20T10:45:19.319358\"}', 0, '', '2025-01-20 10:45:19', 1);
INSERT INTO `sys_oper_log` (`oper_id`, `title`, `business_type`, `method`, `request_method`, `operator_type`, `oper_name`, `dept_name`, `oper_url`, `oper_ip`, `oper_location`, `oper_param`, `json_result`, `status`, `error_msg`, `oper_time`, `cost_time`) VALUES (717, '用户管理', 3, 'module_admin/controller/user_controller.delete_system_user()', 'DELETE', 1, 'admin', '研发部门', '/system/user/128', '', '内网IP', '{\"user_ids\": \"128\"}', '{\"code\": 200, \"msg\": \"删除成功\", \"success\": true, \"time\": \"2025-01-20T10:45:21.511604\"}', 0, '', '2025-01-20 10:45:22', 0);
INSERT INTO `sys_oper_log` (`oper_id`, `title`, `business_type`, `method`, `request_method`, `operator_type`, `oper_name`, `dept_name`, `oper_url`, `oper_ip`, `oper_location`, `oper_param`, `json_result`, `status`, `error_msg`, `oper_time`, `cost_time`) VALUES (718, '用户管理', 3, 'module_admin/controller/user_controller.delete_system_user()', 'DELETE', 1, 'admin', '研发部门', '/system/user/129', '', '内网IP', '{\"user_ids\": \"129\"}', '{\"code\": 200, \"msg\": \"删除成功\", \"success\": true, \"time\": \"2025-01-20T10:45:24.077627\"}', 0, '', '2025-01-20 10:45:24', 0);
INSERT INTO `sys_oper_log` (`oper_id`, `title`, `business_type`, `method`, `request_method`, `operator_type`, `oper_name`, `dept_name`, `oper_url`, `oper_ip`, `oper_location`, `oper_param`, `json_result`, `status`, `error_msg`, `oper_time`, `cost_time`) VALUES (719, '用户管理', 3, 'module_admin/controller/user_controller.delete_system_user()', 'DELETE', 1, 'admin', '研发部门', '/system/user/122', '', '内网IP', '{\"user_ids\": \"122\"}', '{\"code\": 200, \"msg\": \"删除成功\", \"success\": true, \"time\": \"2025-01-20T10:45:26.381660\"}', 0, '', '2025-01-20 10:45:26', 0);
INSERT INTO `sys_oper_log` (`oper_id`, `title`, `business_type`, `method`, `request_method`, `operator_type`, `oper_name`, `dept_name`, `oper_url`, `oper_ip`, `oper_location`, `oper_param`, `json_result`, `status`, `error_msg`, `oper_time`, `cost_time`) VALUES (720, '用户管理', 3, 'module_admin/controller/user_controller.delete_system_user()', 'DELETE', 1, 'admin', '研发部门', '/system/user/121', '', '内网IP', '{\"user_ids\": \"121\"}', '{\"code\": 200, \"msg\": \"删除成功\", \"success\": true, \"time\": \"2025-01-20T10:45:29.180841\"}', 0, '', '2025-01-20 10:45:29', 1);
INSERT INTO `sys_oper_log` (`oper_id`, `title`, `business_type`, `method`, `request_method`, `operator_type`, `oper_name`, `dept_name`, `oper_url`, `oper_ip`, `oper_location`, `oper_param`, `json_result`, `status`, `error_msg`, `oper_time`, `cost_time`) VALUES (721, '用户管理', 3, 'module_admin/controller/user_controller.delete_system_user()', 'DELETE', 1, 'admin', '研发部门', '/system/user/120', '', '内网IP', '{\"user_ids\": \"120\"}', '{\"code\": 200, \"msg\": \"删除成功\", \"success\": true, \"time\": \"2025-01-20T10:45:31.248021\"}', 0, '', '2025-01-20 10:45:31', 0);
INSERT INTO `sys_oper_log` (`oper_id`, `title`, `business_type`, `method`, `request_method`, `operator_type`, `oper_name`, `dept_name`, `oper_url`, `oper_ip`, `oper_location`, `oper_param`, `json_result`, `status`, `error_msg`, `oper_time`, `cost_time`) VALUES (722, '用户管理', 3, 'module_admin/controller/user_controller.delete_system_user()', 'DELETE', 1, 'admin', '研发部门', '/system/user/119', '', '内网IP', '{\"user_ids\": \"119\"}', '{\"code\": 200, \"msg\": \"删除成功\", \"success\": true, \"time\": \"2025-01-20T10:45:33.985630\"}', 0, '', '2025-01-20 10:45:34', 0);
INSERT INTO `sys_oper_log` (`oper_id`, `title`, `business_type`, `method`, `request_method`, `operator_type`, `oper_name`, `dept_name`, `oper_url`, `oper_ip`, `oper_location`, `oper_param`, `json_result`, `status`, `error_msg`, `oper_time`, `cost_time`) VALUES (723, '用户管理', 3, 'module_admin/controller/user_controller.delete_system_user()', 'DELETE', 1, 'admin', '研发部门', '/system/user/118', '', '内网IP', '{\"user_ids\": \"118\"}', '{\"code\": 200, \"msg\": \"删除成功\", \"success\": true, \"time\": \"2025-01-20T10:45:36.158165\"}', 0, '', '2025-01-20 10:45:36', 0);
INSERT INTO `sys_oper_log` (`oper_id`, `title`, `business_type`, `method`, `request_method`, `operator_type`, `oper_name`, `dept_name`, `oper_url`, `oper_ip`, `oper_location`, `oper_param`, `json_result`, `status`, `error_msg`, `oper_time`, `cost_time`) VALUES (724, '用户管理', 3, 'module_admin/controller/user_controller.delete_system_user()', 'DELETE', 1, 'admin', '研发部门', '/system/user/117', '', '内网IP', '{\"user_ids\": \"117\"}', '{\"code\": 200, \"msg\": \"删除成功\", \"success\": true, \"time\": \"2025-01-20T10:45:38.800873\"}', 0, '', '2025-01-20 10:45:39', 0);
INSERT INTO `sys_oper_log` (`oper_id`, `title`, `business_type`, `method`, `request_method`, `operator_type`, `oper_name`, `dept_name`, `oper_url`, `oper_ip`, `oper_location`, `oper_param`, `json_result`, `status`, `error_msg`, `oper_time`, `cost_time`) VALUES (725, '用户管理', 2, 'module_admin/controller/user_controller.edit_system_user()', 'PUT', 1, 'admin', '研发部门', '/system/user', '', '内网IP', '{\"userId\": 115, \"deptId\": null, \"userName\": \"richard\", \"nickName\": \"Richard\", \"userType\": \"00\", \"email\": \"988550796@qq.com\", \"phonenumber\": \"18000008888\", \"sex\": \"0\", \"avatar\": \"\", \"status\": \"0\", \"delFlag\": \"0\", \"loginIp\": \"\", \"loginDate\": null, \"createBy\": \"admin\", \"createTime\": \"2024-11-16T10:06:31\", \"updateBy\": \"admin\", \"updateTime\": \"2024-11-16T10:06:56\", \"remark\": null, \"admin\": false, \"postIds\": [3], \"roleIds\": [2], \"dept\": null, \"role\": [{\"roleId\": 2, \"roleName\": \"普通角色\", \"roleKey\": \"common\", \"roleSort\": 2, \"dataScope\": \"1\", \"menuCheckStrictly\": true, \"deptCheckStrictly\": true, \"status\": \"0\", \"delFlag\": \"0\", \"createBy\": \"admin\", \"createTime\": \"2024-11-13T14:12:02\", \"updateBy\": \"admin\", \"updateTime\": \"2025-01-13T13:49:22\", \"remark\": \"普通角色\", \"admin\": false}]}', '{\"code\": 200, \"msg\": \"更新成功\", \"success\": true, \"time\": \"2025-01-20T10:45:53.789929\"}', 0, '', '2025-01-20 10:45:54', 2);
INSERT INTO `sys_oper_log` (`oper_id`, `title`, `business_type`, `method`, `request_method`, `operator_type`, `oper_name`, `dept_name`, `oper_url`, `oper_ip`, `oper_location`, `oper_param`, `json_result`, `status`, `error_msg`, `oper_time`, `cost_time`) VALUES (726, '个人信息', 2, 'module_admin/controller/user_controller.change_system_user_profile_info()', 'PUT', 1, 'admin', '研发部门', '/system/user/profile', '', '内网IP', '{\"nickName\": \"超级管理员\", \"phonenumber\": \"18000008888\", \"email\": \"niangao@163.com\", \"sex\": \"1\"}', '{\"code\": 500, \"msg\": \"修改用户admin失败，手机号码已存在\", \"success\": false, \"time\": \"2025-01-20T10:47:09.894864\"}', 1, '修改用户admin失败，手机号码已存在', '2025-01-20 10:47:10', 0);
INSERT INTO `sys_oper_log` (`oper_id`, `title`, `business_type`, `method`, `request_method`, `operator_type`, `oper_name`, `dept_name`, `oper_url`, `oper_ip`, `oper_location`, `oper_param`, `json_result`, `status`, `error_msg`, `oper_time`, `cost_time`) VALUES (727, '个人信息', 2, 'module_admin/controller/user_controller.change_system_user_profile_info()', 'PUT', 1, 'admin', '研发部门', '/system/user/profile', '', '内网IP', '{\"nickName\": \"超级管理员\", \"phonenumber\": \"18000006666\", \"email\": \"niangao@163.com\", \"sex\": \"0\"}', '{\"code\": 200, \"msg\": \"更新成功\", \"success\": true, \"time\": \"2025-01-20T10:47:16.458569\"}', 0, '', '2025-01-20 10:47:16', 3);
INSERT INTO `sys_oper_log` (`oper_id`, `title`, `business_type`, `method`, `request_method`, `operator_type`, `oper_name`, `dept_name`, `oper_url`, `oper_ip`, `oper_location`, `oper_param`, `json_result`, `status`, `error_msg`, `oper_time`, `cost_time`) VALUES (728, '个人信息', 2, 'module_admin/controller/user_controller.change_system_user_profile_info()', 'PUT', 1, 'admin', '研发部门', '/system/user/profile', '', '内网IP', '{\"nickName\": \"超级管理员\", \"phonenumber\": \"18000006666\", \"email\": \"admin@163.com\", \"sex\": \"0\"}', '{\"code\": 200, \"msg\": \"更新成功\", \"success\": true, \"time\": \"2025-01-20T10:47:24.920731\"}', 0, '', '2025-01-20 10:47:25', 2);
INSERT INTO `sys_oper_log` (`oper_id`, `title`, `business_type`, `method`, `request_method`, `operator_type`, `oper_name`, `dept_name`, `oper_url`, `oper_ip`, `oper_location`, `oper_param`, `json_result`, `status`, `error_msg`, `oper_time`, `cost_time`) VALUES (729, '菜单管理', 2, 'module_admin/controller/menu_controller.edit_system_menu()', 'PUT', 1, 'admin', '研发部门', '/system/menu', '', '内网IP', '{\"menuId\": 2035, \"menuName\": \"合作方\", \"parentId\": 2028, \"orderNum\": 2, \"path\": \"info\", \"component\": \"partner/info/index\", \"query\": null, \"routeName\": \"\", \"isFrame\": 1, \"isCache\": 0, \"menuType\": \"C\", \"visible\": \"0\", \"status\": \"0\", \"perms\": \"partner:info:list\", \"icon\": \"#\", \"createBy\": \"admin\", \"createTime\": \"2025-02-05T09:29:47\", \"updateBy\": \"\", \"updateTime\": null, \"remark\": \"合作方菜单\"}', '{\"code\": 200, \"msg\": \"更新成功\", \"success\": true, \"time\": \"2025-02-05T09:32:04.893234\"}', 0, '', '2025-02-05 09:32:05', 1);
INSERT INTO `sys_oper_log` (`oper_id`, `title`, `business_type`, `method`, `request_method`, `operator_type`, `oper_name`, `dept_name`, `oper_url`, `oper_ip`, `oper_location`, `oper_param`, `json_result`, `status`, `error_msg`, `oper_time`, `cost_time`) VALUES (730, '菜单管理', 3, 'module_admin/controller/menu_controller.delete_system_menu()', 'DELETE', 1, 'admin', '研发部门', '/system/menu/2035', '', '内网IP', '{\"menu_ids\": \"2035\"}', '{\"code\": 601, \"msg\": \"存在子菜单,不允许删除\", \"success\": false, \"time\": \"2025-02-05T10:14:34.119253\"}', 1, '存在子菜单,不允许删除', '2025-02-05 10:14:34', 0);
INSERT INTO `sys_oper_log` (`oper_id`, `title`, `business_type`, `method`, `request_method`, `operator_type`, `oper_name`, `dept_name`, `oper_url`, `oper_ip`, `oper_location`, `oper_param`, `json_result`, `status`, `error_msg`, `oper_time`, `cost_time`) VALUES (731, '菜单管理', 3, 'module_admin/controller/menu_controller.delete_system_menu()', 'DELETE', 1, 'admin', '研发部门', '/system/menu/2036', '', '内网IP', '{\"menu_ids\": \"2036\"}', '{\"code\": 200, \"msg\": \"删除成功\", \"success\": true, \"time\": \"2025-02-05T10:14:40.030449\"}', 0, '', '2025-02-05 10:14:40', 1);
INSERT INTO `sys_oper_log` (`oper_id`, `title`, `business_type`, `method`, `request_method`, `operator_type`, `oper_name`, `dept_name`, `oper_url`, `oper_ip`, `oper_location`, `oper_param`, `json_result`, `status`, `error_msg`, `oper_time`, `cost_time`) VALUES (732, '菜单管理', 3, 'module_admin/controller/menu_controller.delete_system_menu()', 'DELETE', 1, 'admin', '研发部门', '/system/menu/2037', '', '内网IP', '{\"menu_ids\": \"2037\"}', '{\"code\": 200, \"msg\": \"删除成功\", \"success\": true, \"time\": \"2025-02-05T10:14:42.444507\"}', 0, '', '2025-02-05 10:14:42', 1);
INSERT INTO `sys_oper_log` (`oper_id`, `title`, `business_type`, `method`, `request_method`, `operator_type`, `oper_name`, `dept_name`, `oper_url`, `oper_ip`, `oper_location`, `oper_param`, `json_result`, `status`, `error_msg`, `oper_time`, `cost_time`) VALUES (733, '菜单管理', 3, 'module_admin/controller/menu_controller.delete_system_menu()', 'DELETE', 1, 'admin', '研发部门', '/system/menu/2035', '', '内网IP', '{\"menu_ids\": \"2035\"}', '{\"code\": 601, \"msg\": \"存在子菜单,不允许删除\", \"success\": false, \"time\": \"2025-02-05T10:14:44.653935\"}', 1, '存在子菜单,不允许删除', '2025-02-05 10:14:45', 0);
INSERT INTO `sys_oper_log` (`oper_id`, `title`, `business_type`, `method`, `request_method`, `operator_type`, `oper_name`, `dept_name`, `oper_url`, `oper_ip`, `oper_location`, `oper_param`, `json_result`, `status`, `error_msg`, `oper_time`, `cost_time`) VALUES (734, '菜单管理', 3, 'module_admin/controller/menu_controller.delete_system_menu()', 'DELETE', 1, 'admin', '研发部门', '/system/menu/2038', '', '内网IP', '{\"menu_ids\": \"2038\"}', '{\"code\": 200, \"msg\": \"删除成功\", \"success\": true, \"time\": \"2025-02-05T10:14:49.732116\"}', 0, '', '2025-02-05 10:14:50', 1);
INSERT INTO `sys_oper_log` (`oper_id`, `title`, `business_type`, `method`, `request_method`, `operator_type`, `oper_name`, `dept_name`, `oper_url`, `oper_ip`, `oper_location`, `oper_param`, `json_result`, `status`, `error_msg`, `oper_time`, `cost_time`) VALUES (735, '菜单管理', 3, 'module_admin/controller/menu_controller.delete_system_menu()', 'DELETE', 1, 'admin', '研发部门', '/system/menu/2039', '', '内网IP', '{\"menu_ids\": \"2039\"}', '{\"code\": 200, \"msg\": \"删除成功\", \"success\": true, \"time\": \"2025-02-05T10:14:51.897569\"}', 0, '', '2025-02-05 10:14:52', 0);
INSERT INTO `sys_oper_log` (`oper_id`, `title`, `business_type`, `method`, `request_method`, `operator_type`, `oper_name`, `dept_name`, `oper_url`, `oper_ip`, `oper_location`, `oper_param`, `json_result`, `status`, `error_msg`, `oper_time`, `cost_time`) VALUES (736, '菜单管理', 3, 'module_admin/controller/menu_controller.delete_system_menu()', 'DELETE', 1, 'admin', '研发部门', '/system/menu/2040', '', '内网IP', '{\"menu_ids\": \"2040\"}', '{\"code\": 200, \"msg\": \"删除成功\", \"success\": true, \"time\": \"2025-02-05T10:14:53.548786\"}', 0, '', '2025-02-05 10:14:54', 1);
INSERT INTO `sys_oper_log` (`oper_id`, `title`, `business_type`, `method`, `request_method`, `operator_type`, `oper_name`, `dept_name`, `oper_url`, `oper_ip`, `oper_location`, `oper_param`, `json_result`, `status`, `error_msg`, `oper_time`, `cost_time`) VALUES (737, '菜单管理', 3, 'module_admin/controller/menu_controller.delete_system_menu()', 'DELETE', 1, 'admin', '研发部门', '/system/menu/2035', '', '内网IP', '{\"menu_ids\": \"2035\"}', '{\"code\": 200, \"msg\": \"删除成功\", \"success\": true, \"time\": \"2025-02-05T10:14:55.336641\"}', 0, '', '2025-02-05 10:14:55', 0);
INSERT INTO `sys_oper_log` (`oper_id`, `title`, `business_type`, `method`, `request_method`, `operator_type`, `oper_name`, `dept_name`, `oper_url`, `oper_ip`, `oper_location`, `oper_param`, `json_result`, `status`, `error_msg`, `oper_time`, `cost_time`) VALUES (738, 'partner_info', 1, 'module_admin/controller/partner_info_controller.add_partner_info()', 'POST', 1, 'admin', '研发部门', '/partner/info/add', '', '内网IP', '{\"createTime\": null, \"delFlag\": null, \"description\": \"合作方介绍\", \"id\": null, \"image\": \"合作方图片\", \"lat\": \"2132\", \"lng\": \"23\", \"location\": \"3233\", \"partnerName\": \"万达\", \"price\": \"322\", \"updateTime\": null}', '{\"code\": 200, \"msg\": \"操作成功\", \"data\": {\"createTime\": null, \"delFlag\": null, \"description\": null, \"id\": null, \"image\": null, \"lat\": null, \"lng\": null, \"location\": null, \"partnerName\": null, \"price\": null, \"updateTime\": null}, \"success\": true, \"time\": \"2025-02-05T11:00:05.304966\"}', 0, '', '2025-02-05 11:00:05', 0);
INSERT INTO `sys_oper_log` (`oper_id`, `title`, `business_type`, `method`, `request_method`, `operator_type`, `oper_name`, `dept_name`, `oper_url`, `oper_ip`, `oper_location`, `oper_param`, `json_result`, `status`, `error_msg`, `oper_time`, `cost_time`) VALUES (739, 'partner_info', 2, 'module_admin/controller/partner_info_controller.update_partner_info()', 'PUT', 1, 'admin', '研发部门', '/partner/info/update', '', '内网IP', '{\"createTime\": \"2025-02-05T11:00:05\", \"delFlag\": \"0\", \"description\": \"合作方介绍\", \"id\": 4, \"image\": \"https://jinqiao-product.oss-cn-beijing.aliyuncs.com/category_image/1738724577.5196211.jpg\", \"lat\": 2132, \"lng\": 23, \"location\": \"3233\", \"partnerName\": \"万达\", \"price\": 322, \"updateTime\": \"2025-02-05T11:00:05\"}', '{\"code\": 200, \"msg\": \"操作成功\", \"data\": {\"createTime\": \"2025-02-05T11:00:05\", \"delFlag\": \"0\", \"description\": \"合作方介绍\", \"id\": 4, \"image\": \"https://jinqiao-product.oss-cn-beijing.aliyuncs.com/category_image/1738724577.5196211.jpg\", \"lat\": 2132.0, \"lng\": 23.0, \"location\": \"3233\", \"partnerName\": \"万达\", \"price\": 322.0, \"updateTime\": \"2025-02-05T11:00:05\"}, \"success\": true, \"time\": \"2025-02-05T11:02:59.367013\"}', 0, '', '2025-02-05 11:02:59', 1);
INSERT INTO `sys_oper_log` (`oper_id`, `title`, `business_type`, `method`, `request_method`, `operator_type`, `oper_name`, `dept_name`, `oper_url`, `oper_ip`, `oper_location`, `oper_param`, `json_result`, `status`, `error_msg`, `oper_time`, `cost_time`) VALUES (740, '菜单管理', 2, 'module_admin/controller/menu_controller.edit_system_menu()', 'PUT', 1, 'admin', '研发部门', '/system/menu', '', '内网IP', '{\"menuId\": 2053, \"menuName\": \"表格管理\", \"parentId\": 1, \"orderNum\": 1, \"path\": \"sys_table\", \"component\": \"system/table/index\", \"query\": null, \"routeName\": \"\", \"isFrame\": 1, \"isCache\": 0, \"menuType\": \"C\", \"visible\": \"0\", \"status\": \"0\", \"perms\": \"sys:table:list\", \"icon\": \"chart\", \"createBy\": \"admin\", \"createTime\": \"2025-02-11T11:03:27\", \"updateBy\": \"\", \"updateTime\": null, \"remark\": \"表格管理菜单\"}', '{\"code\": 200, \"msg\": \"更新成功\", \"success\": true, \"time\": \"2025-02-11T11:09:32.480529\"}', 0, '', '2025-02-11 11:09:32', 1);
INSERT INTO `sys_oper_log` (`oper_id`, `title`, `business_type`, `method`, `request_method`, `operator_type`, `oper_name`, `dept_name`, `oper_url`, `oper_ip`, `oper_location`, `oper_param`, `json_result`, `status`, `error_msg`, `oper_time`, `cost_time`) VALUES (741, 'sys_table', 1, 'module_admin/controller/sys_table_controller.import_sys_table()', 'POST', 1, 'admin', '研发部门', '/sys/table/import', '', '内网IP', '{}', '{\"code\": 200, \"msg\": \"导入表car_info\", \"success\": true, \"time\": \"2025-02-11T14:39:45.107800\"}', 0, '', '2025-02-11 14:39:45', 0);
INSERT INTO `sys_oper_log` (`oper_id`, `title`, `business_type`, `method`, `request_method`, `operator_type`, `oper_name`, `dept_name`, `oper_url`, `oper_ip`, `oper_location`, `oper_param`, `json_result`, `status`, `error_msg`, `oper_time`, `cost_time`) VALUES (742, 'sys_table', 1, 'module_admin/controller/sys_table_controller.import_sys_table()', 'POST', 1, 'admin', '研发部门', '/sys/table/import', '', '内网IP', '{}', '{\"code\": 200, \"msg\": \"导入表car_info\", \"success\": true, \"time\": \"2025-02-11T15:12:13.361813\"}', 0, '', '2025-02-11 15:12:13', 2);
INSERT INTO `sys_oper_log` (`oper_id`, `title`, `business_type`, `method`, `request_method`, `operator_type`, `oper_name`, `dept_name`, `oper_url`, `oper_ip`, `oper_location`, `oper_param`, `json_result`, `status`, `error_msg`, `oper_time`, `cost_time`) VALUES (743, '字典类型', 1, 'module_admin/controller/dict_controller.add_system_dict_type()', 'POST', 1, 'admin', '研发部门', '/system/dict/type', '', '内网IP', '{\"dictName\": \"0-1是否\", \"dictType\": \"sys_01_yes_no\", \"status\": \"0\"}', '{\"code\": 200, \"msg\": \"新增成功\", \"success\": true, \"time\": \"2025-02-11T15:13:48.740197\"}', 0, '', '2025-02-11 15:13:49', 1);
INSERT INTO `sys_oper_log` (`oper_id`, `title`, `business_type`, `method`, `request_method`, `operator_type`, `oper_name`, `dept_name`, `oper_url`, `oper_ip`, `oper_location`, `oper_param`, `json_result`, `status`, `error_msg`, `oper_time`, `cost_time`) VALUES (744, '字典数据', 1, 'module_admin/controller/dict_controller.add_system_dict_data()', 'POST', 1, 'admin', '研发部门', '/system/dict/data', '', '内网IP', '{\"dictLabel\": \"是\", \"dictValue\": \"1\", \"listClass\": \"success\", \"dictSort\": 0, \"status\": \"0\", \"dictType\": \"sys_01_yes_no\"}', '{\"code\": 200, \"msg\": \"新增成功\", \"success\": true, \"time\": \"2025-02-11T15:14:15.691978\"}', 0, '', '2025-02-11 15:14:16', 1);
INSERT INTO `sys_oper_log` (`oper_id`, `title`, `business_type`, `method`, `request_method`, `operator_type`, `oper_name`, `dept_name`, `oper_url`, `oper_ip`, `oper_location`, `oper_param`, `json_result`, `status`, `error_msg`, `oper_time`, `cost_time`) VALUES (745, '字典数据', 1, 'module_admin/controller/dict_controller.add_system_dict_data()', 'POST', 1, 'admin', '研发部门', '/system/dict/data', '', '内网IP', '{\"dictLabel\": \"否\", \"dictValue\": \"0\", \"listClass\": \"warning\", \"dictSort\": 0, \"status\": \"0\", \"dictType\": \"sys_01_yes_no\"}', '{\"code\": 200, \"msg\": \"新增成功\", \"success\": true, \"time\": \"2025-02-11T15:15:25.980285\"}', 0, '', '2025-02-11 15:15:26', 1);
INSERT INTO `sys_oper_log` (`oper_id`, `title`, `business_type`, `method`, `request_method`, `operator_type`, `oper_name`, `dept_name`, `oper_url`, `oper_ip`, `oper_location`, `oper_param`, `json_result`, `status`, `error_msg`, `oper_time`, `cost_time`) VALUES (746, '字典类型', 1, 'module_admin/controller/dict_controller.add_system_dict_type()', 'POST', 1, 'admin', '研发部门', '/system/dict/type', '', '内网IP', '{\"dictName\": \"字段居中类型\", \"dictType\": \"field_align\", \"status\": \"0\"}', '{\"code\": 200, \"msg\": \"新增成功\", \"success\": true, \"time\": \"2025-02-11T15:19:15.493162\"}', 0, '', '2025-02-11 15:19:15', 1);
INSERT INTO `sys_oper_log` (`oper_id`, `title`, `business_type`, `method`, `request_method`, `operator_type`, `oper_name`, `dept_name`, `oper_url`, `oper_ip`, `oper_location`, `oper_param`, `json_result`, `status`, `error_msg`, `oper_time`, `cost_time`) VALUES (747, '字典数据', 1, 'module_admin/controller/dict_controller.add_system_dict_data()', 'POST', 1, 'admin', '研发部门', '/system/dict/data', '', '内网IP', '{\"dictLabel\": \"左\", \"dictValue\": \"left\", \"listClass\": \"primary\", \"dictSort\": 0, \"status\": \"0\", \"dictType\": \"field_align\"}', '{\"code\": 200, \"msg\": \"新增成功\", \"success\": true, \"time\": \"2025-02-11T15:19:40.681353\"}', 0, '', '2025-02-11 15:19:41', 1);
INSERT INTO `sys_oper_log` (`oper_id`, `title`, `business_type`, `method`, `request_method`, `operator_type`, `oper_name`, `dept_name`, `oper_url`, `oper_ip`, `oper_location`, `oper_param`, `json_result`, `status`, `error_msg`, `oper_time`, `cost_time`) VALUES (748, '字典数据', 1, 'module_admin/controller/dict_controller.add_system_dict_data()', 'POST', 1, 'admin', '研发部门', '/system/dict/data', '', '内网IP', '{\"dictLabel\": \"右\", \"dictValue\": \"right\", \"listClass\": \"success\", \"dictSort\": 0, \"status\": \"0\", \"dictType\": \"field_align\"}', '{\"code\": 200, \"msg\": \"新增成功\", \"success\": true, \"time\": \"2025-02-11T15:19:59.593741\"}', 0, '', '2025-02-11 15:20:00', 1);
INSERT INTO `sys_oper_log` (`oper_id`, `title`, `business_type`, `method`, `request_method`, `operator_type`, `oper_name`, `dept_name`, `oper_url`, `oper_ip`, `oper_location`, `oper_param`, `json_result`, `status`, `error_msg`, `oper_time`, `cost_time`) VALUES (749, '字典数据', 1, 'module_admin/controller/dict_controller.add_system_dict_data()', 'POST', 1, 'admin', '研发部门', '/system/dict/data', '', '内网IP', '{\"dictLabel\": \"中\", \"dictValue\": \"center\", \"listClass\": \"danger\", \"dictSort\": 0, \"status\": \"0\", \"dictType\": \"field_align\"}', '{\"code\": 200, \"msg\": \"新增成功\", \"success\": true, \"time\": \"2025-02-11T15:20:16.453615\"}', 0, '', '2025-02-11 15:20:16', 1);
INSERT INTO `sys_oper_log` (`oper_id`, `title`, `business_type`, `method`, `request_method`, `operator_type`, `oper_name`, `dept_name`, `oper_url`, `oper_ip`, `oper_location`, `oper_param`, `json_result`, `status`, `error_msg`, `oper_time`, `cost_time`) VALUES (750, 'sys_table', 2, 'module_admin/controller/sys_table_controller.update_sys_table()', 'PUT', 1, 'admin', '研发部门', '/sys/table/update', '', '内网IP', '{\"id\": 6, \"prop\": \"lng\", \"label\": \"经度\", \"sortable\": \"0\", \"width\": 150, \"fixed\": \"0\", \"align\": \"left\", \"show\": \"0\", \"tooltip\": \"1\"}', '{\"code\": 200, \"msg\": \"操作成功\", \"data\": {\"align\": \"left\", \"createTime\": \"2025-02-11T15:12:13\", \"delFlag\": \"0\", \"fieldName\": \"lng\", \"fixed\": \"0\", \"id\": 6, \"label\": \"经度\", \"labelTip\": null, \"prop\": \"lng\", \"show\": \"0\", \"sortable\": \"0\", \"tableName\": \"car_info\", \"tooltip\": \"1\", \"updateBy\": null, \"updateByName\": null, \"updateTime\": \"2025-02-11T16:47:38\", \"width\": 150}, \"success\": true, \"time\": \"2025-02-11T16:47:38.060118\"}', 0, '', '2025-02-11 16:47:38', 2);
INSERT INTO `sys_oper_log` (`oper_id`, `title`, `business_type`, `method`, `request_method`, `operator_type`, `oper_name`, `dept_name`, `oper_url`, `oper_ip`, `oper_location`, `oper_param`, `json_result`, `status`, `error_msg`, `oper_time`, `cost_time`) VALUES (751, 'sys_table', 2, 'module_admin/controller/sys_table_controller.update_sys_table()', 'PUT', 1, 'admin', '研发部门', '/sys/table/update', '', '内网IP', '{\"id\": 6, \"prop\": \"lng\", \"label\": \"经度\", \"sortable\": \"0\", \"width\": 150, \"fixed\": \"0\", \"align\": \"left\", \"show\": \"1\", \"tooltip\": \"1\"}', '{\"code\": 200, \"msg\": \"操作成功\", \"data\": {\"align\": \"left\", \"createTime\": \"2025-02-11T15:12:13\", \"delFlag\": \"0\", \"fieldName\": \"lng\", \"fixed\": \"0\", \"id\": 6, \"label\": \"经度\", \"labelTip\": null, \"prop\": \"lng\", \"show\": \"1\", \"sortable\": \"0\", \"tableName\": \"car_info\", \"tooltip\": \"1\", \"updateBy\": null, \"updateByName\": null, \"updateTime\": \"2025-02-11T16:47:40\", \"width\": 150}, \"success\": true, \"time\": \"2025-02-11T16:47:40.456985\"}', 0, '', '2025-02-11 16:47:40', 0);
INSERT INTO `sys_oper_log` (`oper_id`, `title`, `business_type`, `method`, `request_method`, `operator_type`, `oper_name`, `dept_name`, `oper_url`, `oper_ip`, `oper_location`, `oper_param`, `json_result`, `status`, `error_msg`, `oper_time`, `cost_time`) VALUES (752, 'sys_table', 2, 'module_admin/controller/sys_table_controller.update_sys_table()', 'PUT', 1, 'admin', '研发部门', '/sys/table/update', '', '内网IP', '{\"id\": 6, \"prop\": \"lng\", \"label\": \"经度\", \"sortable\": \"0\", \"width\": 150, \"fixed\": \"0\", \"align\": \"left\", \"show\": \"0\", \"tooltip\": \"1\"}', '{\"code\": 200, \"msg\": \"操作成功\", \"data\": {\"align\": \"left\", \"createTime\": \"2025-02-11T15:12:13\", \"delFlag\": \"0\", \"fieldName\": \"lng\", \"fixed\": \"0\", \"id\": 6, \"label\": \"经度\", \"labelTip\": null, \"prop\": \"lng\", \"show\": \"0\", \"sortable\": \"0\", \"tableName\": \"car_info\", \"tooltip\": \"1\", \"updateBy\": null, \"updateByName\": null, \"updateTime\": \"2025-02-11T16:47:45\", \"width\": 150}, \"success\": true, \"time\": \"2025-02-11T16:47:45.227454\"}', 0, '', '2025-02-11 16:47:45', 0);
INSERT INTO `sys_oper_log` (`oper_id`, `title`, `business_type`, `method`, `request_method`, `operator_type`, `oper_name`, `dept_name`, `oper_url`, `oper_ip`, `oper_location`, `oper_param`, `json_result`, `status`, `error_msg`, `oper_time`, `cost_time`) VALUES (753, 'sys_table', 2, 'module_admin/controller/sys_table_controller.update_sys_table()', 'PUT', 1, 'admin', '研发部门', '/sys/table/update', '', '内网IP', '{\"id\": 5, \"prop\": \"carName\", \"label\": \"小车名称\", \"sortable\": \"0\", \"width\": 150, \"fixed\": \"0\", \"align\": \"left\", \"show\": \"0\", \"tooltip\": \"1\"}', '{\"code\": 200, \"msg\": \"操作成功\", \"data\": {\"align\": \"left\", \"createTime\": \"2025-02-11T15:12:13\", \"delFlag\": \"0\", \"fieldName\": \"car_name\", \"fixed\": \"0\", \"id\": 5, \"label\": \"小车名称\", \"labelTip\": null, \"prop\": \"carName\", \"show\": \"0\", \"sortable\": \"0\", \"tableName\": \"car_info\", \"tooltip\": \"1\", \"updateBy\": null, \"updateByName\": null, \"updateTime\": \"2025-02-11T16:47:51\", \"width\": 150}, \"success\": true, \"time\": \"2025-02-11T16:47:50.527758\"}', 0, '', '2025-02-11 16:47:51', 0);
INSERT INTO `sys_oper_log` (`oper_id`, `title`, `business_type`, `method`, `request_method`, `operator_type`, `oper_name`, `dept_name`, `oper_url`, `oper_ip`, `oper_location`, `oper_param`, `json_result`, `status`, `error_msg`, `oper_time`, `cost_time`) VALUES (754, 'sys_table', 2, 'module_admin/controller/sys_table_controller.update_sys_table()', 'PUT', 1, 'admin', '研发部门', '/sys/table/update', '', '内网IP', '{\"id\": 7, \"prop\": \"lat\", \"label\": \"纬度\", \"sortable\": \"0\", \"width\": 150, \"fixed\": \"0\", \"align\": \"left\", \"show\": \"0\", \"tooltip\": \"1\"}', '{\"code\": 200, \"msg\": \"操作成功\", \"data\": {\"align\": \"left\", \"createTime\": \"2025-02-11T15:12:13\", \"delFlag\": \"0\", \"fieldName\": \"lat\", \"fixed\": \"0\", \"id\": 7, \"label\": \"纬度\", \"labelTip\": null, \"prop\": \"lat\", \"show\": \"0\", \"sortable\": \"0\", \"tableName\": \"car_info\", \"tooltip\": \"1\", \"updateBy\": null, \"updateByName\": null, \"updateTime\": \"2025-02-11T16:47:52\", \"width\": 150}, \"success\": true, \"time\": \"2025-02-11T16:47:51.693013\"}', 0, '', '2025-02-11 16:47:52', 0);
INSERT INTO `sys_oper_log` (`oper_id`, `title`, `business_type`, `method`, `request_method`, `operator_type`, `oper_name`, `dept_name`, `oper_url`, `oper_ip`, `oper_location`, `oper_param`, `json_result`, `status`, `error_msg`, `oper_time`, `cost_time`) VALUES (755, 'sys_table', 2, 'module_admin/controller/sys_table_controller.update_sys_table()', 'PUT', 1, 'admin', '研发部门', '/sys/table/update', '', '内网IP', '{\"id\": 8, \"prop\": \"image\", \"label\": \"图片\", \"sortable\": \"0\", \"width\": 150, \"fixed\": \"0\", \"align\": \"left\", \"show\": \"0\", \"tooltip\": \"1\"}', '{\"code\": 200, \"msg\": \"操作成功\", \"data\": {\"align\": \"left\", \"createTime\": \"2025-02-11T15:12:13\", \"delFlag\": \"0\", \"fieldName\": \"image\", \"fixed\": \"0\", \"id\": 8, \"label\": \"图片\", \"labelTip\": null, \"prop\": \"image\", \"show\": \"0\", \"sortable\": \"0\", \"tableName\": \"car_info\", \"tooltip\": \"1\", \"updateBy\": null, \"updateByName\": null, \"updateTime\": \"2025-02-11T16:47:53\", \"width\": 150}, \"success\": true, \"time\": \"2025-02-11T16:47:53.078565\"}', 0, '', '2025-02-11 16:47:53', 1);
INSERT INTO `sys_oper_log` (`oper_id`, `title`, `business_type`, `method`, `request_method`, `operator_type`, `oper_name`, `dept_name`, `oper_url`, `oper_ip`, `oper_location`, `oper_param`, `json_result`, `status`, `error_msg`, `oper_time`, `cost_time`) VALUES (756, 'sys_table', 2, 'module_admin/controller/sys_table_controller.update_sys_table()', 'PUT', 1, 'admin', '研发部门', '/sys/table/update', '', '内网IP', '{\"id\": 9, \"prop\": \"manager\", \"label\": \"管理员ID\", \"sortable\": \"0\", \"width\": 150, \"fixed\": \"0\", \"align\": \"left\", \"show\": \"0\", \"tooltip\": \"1\"}', '{\"code\": 200, \"msg\": \"操作成功\", \"data\": {\"align\": \"left\", \"createTime\": \"2025-02-11T15:12:13\", \"delFlag\": \"0\", \"fieldName\": \"manager\", \"fixed\": \"0\", \"id\": 9, \"label\": \"管理员ID\", \"labelTip\": null, \"prop\": \"manager\", \"show\": \"0\", \"sortable\": \"0\", \"tableName\": \"car_info\", \"tooltip\": \"1\", \"updateBy\": null, \"updateByName\": null, \"updateTime\": \"2025-02-11T16:47:54\", \"width\": 150}, \"success\": true, \"time\": \"2025-02-11T16:47:54.411113\"}', 0, '', '2025-02-11 16:47:54', 1);
INSERT INTO `sys_oper_log` (`oper_id`, `title`, `business_type`, `method`, `request_method`, `operator_type`, `oper_name`, `dept_name`, `oper_url`, `oper_ip`, `oper_location`, `oper_param`, `json_result`, `status`, `error_msg`, `oper_time`, `cost_time`) VALUES (757, 'sys_table', 2, 'module_admin/controller/sys_table_controller.update_sys_table()', 'PUT', 1, 'admin', '研发部门', '/sys/table/update', '', '内网IP', '{\"id\": 10, \"prop\": \"location\", \"label\": \"所在位置\", \"sortable\": \"0\", \"width\": 150, \"fixed\": \"0\", \"align\": \"left\", \"show\": \"0\", \"tooltip\": \"1\"}', '{\"code\": 200, \"msg\": \"操作成功\", \"data\": {\"align\": \"left\", \"createTime\": \"2025-02-11T15:12:13\", \"delFlag\": \"0\", \"fieldName\": \"location\", \"fixed\": \"0\", \"id\": 10, \"label\": \"所在位置\", \"labelTip\": null, \"prop\": \"location\", \"show\": \"0\", \"sortable\": \"0\", \"tableName\": \"car_info\", \"tooltip\": \"1\", \"updateBy\": null, \"updateByName\": null, \"updateTime\": \"2025-02-11T16:47:56\", \"width\": 150}, \"success\": true, \"time\": \"2025-02-11T16:47:56.001803\"}', 0, '', '2025-02-11 16:47:56', 0);
INSERT INTO `sys_oper_log` (`oper_id`, `title`, `business_type`, `method`, `request_method`, `operator_type`, `oper_name`, `dept_name`, `oper_url`, `oper_ip`, `oper_location`, `oper_param`, `json_result`, `status`, `error_msg`, `oper_time`, `cost_time`) VALUES (758, 'sys_table', 2, 'module_admin/controller/sys_table_controller.update_sys_table()', 'PUT', 1, 'admin', '研发部门', '/sys/table/update', '', '内网IP', '{\"id\": 5, \"prop\": \"carName\", \"label\": \"小车名称\", \"sortable\": \"0\", \"width\": 150, \"fixed\": \"0\", \"align\": \"left\", \"show\": \"1\", \"tooltip\": \"1\"}', '{\"code\": 200, \"msg\": \"操作成功\", \"data\": {\"align\": \"left\", \"createTime\": \"2025-02-11T15:12:13\", \"delFlag\": \"0\", \"fieldName\": \"car_name\", \"fixed\": \"0\", \"id\": 5, \"label\": \"小车名称\", \"labelTip\": null, \"prop\": \"carName\", \"show\": \"1\", \"sortable\": \"0\", \"tableName\": \"car_info\", \"tooltip\": \"1\", \"updateBy\": null, \"updateByName\": null, \"updateTime\": \"2025-02-11T16:49:08\", \"width\": 150}, \"success\": true, \"time\": \"2025-02-11T16:49:08.112922\"}', 0, '', '2025-02-11 16:49:08', 2);
INSERT INTO `sys_oper_log` (`oper_id`, `title`, `business_type`, `method`, `request_method`, `operator_type`, `oper_name`, `dept_name`, `oper_url`, `oper_ip`, `oper_location`, `oper_param`, `json_result`, `status`, `error_msg`, `oper_time`, `cost_time`) VALUES (759, 'sys_table', 2, 'module_admin/controller/sys_table_controller.update_sys_table()', 'PUT', 1, 'admin', '研发部门', '/sys/table/update', '', '内网IP', '{\"id\": 6, \"prop\": \"lng\", \"label\": \"经度\", \"sortable\": \"0\", \"width\": 150, \"fixed\": \"0\", \"align\": \"left\", \"show\": \"1\", \"tooltip\": \"1\"}', '{\"code\": 200, \"msg\": \"操作成功\", \"data\": {\"align\": \"left\", \"createTime\": \"2025-02-11T15:12:13\", \"delFlag\": \"0\", \"fieldName\": \"lng\", \"fixed\": \"0\", \"id\": 6, \"label\": \"经度\", \"labelTip\": null, \"prop\": \"lng\", \"show\": \"1\", \"sortable\": \"0\", \"tableName\": \"car_info\", \"tooltip\": \"1\", \"updateBy\": null, \"updateByName\": null, \"updateTime\": \"2025-02-11T16:49:09\", \"width\": 150}, \"success\": true, \"time\": \"2025-02-11T16:49:09.081869\"}', 0, '', '2025-02-11 16:49:09', 0);
INSERT INTO `sys_oper_log` (`oper_id`, `title`, `business_type`, `method`, `request_method`, `operator_type`, `oper_name`, `dept_name`, `oper_url`, `oper_ip`, `oper_location`, `oper_param`, `json_result`, `status`, `error_msg`, `oper_time`, `cost_time`) VALUES (760, 'sys_table', 2, 'module_admin/controller/sys_table_controller.update_sys_table()', 'PUT', 1, 'admin', '研发部门', '/sys/table/update', '', '内网IP', '{\"id\": 7, \"prop\": \"lat\", \"label\": \"纬度\", \"sortable\": \"0\", \"width\": 150, \"fixed\": \"0\", \"align\": \"left\", \"show\": \"1\", \"tooltip\": \"1\"}', '{\"code\": 200, \"msg\": \"操作成功\", \"data\": {\"align\": \"left\", \"createTime\": \"2025-02-11T15:12:13\", \"delFlag\": \"0\", \"fieldName\": \"lat\", \"fixed\": \"0\", \"id\": 7, \"label\": \"纬度\", \"labelTip\": null, \"prop\": \"lat\", \"show\": \"1\", \"sortable\": \"0\", \"tableName\": \"car_info\", \"tooltip\": \"1\", \"updateBy\": null, \"updateByName\": null, \"updateTime\": \"2025-02-11T16:49:10\", \"width\": 150}, \"success\": true, \"time\": \"2025-02-11T16:49:09.927259\"}', 0, '', '2025-02-11 16:49:10', 0);
INSERT INTO `sys_oper_log` (`oper_id`, `title`, `business_type`, `method`, `request_method`, `operator_type`, `oper_name`, `dept_name`, `oper_url`, `oper_ip`, `oper_location`, `oper_param`, `json_result`, `status`, `error_msg`, `oper_time`, `cost_time`) VALUES (761, 'sys_table', 2, 'module_admin/controller/sys_table_controller.update_sys_table()', 'PUT', 1, 'admin', '研发部门', '/sys/table/update', '', '内网IP', '{\"id\": 8, \"prop\": \"image\", \"label\": \"图片\", \"sortable\": \"0\", \"width\": 150, \"fixed\": \"0\", \"align\": \"left\", \"show\": \"1\", \"tooltip\": \"1\"}', '{\"code\": 200, \"msg\": \"操作成功\", \"data\": {\"align\": \"left\", \"createTime\": \"2025-02-11T15:12:13\", \"delFlag\": \"0\", \"fieldName\": \"image\", \"fixed\": \"0\", \"id\": 8, \"label\": \"图片\", \"labelTip\": null, \"prop\": \"image\", \"show\": \"1\", \"sortable\": \"0\", \"tableName\": \"car_info\", \"tooltip\": \"1\", \"updateBy\": null, \"updateByName\": null, \"updateTime\": \"2025-02-11T16:49:11\", \"width\": 150}, \"success\": true, \"time\": \"2025-02-11T16:49:10.636898\"}', 0, '', '2025-02-11 16:49:11', 0);
INSERT INTO `sys_oper_log` (`oper_id`, `title`, `business_type`, `method`, `request_method`, `operator_type`, `oper_name`, `dept_name`, `oper_url`, `oper_ip`, `oper_location`, `oper_param`, `json_result`, `status`, `error_msg`, `oper_time`, `cost_time`) VALUES (762, 'sys_table', 2, 'module_admin/controller/sys_table_controller.update_sys_table()', 'PUT', 1, 'admin', '研发部门', '/sys/table/update', '', '内网IP', '{\"id\": 9, \"prop\": \"manager\", \"label\": \"管理员ID\", \"sortable\": \"0\", \"width\": 150, \"fixed\": \"0\", \"align\": \"left\", \"show\": \"1\", \"tooltip\": \"1\"}', '{\"code\": 200, \"msg\": \"操作成功\", \"data\": {\"align\": \"left\", \"createTime\": \"2025-02-11T15:12:13\", \"delFlag\": \"0\", \"fieldName\": \"manager\", \"fixed\": \"0\", \"id\": 9, \"label\": \"管理员ID\", \"labelTip\": null, \"prop\": \"manager\", \"show\": \"1\", \"sortable\": \"0\", \"tableName\": \"car_info\", \"tooltip\": \"1\", \"updateBy\": null, \"updateByName\": null, \"updateTime\": \"2025-02-11T16:49:11\", \"width\": 150}, \"success\": true, \"time\": \"2025-02-11T16:49:11.408244\"}', 0, '', '2025-02-11 16:49:11', 0);
INSERT INTO `sys_oper_log` (`oper_id`, `title`, `business_type`, `method`, `request_method`, `operator_type`, `oper_name`, `dept_name`, `oper_url`, `oper_ip`, `oper_location`, `oper_param`, `json_result`, `status`, `error_msg`, `oper_time`, `cost_time`) VALUES (763, 'sys_table', 2, 'module_admin/controller/sys_table_controller.update_sys_table()', 'PUT', 1, 'admin', '研发部门', '/sys/table/update', '', '内网IP', '{\"id\": 10, \"prop\": \"location\", \"label\": \"所在位置\", \"sortable\": \"0\", \"width\": 150, \"fixed\": \"0\", \"align\": \"left\", \"show\": \"1\", \"tooltip\": \"1\"}', '{\"code\": 200, \"msg\": \"操作成功\", \"data\": {\"align\": \"left\", \"createTime\": \"2025-02-11T15:12:13\", \"delFlag\": \"0\", \"fieldName\": \"location\", \"fixed\": \"0\", \"id\": 10, \"label\": \"所在位置\", \"labelTip\": null, \"prop\": \"location\", \"show\": \"1\", \"sortable\": \"0\", \"tableName\": \"car_info\", \"tooltip\": \"1\", \"updateBy\": null, \"updateByName\": null, \"updateTime\": \"2025-02-11T16:49:12\", \"width\": 150}, \"success\": true, \"time\": \"2025-02-11T16:49:12.112734\"}', 0, '', '2025-02-11 16:49:12', 1);
INSERT INTO `sys_oper_log` (`oper_id`, `title`, `business_type`, `method`, `request_method`, `operator_type`, `oper_name`, `dept_name`, `oper_url`, `oper_ip`, `oper_location`, `oper_param`, `json_result`, `status`, `error_msg`, `oper_time`, `cost_time`) VALUES (764, 'sys_table', 2, 'module_admin/controller/sys_table_controller.update_sys_table()', 'PUT', 1, 'admin', '研发部门', '/sys/table/update', '', '内网IP', '{\"id\": 1, \"prop\": \"id\", \"label\": \"id\", \"sortable\": \"0\", \"width\": 150, \"fixed\": \"0\", \"align\": \"left\", \"show\": \"0\", \"tooltip\": \"1\"}', '{\"code\": 200, \"msg\": \"操作成功\", \"data\": {\"align\": \"left\", \"createTime\": \"2025-02-11T15:12:13\", \"delFlag\": \"0\", \"fieldName\": \"id\", \"fixed\": \"0\", \"id\": 1, \"label\": \"id\", \"labelTip\": null, \"prop\": \"id\", \"show\": \"0\", \"sortable\": \"0\", \"tableName\": \"car_info\", \"tooltip\": \"1\", \"updateBy\": null, \"updateByName\": null, \"updateTime\": \"2025-02-11T16:49:49\", \"width\": 150}, \"success\": true, \"time\": \"2025-02-11T16:49:49.355407\"}', 0, '', '2025-02-11 16:49:49', 0);
INSERT INTO `sys_oper_log` (`oper_id`, `title`, `business_type`, `method`, `request_method`, `operator_type`, `oper_name`, `dept_name`, `oper_url`, `oper_ip`, `oper_location`, `oper_param`, `json_result`, `status`, `error_msg`, `oper_time`, `cost_time`) VALUES (765, 'sys_table', 2, 'module_admin/controller/sys_table_controller.update_sys_table()', 'PUT', 1, 'admin', '研发部门', '/sys/table/update', '', '内网IP', '{\"id\": 1, \"prop\": \"id\", \"label\": \"id\", \"sortable\": \"0\", \"width\": 150, \"fixed\": \"0\", \"align\": \"center\", \"show\": \"0\", \"tooltip\": \"1\"}', '{\"code\": 200, \"msg\": \"操作成功\", \"data\": {\"align\": \"center\", \"createTime\": \"2025-02-11T15:12:13\", \"delFlag\": \"0\", \"fieldName\": \"id\", \"fixed\": \"0\", \"id\": 1, \"label\": \"id\", \"labelTip\": null, \"prop\": \"id\", \"show\": \"0\", \"sortable\": \"0\", \"tableName\": \"car_info\", \"tooltip\": \"1\", \"updateBy\": null, \"updateByName\": null, \"updateTime\": \"2025-02-11T16:50:00\", \"width\": 150}, \"success\": true, \"time\": \"2025-02-11T16:49:59.768165\"}', 0, '', '2025-02-11 16:50:00', 1);
INSERT INTO `sys_oper_log` (`oper_id`, `title`, `business_type`, `method`, `request_method`, `operator_type`, `oper_name`, `dept_name`, `oper_url`, `oper_ip`, `oper_location`, `oper_param`, `json_result`, `status`, `error_msg`, `oper_time`, `cost_time`) VALUES (766, 'sys_table', 2, 'module_admin/controller/sys_table_controller.update_sys_table()', 'PUT', 1, 'admin', '研发部门', '/sys/table/update', '', '内网IP', '{\"id\": 2, \"prop\": \"createTime\", \"label\": \"创建时间\", \"sortable\": \"0\", \"width\": 150, \"fixed\": \"0\", \"align\": \"center\", \"show\": \"1\", \"tooltip\": \"1\"}', '{\"code\": 200, \"msg\": \"操作成功\", \"data\": {\"align\": \"center\", \"createTime\": \"2025-02-11T15:12:13\", \"delFlag\": \"0\", \"fieldName\": \"create_time\", \"fixed\": \"0\", \"id\": 2, \"label\": \"创建时间\", \"labelTip\": null, \"prop\": \"createTime\", \"show\": \"1\", \"sortable\": \"0\", \"tableName\": \"car_info\", \"tooltip\": \"1\", \"updateBy\": null, \"updateByName\": null, \"updateTime\": \"2025-02-11T16:50:02\", \"width\": 150}, \"success\": true, \"time\": \"2025-02-11T16:50:01.779207\"}', 0, '', '2025-02-11 16:50:02', 0);
INSERT INTO `sys_oper_log` (`oper_id`, `title`, `business_type`, `method`, `request_method`, `operator_type`, `oper_name`, `dept_name`, `oper_url`, `oper_ip`, `oper_location`, `oper_param`, `json_result`, `status`, `error_msg`, `oper_time`, `cost_time`) VALUES (767, 'sys_table', 2, 'module_admin/controller/sys_table_controller.update_sys_table()', 'PUT', 1, 'admin', '研发部门', '/sys/table/update', '', '内网IP', '{\"id\": 4, \"prop\": \"delFlag\", \"label\": \"删除标志\", \"sortable\": \"0\", \"width\": 150, \"fixed\": \"0\", \"align\": \"center\", \"show\": \"1\", \"tooltip\": \"1\"}', '{\"code\": 200, \"msg\": \"操作成功\", \"data\": {\"align\": \"center\", \"createTime\": \"2025-02-11T15:12:13\", \"delFlag\": \"0\", \"fieldName\": \"del_flag\", \"fixed\": \"0\", \"id\": 4, \"label\": \"删除标志\", \"labelTip\": null, \"prop\": \"delFlag\", \"show\": \"1\", \"sortable\": \"0\", \"tableName\": \"car_info\", \"tooltip\": \"1\", \"updateBy\": null, \"updateByName\": null, \"updateTime\": \"2025-02-11T16:50:06\", \"width\": 150}, \"success\": true, \"time\": \"2025-02-11T16:50:05.601820\"}', 0, '', '2025-02-11 16:50:06', 0);
INSERT INTO `sys_oper_log` (`oper_id`, `title`, `business_type`, `method`, `request_method`, `operator_type`, `oper_name`, `dept_name`, `oper_url`, `oper_ip`, `oper_location`, `oper_param`, `json_result`, `status`, `error_msg`, `oper_time`, `cost_time`) VALUES (768, 'sys_table', 2, 'module_admin/controller/sys_table_controller.update_sys_table()', 'PUT', 1, 'admin', '研发部门', '/sys/table/update', '', '内网IP', '{\"id\": 5, \"prop\": \"carName\", \"label\": \"小车名称\", \"sortable\": \"0\", \"width\": 150, \"fixed\": \"0\", \"align\": \"center\", \"show\": \"1\", \"tooltip\": \"1\"}', '{\"code\": 200, \"msg\": \"操作成功\", \"data\": {\"align\": \"center\", \"createTime\": \"2025-02-11T15:12:13\", \"delFlag\": \"0\", \"fieldName\": \"car_name\", \"fixed\": \"0\", \"id\": 5, \"label\": \"小车名称\", \"labelTip\": null, \"prop\": \"carName\", \"show\": \"1\", \"sortable\": \"0\", \"tableName\": \"car_info\", \"tooltip\": \"1\", \"updateBy\": null, \"updateByName\": null, \"updateTime\": \"2025-02-11T16:50:09\", \"width\": 150}, \"success\": true, \"time\": \"2025-02-11T16:50:09.457394\"}', 0, '', '2025-02-11 16:50:09', 0);
INSERT INTO `sys_oper_log` (`oper_id`, `title`, `business_type`, `method`, `request_method`, `operator_type`, `oper_name`, `dept_name`, `oper_url`, `oper_ip`, `oper_location`, `oper_param`, `json_result`, `status`, `error_msg`, `oper_time`, `cost_time`) VALUES (769, 'sys_table', 2, 'module_admin/controller/sys_table_controller.update_sys_table()', 'PUT', 1, 'admin', '研发部门', '/sys/table/update', '', '内网IP', '{\"id\": 6, \"prop\": \"lng\", \"label\": \"经度\", \"sortable\": \"0\", \"width\": 150, \"fixed\": \"0\", \"align\": \"center\", \"show\": \"1\", \"tooltip\": \"1\"}', '{\"code\": 200, \"msg\": \"操作成功\", \"data\": {\"align\": \"center\", \"createTime\": \"2025-02-11T15:12:13\", \"delFlag\": \"0\", \"fieldName\": \"lng\", \"fixed\": \"0\", \"id\": 6, \"label\": \"经度\", \"labelTip\": null, \"prop\": \"lng\", \"show\": \"1\", \"sortable\": \"0\", \"tableName\": \"car_info\", \"tooltip\": \"1\", \"updateBy\": null, \"updateByName\": null, \"updateTime\": \"2025-02-11T16:50:11\", \"width\": 150}, \"success\": true, \"time\": \"2025-02-11T16:50:10.726787\"}', 0, '', '2025-02-11 16:50:11', 0);
INSERT INTO `sys_oper_log` (`oper_id`, `title`, `business_type`, `method`, `request_method`, `operator_type`, `oper_name`, `dept_name`, `oper_url`, `oper_ip`, `oper_location`, `oper_param`, `json_result`, `status`, `error_msg`, `oper_time`, `cost_time`) VALUES (770, 'sys_table', 2, 'module_admin/controller/sys_table_controller.update_sys_table()', 'PUT', 1, 'admin', '研发部门', '/sys/table/update', '', '内网IP', '{\"id\": 7, \"prop\": \"lat\", \"label\": \"纬度\", \"sortable\": \"0\", \"width\": 150, \"fixed\": \"0\", \"align\": \"center\", \"show\": \"1\", \"tooltip\": \"1\"}', '{\"code\": 200, \"msg\": \"操作成功\", \"data\": {\"align\": \"center\", \"createTime\": \"2025-02-11T15:12:13\", \"delFlag\": \"0\", \"fieldName\": \"lat\", \"fixed\": \"0\", \"id\": 7, \"label\": \"纬度\", \"labelTip\": null, \"prop\": \"lat\", \"show\": \"1\", \"sortable\": \"0\", \"tableName\": \"car_info\", \"tooltip\": \"1\", \"updateBy\": null, \"updateByName\": null, \"updateTime\": \"2025-02-11T16:50:12\", \"width\": 150}, \"success\": true, \"time\": \"2025-02-11T16:50:11.930742\"}', 0, '', '2025-02-11 16:50:12', 1);
INSERT INTO `sys_oper_log` (`oper_id`, `title`, `business_type`, `method`, `request_method`, `operator_type`, `oper_name`, `dept_name`, `oper_url`, `oper_ip`, `oper_location`, `oper_param`, `json_result`, `status`, `error_msg`, `oper_time`, `cost_time`) VALUES (771, 'sys_table', 2, 'module_admin/controller/sys_table_controller.update_sys_table()', 'PUT', 1, 'admin', '研发部门', '/sys/table/update', '', '内网IP', '{\"id\": 7, \"prop\": \"lat\", \"label\": \"纬度\", \"sortable\": \"0\", \"width\": 150, \"fixed\": \"1\", \"align\": \"center\", \"show\": \"1\", \"tooltip\": \"1\"}', '{\"code\": 200, \"msg\": \"操作成功\", \"data\": {\"align\": \"center\", \"createTime\": \"2025-02-11T15:12:13\", \"delFlag\": \"0\", \"fieldName\": \"lat\", \"fixed\": \"1\", \"id\": 7, \"label\": \"纬度\", \"labelTip\": null, \"prop\": \"lat\", \"show\": \"1\", \"sortable\": \"0\", \"tableName\": \"car_info\", \"tooltip\": \"1\", \"updateBy\": null, \"updateByName\": null, \"updateTime\": \"2025-02-11T16:50:14\", \"width\": 150}, \"success\": true, \"time\": \"2025-02-11T16:50:13.541502\"}', 0, '', '2025-02-11 16:50:14', 0);
INSERT INTO `sys_oper_log` (`oper_id`, `title`, `business_type`, `method`, `request_method`, `operator_type`, `oper_name`, `dept_name`, `oper_url`, `oper_ip`, `oper_location`, `oper_param`, `json_result`, `status`, `error_msg`, `oper_time`, `cost_time`) VALUES (772, 'sys_table', 2, 'module_admin/controller/sys_table_controller.update_sys_table()', 'PUT', 1, 'admin', '研发部门', '/sys/table/update', '', '内网IP', '{\"id\": 7, \"prop\": \"lat\", \"label\": \"纬度\", \"sortable\": \"0\", \"width\": 150, \"fixed\": \"0\", \"align\": \"center\", \"show\": \"1\", \"tooltip\": \"1\"}', '{\"code\": 200, \"msg\": \"操作成功\", \"data\": {\"align\": \"center\", \"createTime\": \"2025-02-11T15:12:13\", \"delFlag\": \"0\", \"fieldName\": \"lat\", \"fixed\": \"0\", \"id\": 7, \"label\": \"纬度\", \"labelTip\": null, \"prop\": \"lat\", \"show\": \"1\", \"sortable\": \"0\", \"tableName\": \"car_info\", \"tooltip\": \"1\", \"updateBy\": null, \"updateByName\": null, \"updateTime\": \"2025-02-11T16:50:16\", \"width\": 150}, \"success\": true, \"time\": \"2025-02-11T16:50:15.528287\"}', 0, '', '2025-02-11 16:50:16', 0);
INSERT INTO `sys_oper_log` (`oper_id`, `title`, `business_type`, `method`, `request_method`, `operator_type`, `oper_name`, `dept_name`, `oper_url`, `oper_ip`, `oper_location`, `oper_param`, `json_result`, `status`, `error_msg`, `oper_time`, `cost_time`) VALUES (773, 'sys_table', 2, 'module_admin/controller/sys_table_controller.update_sys_table()', 'PUT', 1, 'admin', '研发部门', '/sys/table/update', '', '内网IP', '{\"id\": 7, \"prop\": \"lat\", \"label\": \"纬度\", \"sortable\": \"1\", \"width\": 150, \"fixed\": \"0\", \"align\": \"center\", \"show\": \"1\", \"tooltip\": \"1\"}', '{\"code\": 200, \"msg\": \"操作成功\", \"data\": {\"align\": \"center\", \"createTime\": \"2025-02-11T15:12:13\", \"delFlag\": \"0\", \"fieldName\": \"lat\", \"fixed\": \"0\", \"id\": 7, \"label\": \"纬度\", \"labelTip\": null, \"prop\": \"lat\", \"show\": \"1\", \"sortable\": \"1\", \"tableName\": \"car_info\", \"tooltip\": \"1\", \"updateBy\": null, \"updateByName\": null, \"updateTime\": \"2025-02-11T16:50:17\", \"width\": 150}, \"success\": true, \"time\": \"2025-02-11T16:50:17.278631\"}', 0, '', '2025-02-11 16:50:17', 1);
INSERT INTO `sys_oper_log` (`oper_id`, `title`, `business_type`, `method`, `request_method`, `operator_type`, `oper_name`, `dept_name`, `oper_url`, `oper_ip`, `oper_location`, `oper_param`, `json_result`, `status`, `error_msg`, `oper_time`, `cost_time`) VALUES (774, 'sys_table', 2, 'module_admin/controller/sys_table_controller.update_sys_table()', 'PUT', 1, 'admin', '研发部门', '/sys/table/update', '', '内网IP', '{\"id\": 7, \"prop\": \"lat\", \"label\": \"纬度\", \"sortable\": \"0\", \"width\": 150, \"fixed\": \"0\", \"align\": \"center\", \"show\": \"1\", \"tooltip\": \"1\"}', '{\"code\": 200, \"msg\": \"操作成功\", \"data\": {\"align\": \"center\", \"createTime\": \"2025-02-11T15:12:13\", \"delFlag\": \"0\", \"fieldName\": \"lat\", \"fixed\": \"0\", \"id\": 7, \"label\": \"纬度\", \"labelTip\": null, \"prop\": \"lat\", \"show\": \"1\", \"sortable\": \"0\", \"tableName\": \"car_info\", \"tooltip\": \"1\", \"updateBy\": null, \"updateByName\": null, \"updateTime\": \"2025-02-11T16:50:18\", \"width\": 150}, \"success\": true, \"time\": \"2025-02-11T16:50:18.360501\"}', 0, '', '2025-02-11 16:50:18', 0);
INSERT INTO `sys_oper_log` (`oper_id`, `title`, `business_type`, `method`, `request_method`, `operator_type`, `oper_name`, `dept_name`, `oper_url`, `oper_ip`, `oper_location`, `oper_param`, `json_result`, `status`, `error_msg`, `oper_time`, `cost_time`) VALUES (775, 'sys_table', 2, 'module_admin/controller/sys_table_controller.update_sys_table()', 'PUT', 1, 'admin', '研发部门', '/sys/table/update', '', '内网IP', '{\"id\": 2, \"prop\": \"createTime\", \"label\": \"创建时间\", \"sortable\": \"0\", \"width\": 150, \"fixed\": \"0\", \"align\": \"center\", \"show\": \"0\", \"tooltip\": \"1\"}', '{\"code\": 200, \"msg\": \"操作成功\", \"data\": {\"align\": \"center\", \"createTime\": \"2025-02-11T15:12:13\", \"delFlag\": \"0\", \"fieldName\": \"create_time\", \"fixed\": \"0\", \"id\": 2, \"label\": \"创建时间\", \"labelTip\": null, \"prop\": \"createTime\", \"show\": \"0\", \"sortable\": \"0\", \"tableName\": \"car_info\", \"tooltip\": \"1\", \"updateBy\": null, \"updateByName\": null, \"updateTime\": \"2025-02-11T16:52:59\", \"width\": 150}, \"success\": true, \"time\": \"2025-02-11T16:52:59.429440\"}', 0, '', '2025-02-11 16:52:59', 0);
INSERT INTO `sys_oper_log` (`oper_id`, `title`, `business_type`, `method`, `request_method`, `operator_type`, `oper_name`, `dept_name`, `oper_url`, `oper_ip`, `oper_location`, `oper_param`, `json_result`, `status`, `error_msg`, `oper_time`, `cost_time`) VALUES (776, 'sys_table', 2, 'module_admin/controller/sys_table_controller.update_sys_table()', 'PUT', 1, 'admin', '研发部门', '/sys/table/update', '', '内网IP', '{\"id\": 3, \"prop\": \"updateTime\", \"label\": \"更新时间\", \"sortable\": \"1\", \"width\": 150, \"fixed\": \"0\", \"align\": \"left\", \"show\": \"1\", \"tooltip\": \"1\"}', '{\"code\": 200, \"msg\": \"操作成功\", \"data\": {\"align\": \"left\", \"createTime\": \"2025-02-11T15:12:13\", \"delFlag\": \"0\", \"fieldName\": \"update_time\", \"fixed\": \"0\", \"id\": 3, \"label\": \"更新时间\", \"labelTip\": null, \"prop\": \"updateTime\", \"show\": \"1\", \"sortable\": \"1\", \"tableName\": \"car_info\", \"tooltip\": \"1\", \"updateBy\": null, \"updateByName\": null, \"updateTime\": \"2025-02-11T16:53:03\", \"width\": 150}, \"success\": true, \"time\": \"2025-02-11T16:53:03.048986\"}', 0, '', '2025-02-11 16:53:03', 0);
INSERT INTO `sys_oper_log` (`oper_id`, `title`, `business_type`, `method`, `request_method`, `operator_type`, `oper_name`, `dept_name`, `oper_url`, `oper_ip`, `oper_location`, `oper_param`, `json_result`, `status`, `error_msg`, `oper_time`, `cost_time`) VALUES (777, 'sys_table', 2, 'module_admin/controller/sys_table_controller.update_sys_table()', 'PUT', 1, 'admin', '研发部门', '/sys/table/update', '', '内网IP', '{\"id\": 3, \"prop\": \"updateTime\", \"label\": \"更新时间\", \"sortable\": \"1\", \"width\": 150, \"fixed\": \"0\", \"align\": \"left\", \"show\": \"1\", \"tooltip\": \"0\"}', '{\"code\": 200, \"msg\": \"操作成功\", \"data\": {\"align\": \"left\", \"createTime\": \"2025-02-11T15:12:13\", \"delFlag\": \"0\", \"fieldName\": \"update_time\", \"fixed\": \"0\", \"id\": 3, \"label\": \"更新时间\", \"labelTip\": null, \"prop\": \"updateTime\", \"show\": \"1\", \"sortable\": \"1\", \"tableName\": \"car_info\", \"tooltip\": \"0\", \"updateBy\": null, \"updateByName\": null, \"updateTime\": \"2025-02-11T16:55:02\", \"width\": 150}, \"success\": true, \"time\": \"2025-02-11T16:55:01.697136\"}', 0, '', '2025-02-11 16:55:02', 1);
INSERT INTO `sys_oper_log` (`oper_id`, `title`, `business_type`, `method`, `request_method`, `operator_type`, `oper_name`, `dept_name`, `oper_url`, `oper_ip`, `oper_location`, `oper_param`, `json_result`, `status`, `error_msg`, `oper_time`, `cost_time`) VALUES (778, 'sys_table', 2, 'module_admin/controller/sys_table_controller.update_sys_table()', 'PUT', 1, 'admin', '研发部门', '/sys/table/update', '', '内网IP', '{\"id\": 3, \"prop\": \"updateTime\", \"label\": \"更新时间\", \"sortable\": \"1\", \"width\": 150, \"fixed\": \"0\", \"align\": \"left\", \"show\": \"1\", \"tooltip\": \"1\"}', '{\"code\": 200, \"msg\": \"操作成功\", \"data\": {\"align\": \"left\", \"createTime\": \"2025-02-11T15:12:13\", \"delFlag\": \"0\", \"fieldName\": \"update_time\", \"fixed\": \"0\", \"id\": 3, \"label\": \"更新时间\", \"labelTip\": null, \"prop\": \"updateTime\", \"show\": \"1\", \"sortable\": \"1\", \"tableName\": \"car_info\", \"tooltip\": \"1\", \"updateBy\": null, \"updateByName\": null, \"updateTime\": \"2025-02-11T16:55:03\", \"width\": 150}, \"success\": true, \"time\": \"2025-02-11T16:55:03.162721\"}', 0, '', '2025-02-11 16:55:03', 0);
INSERT INTO `sys_oper_log` (`oper_id`, `title`, `business_type`, `method`, `request_method`, `operator_type`, `oper_name`, `dept_name`, `oper_url`, `oper_ip`, `oper_location`, `oper_param`, `json_result`, `status`, `error_msg`, `oper_time`, `cost_time`) VALUES (779, 'sys_table', 2, 'module_admin/controller/sys_table_controller.update_sys_table()', 'PUT', 1, 'admin', '研发部门', '/sys/table/update', '', '内网IP', '{\"id\": 3, \"prop\": \"updateTime\", \"label\": \"更新时间\", \"sortable\": \"1\", \"width\": 150, \"fixed\": \"0\", \"align\": \"center\", \"show\": \"1\", \"tooltip\": \"1\"}', '{\"code\": 200, \"msg\": \"操作成功\", \"data\": {\"align\": \"center\", \"createTime\": \"2025-02-11T15:12:13\", \"delFlag\": \"0\", \"fieldName\": \"update_time\", \"fixed\": \"0\", \"id\": 3, \"label\": \"更新时间\", \"labelTip\": null, \"prop\": \"updateTime\", \"show\": \"1\", \"sortable\": \"1\", \"tableName\": \"car_info\", \"tooltip\": \"1\", \"updateBy\": null, \"updateByName\": null, \"updateTime\": \"2025-02-11T16:55:06\", \"width\": 150}, \"success\": true, \"time\": \"2025-02-11T16:55:05.934636\"}', 0, '', '2025-02-11 16:55:06', 0);
INSERT INTO `sys_oper_log` (`oper_id`, `title`, `business_type`, `method`, `request_method`, `operator_type`, `oper_name`, `dept_name`, `oper_url`, `oper_ip`, `oper_location`, `oper_param`, `json_result`, `status`, `error_msg`, `oper_time`, `cost_time`) VALUES (780, 'sys_table', 2, 'module_admin/controller/sys_table_controller.update_sys_table()', 'PUT', 1, 'admin', '研发部门', '/sys/table/update', '', '内网IP', '{\"id\": 3, \"prop\": \"updateTime\", \"label\": \"更新时间\", \"sortable\": \"1\", \"width\": 150, \"fixed\": \"1\", \"align\": \"center\", \"show\": \"1\", \"tooltip\": \"1\"}', '{\"code\": 200, \"msg\": \"操作成功\", \"data\": {\"align\": \"center\", \"createTime\": \"2025-02-11T15:12:13\", \"delFlag\": \"0\", \"fieldName\": \"update_time\", \"fixed\": \"1\", \"id\": 3, \"label\": \"更新时间\", \"labelTip\": null, \"prop\": \"updateTime\", \"show\": \"1\", \"sortable\": \"1\", \"tableName\": \"car_info\", \"tooltip\": \"1\", \"updateBy\": null, \"updateByName\": null, \"updateTime\": \"2025-02-11T16:55:08\", \"width\": 150}, \"success\": true, \"time\": \"2025-02-11T16:55:07.594757\"}', 0, '', '2025-02-11 16:55:08', 0);
INSERT INTO `sys_oper_log` (`oper_id`, `title`, `business_type`, `method`, `request_method`, `operator_type`, `oper_name`, `dept_name`, `oper_url`, `oper_ip`, `oper_location`, `oper_param`, `json_result`, `status`, `error_msg`, `oper_time`, `cost_time`) VALUES (781, 'sys_table', 2, 'module_admin/controller/sys_table_controller.update_sys_table()', 'PUT', 1, 'admin', '研发部门', '/sys/table/update', '', '内网IP', '{\"id\": 3, \"prop\": \"updateTime\", \"label\": \"更新时间\", \"sortable\": \"0\", \"width\": 150, \"fixed\": \"1\", \"align\": \"center\", \"show\": \"1\", \"tooltip\": \"1\"}', '{\"code\": 200, \"msg\": \"操作成功\", \"data\": {\"align\": \"center\", \"createTime\": \"2025-02-11T15:12:13\", \"delFlag\": \"0\", \"fieldName\": \"update_time\", \"fixed\": \"1\", \"id\": 3, \"label\": \"更新时间\", \"labelTip\": null, \"prop\": \"updateTime\", \"show\": \"1\", \"sortable\": \"0\", \"tableName\": \"car_info\", \"tooltip\": \"1\", \"updateBy\": null, \"updateByName\": null, \"updateTime\": \"2025-02-11T16:55:09\", \"width\": 150}, \"success\": true, \"time\": \"2025-02-11T16:55:08.600020\"}', 0, '', '2025-02-11 16:55:09', 0);
INSERT INTO `sys_oper_log` (`oper_id`, `title`, `business_type`, `method`, `request_method`, `operator_type`, `oper_name`, `dept_name`, `oper_url`, `oper_ip`, `oper_location`, `oper_param`, `json_result`, `status`, `error_msg`, `oper_time`, `cost_time`) VALUES (782, 'sys_table', 2, 'module_admin/controller/sys_table_controller.update_sys_table()', 'PUT', 1, 'admin', '研发部门', '/sys/table/update', '', '内网IP', '{\"id\": 3, \"prop\": \"updateTime\", \"label\": \"更新时间\", \"sortable\": \"0\", \"width\": 150, \"fixed\": \"1\", \"align\": \"center\", \"show\": \"0\", \"tooltip\": \"1\"}', '{\"code\": 200, \"msg\": \"操作成功\", \"data\": {\"align\": \"center\", \"createTime\": \"2025-02-11T15:12:13\", \"delFlag\": \"0\", \"fieldName\": \"update_time\", \"fixed\": \"1\", \"id\": 3, \"label\": \"更新时间\", \"labelTip\": null, \"prop\": \"updateTime\", \"show\": \"0\", \"sortable\": \"0\", \"tableName\": \"car_info\", \"tooltip\": \"1\", \"updateBy\": null, \"updateByName\": null, \"updateTime\": \"2025-02-11T16:55:09\", \"width\": 150}, \"success\": true, \"time\": \"2025-02-11T16:55:09.423365\"}', 0, '', '2025-02-11 16:55:09', 0);
INSERT INTO `sys_oper_log` (`oper_id`, `title`, `business_type`, `method`, `request_method`, `operator_type`, `oper_name`, `dept_name`, `oper_url`, `oper_ip`, `oper_location`, `oper_param`, `json_result`, `status`, `error_msg`, `oper_time`, `cost_time`) VALUES (783, 'sys_table', 2, 'module_admin/controller/sys_table_controller.update_sys_table()', 'PUT', 1, 'admin', '研发部门', '/sys/table/update', '', '内网IP', '{\"id\": 3, \"prop\": \"updateTime\", \"label\": \"更新时间\", \"sortable\": \"0\", \"width\": 150, \"fixed\": \"1\", \"align\": \"center\", \"show\": \"1\", \"tooltip\": \"1\"}', '{\"code\": 200, \"msg\": \"操作成功\", \"data\": {\"align\": \"center\", \"createTime\": \"2025-02-11T15:12:13\", \"delFlag\": \"0\", \"fieldName\": \"update_time\", \"fixed\": \"1\", \"id\": 3, \"label\": \"更新时间\", \"labelTip\": null, \"prop\": \"updateTime\", \"show\": \"1\", \"sortable\": \"0\", \"tableName\": \"car_info\", \"tooltip\": \"1\", \"updateBy\": null, \"updateByName\": null, \"updateTime\": \"2025-02-11T16:55:11\", \"width\": 150}, \"success\": true, \"time\": \"2025-02-11T16:55:10.904930\"}', 0, '', '2025-02-11 16:55:11', 0);
INSERT INTO `sys_oper_log` (`oper_id`, `title`, `business_type`, `method`, `request_method`, `operator_type`, `oper_name`, `dept_name`, `oper_url`, `oper_ip`, `oper_location`, `oper_param`, `json_result`, `status`, `error_msg`, `oper_time`, `cost_time`) VALUES (784, 'sys_table', 2, 'module_admin/controller/sys_table_controller.update_sys_table()', 'PUT', 1, 'admin', '研发部门', '/sys/table/update', '', '内网IP', '{\"id\": 5, \"prop\": \"carName\", \"label\": \"小车名称\", \"sortable\": \"0\", \"width\": 138, \"fixed\": \"0\", \"align\": \"center\", \"show\": \"1\", \"tooltip\": \"1\"}', '{\"code\": 200, \"msg\": \"操作成功\", \"data\": {\"align\": \"center\", \"createTime\": \"2025-02-11T15:12:13\", \"delFlag\": \"0\", \"fieldName\": \"car_name\", \"fixed\": \"0\", \"id\": 5, \"label\": \"小车名称\", \"labelTip\": null, \"prop\": \"carName\", \"show\": \"1\", \"sortable\": \"0\", \"tableName\": \"car_info\", \"tooltip\": \"1\", \"updateBy\": null, \"updateByName\": null, \"updateTime\": \"2025-02-11T21:49:07\", \"width\": 138}, \"success\": true, \"time\": \"2025-02-11T21:49:06.597076\"}', 0, '', '2025-02-11 21:49:07', 2);
INSERT INTO `sys_oper_log` (`oper_id`, `title`, `business_type`, `method`, `request_method`, `operator_type`, `oper_name`, `dept_name`, `oper_url`, `oper_ip`, `oper_location`, `oper_param`, `json_result`, `status`, `error_msg`, `oper_time`, `cost_time`) VALUES (785, 'sys_table', 2, 'module_admin/controller/sys_table_controller.update_sys_table()', 'PUT', 1, 'admin', '研发部门', '/sys/table/update', '', '内网IP', '{\"id\": 4, \"prop\": \"delFlag\", \"label\": \"删除标志\", \"sortable\": \"0\", \"width\": 106, \"fixed\": \"0\", \"align\": \"center\", \"show\": \"1\", \"tooltip\": \"1\"}', '{\"code\": 200, \"msg\": \"操作成功\", \"data\": {\"align\": \"center\", \"createTime\": \"2025-02-11T15:12:13\", \"delFlag\": \"0\", \"fieldName\": \"del_flag\", \"fixed\": \"0\", \"id\": 4, \"label\": \"删除标志\", \"labelTip\": null, \"prop\": \"delFlag\", \"show\": \"1\", \"sortable\": \"0\", \"tableName\": \"car_info\", \"tooltip\": \"1\", \"updateBy\": null, \"updateByName\": null, \"updateTime\": \"2025-02-11T21:49:22\", \"width\": 106}, \"success\": true, \"time\": \"2025-02-11T21:49:21.757795\"}', 0, '', '2025-02-11 21:49:22', 0);
INSERT INTO `sys_oper_log` (`oper_id`, `title`, `business_type`, `method`, `request_method`, `operator_type`, `oper_name`, `dept_name`, `oper_url`, `oper_ip`, `oper_location`, `oper_param`, `json_result`, `status`, `error_msg`, `oper_time`, `cost_time`) VALUES (786, 'sys_table', 2, 'module_admin/controller/sys_table_controller.update_sys_table()', 'PUT', 1, 'admin', '研发部门', '/sys/table/update', '', '内网IP', '{\"id\": 2, \"prop\": \"createTime\", \"label\": \"创建时间\", \"sortable\": \"0\", \"width\": 150, \"fixed\": \"0\", \"align\": \"right\", \"show\": \"0\", \"tooltip\": \"1\"}', '{\"code\": 200, \"msg\": \"操作成功\", \"data\": {\"align\": \"right\", \"createTime\": \"2025-02-11T15:12:13\", \"delFlag\": \"0\", \"fieldName\": \"create_time\", \"fixed\": \"0\", \"id\": 2, \"label\": \"创建时间\", \"labelTip\": null, \"prop\": \"createTime\", \"show\": \"0\", \"sortable\": \"0\", \"tableName\": \"car_info\", \"tooltip\": \"1\", \"updateBy\": null, \"updateByName\": null, \"updateTime\": \"2025-02-11T23:32:38\", \"width\": 150}, \"success\": true, \"time\": \"2025-02-11T23:32:37.741258\"}', 0, '', '2025-02-11 23:32:38', 2);
INSERT INTO `sys_oper_log` (`oper_id`, `title`, `business_type`, `method`, `request_method`, `operator_type`, `oper_name`, `dept_name`, `oper_url`, `oper_ip`, `oper_location`, `oper_param`, `json_result`, `status`, `error_msg`, `oper_time`, `cost_time`) VALUES (787, 'sys_table', 2, 'module_admin/controller/sys_table_controller.update_sys_table()', 'PUT', 1, 'admin', '研发部门', '/sys/table/update', '', '内网IP', '{\"id\": 2, \"prop\": \"createTime\", \"label\": \"创建时间\", \"sortable\": \"0\", \"width\": 150, \"fixed\": \"0\", \"align\": \"center\", \"show\": \"0\", \"tooltip\": \"1\"}', '{\"code\": 200, \"msg\": \"操作成功\", \"data\": {\"align\": \"center\", \"createTime\": \"2025-02-11T15:12:13\", \"delFlag\": \"0\", \"fieldName\": \"create_time\", \"fixed\": \"0\", \"id\": 2, \"label\": \"创建时间\", \"labelTip\": null, \"prop\": \"createTime\", \"show\": \"0\", \"sortable\": \"0\", \"tableName\": \"car_info\", \"tooltip\": \"1\", \"updateBy\": null, \"updateByName\": null, \"updateTime\": \"2025-02-11T23:32:39\", \"width\": 150}, \"success\": true, \"time\": \"2025-02-11T23:32:38.803808\"}', 0, '', '2025-02-11 23:32:39', 1);
INSERT INTO `sys_oper_log` (`oper_id`, `title`, `business_type`, `method`, `request_method`, `operator_type`, `oper_name`, `dept_name`, `oper_url`, `oper_ip`, `oper_location`, `oper_param`, `json_result`, `status`, `error_msg`, `oper_time`, `cost_time`) VALUES (788, 'sys_table', 2, 'module_admin/controller/sys_table_controller.update_sys_table()', 'PUT', 1, 'admin', '研发部门', '/sys/table/update', '', '内网IP', '{\"id\": 2, \"prop\": \"createTime\", \"label\": \"创建时间\", \"sortable\": \"0\", \"width\": 150, \"fixed\": \"0\", \"align\": \"center\", \"show\": \"1\", \"tooltip\": \"1\"}', '{\"code\": 200, \"msg\": \"操作成功\", \"data\": {\"align\": \"center\", \"createTime\": \"2025-02-11T15:12:13\", \"delFlag\": \"0\", \"fieldName\": \"create_time\", \"fixed\": \"0\", \"id\": 2, \"label\": \"创建时间\", \"labelTip\": null, \"prop\": \"createTime\", \"show\": \"1\", \"sortable\": \"0\", \"tableName\": \"car_info\", \"tooltip\": \"1\", \"updateBy\": null, \"updateByName\": null, \"updateTime\": \"2025-02-11T23:32:43\", \"width\": 150}, \"success\": true, \"time\": \"2025-02-11T23:32:42.701069\"}', 0, '', '2025-02-11 23:32:43', 0);
INSERT INTO `sys_oper_log` (`oper_id`, `title`, `business_type`, `method`, `request_method`, `operator_type`, `oper_name`, `dept_name`, `oper_url`, `oper_ip`, `oper_location`, `oper_param`, `json_result`, `status`, `error_msg`, `oper_time`, `cost_time`) VALUES (789, 'sys_table', 2, 'module_admin/controller/sys_table_controller.update_sys_table()', 'PUT', 1, 'admin', '研发部门', '/sys/table/update', '', '内网IP', '{\"id\": 7, \"prop\": \"lat\", \"label\": \"纬度\", \"sortable\": \"0\", \"width\": 210, \"fixed\": \"0\", \"align\": \"center\", \"show\": \"1\", \"tooltip\": \"1\"}', '{\"code\": 200, \"msg\": \"操作成功\", \"data\": {\"align\": \"center\", \"createTime\": \"2025-02-11T15:12:13\", \"delFlag\": \"0\", \"fieldName\": \"lat\", \"fixed\": \"0\", \"id\": 7, \"label\": \"纬度\", \"labelTip\": null, \"prop\": \"lat\", \"show\": \"1\", \"sortable\": \"0\", \"tableName\": \"car_info\", \"tooltip\": \"1\", \"updateBy\": null, \"updateByName\": null, \"updateTime\": \"2025-02-11T23:33:26\", \"width\": 210}, \"success\": true, \"time\": \"2025-02-11T23:33:25.576201\"}', 0, '', '2025-02-11 23:33:26', 1);
INSERT INTO `sys_oper_log` (`oper_id`, `title`, `business_type`, `method`, `request_method`, `operator_type`, `oper_name`, `dept_name`, `oper_url`, `oper_ip`, `oper_location`, `oper_param`, `json_result`, `status`, `error_msg`, `oper_time`, `cost_time`) VALUES (790, 'sys_table', 2, 'module_admin/controller/sys_table_controller.update_sys_table()', 'PUT', 1, 'admin', '研发部门', '/sys/table/update', '', '内网IP', '{\"id\": 4, \"prop\": \"delFlag\", \"label\": \"删除标志\", \"sortable\": \"0\", \"width\": 106, \"fixed\": \"0\", \"align\": \"center\", \"show\": \"0\", \"tooltip\": \"1\"}', '{\"code\": 200, \"msg\": \"操作成功\", \"data\": {\"align\": \"center\", \"createTime\": \"2025-02-11T15:12:13\", \"delFlag\": \"0\", \"fieldName\": \"del_flag\", \"fixed\": \"0\", \"id\": 4, \"label\": \"删除标志\", \"labelTip\": null, \"prop\": \"delFlag\", \"show\": \"0\", \"sortable\": \"0\", \"tableName\": \"car_info\", \"tooltip\": \"1\", \"updateBy\": null, \"updateByName\": null, \"updateTime\": \"2025-02-11T23:33:56\", \"width\": 106}, \"success\": true, \"time\": \"2025-02-11T23:33:55.937818\"}', 0, '', '2025-02-11 23:33:56', 0);
INSERT INTO `sys_oper_log` (`oper_id`, `title`, `business_type`, `method`, `request_method`, `operator_type`, `oper_name`, `dept_name`, `oper_url`, `oper_ip`, `oper_location`, `oper_param`, `json_result`, `status`, `error_msg`, `oper_time`, `cost_time`) VALUES (791, 'sys_table', 2, 'module_admin/controller/sys_table_controller.update_sys_table()', 'PUT', 1, 'admin', '研发部门', '/sys/table/update', '', '内网IP', '{\"id\": 6, \"prop\": \"lng\", \"label\": \"经度\", \"sortable\": \"0\", \"width\": 120, \"fixed\": \"0\", \"align\": \"center\", \"show\": \"1\", \"tooltip\": \"1\"}', '{\"code\": 200, \"msg\": \"操作成功\", \"data\": {\"align\": \"center\", \"createTime\": \"2025-02-11T15:12:13\", \"delFlag\": \"0\", \"fieldName\": \"lng\", \"fixed\": \"0\", \"id\": 6, \"label\": \"经度\", \"labelTip\": null, \"prop\": \"lng\", \"show\": \"1\", \"sortable\": \"0\", \"tableName\": \"car_info\", \"tooltip\": \"1\", \"updateBy\": null, \"updateByName\": null, \"updateTime\": \"2025-02-11T23:34:04\", \"width\": 120}, \"success\": true, \"time\": \"2025-02-11T23:34:04.337618\"}', 0, '', '2025-02-11 23:34:04', 0);
INSERT INTO `sys_oper_log` (`oper_id`, `title`, `business_type`, `method`, `request_method`, `operator_type`, `oper_name`, `dept_name`, `oper_url`, `oper_ip`, `oper_location`, `oper_param`, `json_result`, `status`, `error_msg`, `oper_time`, `cost_time`) VALUES (792, 'sys_table', 2, 'module_admin/controller/sys_table_controller.update_sys_table()', 'PUT', 1, 'admin', '研发部门', '/sys/table/update', '', '内网IP', '{\"id\": 5, \"prop\": \"carName\", \"label\": \"小车名称\", \"sortable\": \"1\", \"width\": 138, \"fixed\": \"0\", \"align\": \"center\", \"show\": \"1\", \"tooltip\": \"1\"}', '{\"code\": 200, \"msg\": \"操作成功\", \"data\": {\"align\": \"center\", \"createTime\": \"2025-02-11T15:12:13\", \"delFlag\": \"0\", \"fieldName\": \"car_name\", \"fixed\": \"0\", \"id\": 5, \"label\": \"小车名称\", \"labelTip\": null, \"prop\": \"carName\", \"show\": \"1\", \"sortable\": \"1\", \"tableName\": \"car_info\", \"tooltip\": \"1\", \"updateBy\": null, \"updateByName\": null, \"updateTime\": \"2025-02-11T23:46:00\", \"width\": 138}, \"success\": true, \"time\": \"2025-02-11T23:46:00.060012\"}', 0, '', '2025-02-11 23:46:00', 2);
INSERT INTO `sys_oper_log` (`oper_id`, `title`, `business_type`, `method`, `request_method`, `operator_type`, `oper_name`, `dept_name`, `oper_url`, `oper_ip`, `oper_location`, `oper_param`, `json_result`, `status`, `error_msg`, `oper_time`, `cost_time`) VALUES (793, 'sys_table', 2, 'module_admin/controller/sys_table_controller.update_sys_table()', 'PUT', 1, 'admin', '研发部门', '/sys/table/update', '', '内网IP', '{\"id\": 5, \"prop\": \"carName\", \"label\": \"小车名称\", \"sortable\": \"0\", \"width\": 138, \"fixed\": \"0\", \"align\": \"center\", \"show\": \"1\", \"tooltip\": \"1\"}', '{\"code\": 200, \"msg\": \"操作成功\", \"data\": {\"align\": \"center\", \"createTime\": \"2025-02-11T15:12:13\", \"delFlag\": \"0\", \"fieldName\": \"car_name\", \"fixed\": \"0\", \"id\": 5, \"label\": \"小车名称\", \"labelTip\": null, \"prop\": \"carName\", \"show\": \"1\", \"sortable\": \"0\", \"tableName\": \"car_info\", \"tooltip\": \"1\", \"updateBy\": null, \"updateByName\": null, \"updateTime\": \"2025-02-11T23:46:01\", \"width\": 138}, \"success\": true, \"time\": \"2025-02-11T23:46:01.290784\"}', 0, '', '2025-02-11 23:46:01', 0);
INSERT INTO `sys_oper_log` (`oper_id`, `title`, `business_type`, `method`, `request_method`, `operator_type`, `oper_name`, `dept_name`, `oper_url`, `oper_ip`, `oper_location`, `oper_param`, `json_result`, `status`, `error_msg`, `oper_time`, `cost_time`) VALUES (794, 'sys_table', 2, 'module_admin/controller/sys_table_controller.update_sys_table()', 'PUT', 1, 'admin', '研发部门', '/sys/table/update', '', '内网IP', '{\"id\": 5, \"prop\": \"carName\", \"label\": \"小车名称\", \"sortable\": \"0\", \"width\": 138, \"fixed\": \"1\", \"align\": \"center\", \"show\": \"1\", \"tooltip\": \"1\"}', '{\"code\": 200, \"msg\": \"操作成功\", \"data\": {\"align\": \"center\", \"createTime\": \"2025-02-11T15:12:13\", \"delFlag\": \"0\", \"fieldName\": \"car_name\", \"fixed\": \"1\", \"id\": 5, \"label\": \"小车名称\", \"labelTip\": null, \"prop\": \"carName\", \"show\": \"1\", \"sortable\": \"0\", \"tableName\": \"car_info\", \"tooltip\": \"1\", \"updateBy\": null, \"updateByName\": null, \"updateTime\": \"2025-02-11T23:46:03\", \"width\": 138}, \"success\": true, \"time\": \"2025-02-11T23:46:02.943261\"}', 0, '', '2025-02-11 23:46:03', 0);
INSERT INTO `sys_oper_log` (`oper_id`, `title`, `business_type`, `method`, `request_method`, `operator_type`, `oper_name`, `dept_name`, `oper_url`, `oper_ip`, `oper_location`, `oper_param`, `json_result`, `status`, `error_msg`, `oper_time`, `cost_time`) VALUES (795, 'sys_table', 2, 'module_admin/controller/sys_table_controller.update_sys_table()', 'PUT', 1, 'admin', '研发部门', '/sys/table/update', '', '内网IP', '{\"id\": 3, \"prop\": \"updateTime\", \"label\": \"更新时间\", \"sortable\": \"0\", \"width\": 150, \"fixed\": \"0\", \"align\": \"center\", \"show\": \"1\", \"tooltip\": \"1\"}', '{\"code\": 200, \"msg\": \"操作成功\", \"data\": {\"align\": \"center\", \"createTime\": \"2025-02-11T15:12:13\", \"delFlag\": \"0\", \"fieldName\": \"update_time\", \"fixed\": \"0\", \"id\": 3, \"label\": \"更新时间\", \"labelTip\": null, \"prop\": \"updateTime\", \"show\": \"1\", \"sortable\": \"0\", \"tableName\": \"car_info\", \"tooltip\": \"1\", \"updateBy\": null, \"updateByName\": null, \"updateTime\": \"2025-02-11T23:46:06\", \"width\": 150}, \"success\": true, \"time\": \"2025-02-11T23:46:06.312996\"}', 0, '', '2025-02-11 23:46:06', 0);
INSERT INTO `sys_oper_log` (`oper_id`, `title`, `business_type`, `method`, `request_method`, `operator_type`, `oper_name`, `dept_name`, `oper_url`, `oper_ip`, `oper_location`, `oper_param`, `json_result`, `status`, `error_msg`, `oper_time`, `cost_time`) VALUES (796, 'sys_table', 2, 'module_admin/controller/sys_table_controller.update_sys_table()', 'PUT', 1, 'admin', '研发部门', '/sys/table/update', '', '内网IP', '{\"id\": 2, \"prop\": \"createTime\", \"label\": \"创建时间\", \"sortable\": \"0\", \"width\": 150, \"fixed\": \"0\", \"align\": \"center\", \"show\": \"0\", \"tooltip\": \"1\"}', '{\"code\": 200, \"msg\": \"操作成功\", \"data\": {\"align\": \"center\", \"createTime\": \"2025-02-11T15:12:13\", \"delFlag\": \"0\", \"fieldName\": \"create_time\", \"fixed\": \"0\", \"id\": 2, \"label\": \"创建时间\", \"labelTip\": null, \"prop\": \"createTime\", \"show\": \"0\", \"sortable\": \"0\", \"tableName\": \"car_info\", \"tooltip\": \"1\", \"updateBy\": null, \"updateByName\": null, \"updateTime\": \"2025-02-11T23:46:12\", \"width\": 150}, \"success\": true, \"time\": \"2025-02-11T23:46:12.019004\"}', 0, '', '2025-02-11 23:46:12', 0);
INSERT INTO `sys_oper_log` (`oper_id`, `title`, `business_type`, `method`, `request_method`, `operator_type`, `oper_name`, `dept_name`, `oper_url`, `oper_ip`, `oper_location`, `oper_param`, `json_result`, `status`, `error_msg`, `oper_time`, `cost_time`) VALUES (797, 'sys_table', 2, 'module_admin/controller/sys_table_controller.update_sys_table()', 'PUT', 1, 'admin', '研发部门', '/sys/table/update', '', '内网IP', '{\"id\": 3, \"prop\": \"updateTime\", \"label\": \"更新时间\", \"sortable\": \"0\", \"width\": 150, \"fixed\": \"0\", \"align\": \"center\", \"show\": \"0\", \"tooltip\": \"1\"}', '{\"code\": 200, \"msg\": \"操作成功\", \"data\": {\"align\": \"center\", \"createTime\": \"2025-02-11T15:12:13\", \"delFlag\": \"0\", \"fieldName\": \"update_time\", \"fixed\": \"0\", \"id\": 3, \"label\": \"更新时间\", \"labelTip\": null, \"prop\": \"updateTime\", \"show\": \"0\", \"sortable\": \"0\", \"tableName\": \"car_info\", \"tooltip\": \"1\", \"updateBy\": null, \"updateByName\": null, \"updateTime\": \"2025-02-11T23:46:13\", \"width\": 150}, \"success\": true, \"time\": \"2025-02-11T23:46:13.023817\"}', 0, '', '2025-02-11 23:46:13', 0);
INSERT INTO `sys_oper_log` (`oper_id`, `title`, `business_type`, `method`, `request_method`, `operator_type`, `oper_name`, `dept_name`, `oper_url`, `oper_ip`, `oper_location`, `oper_param`, `json_result`, `status`, `error_msg`, `oper_time`, `cost_time`) VALUES (798, 'sys_table', 3, 'module_admin/controller/sys_table_controller.del_sys_table()', 'DELETE', 1, 'admin', '研发部门', '/sys/table/delete/1,2,3,4,5,6,7,8,9,10', '', '内网IP', '{\"sysTableIds\": \"1,2,3,4,5,6,7,8,9,10\"}', '{\"code\": 200, \"msg\": \"操作成功\", \"success\": true, \"time\": \"2025-02-12T08:12:51.365050\"}', 0, '', '2025-02-12 08:12:51', 2);
INSERT INTO `sys_oper_log` (`oper_id`, `title`, `business_type`, `method`, `request_method`, `operator_type`, `oper_name`, `dept_name`, `oper_url`, `oper_ip`, `oper_location`, `oper_param`, `json_result`, `status`, `error_msg`, `oper_time`, `cost_time`) VALUES (799, 'sys_table', 3, 'module_admin/controller/sys_table_controller.del_sys_table()', 'DELETE', 1, 'admin', '研发部门', '/sys/table/delete/11,12', '', '内网IP', '{\"sysTableIds\": \"11,12\"}', '{\"code\": 200, \"msg\": \"操作成功\", \"success\": true, \"time\": \"2025-02-12T08:12:54.795589\"}', 0, '', '2025-02-12 08:12:55', 0);
INSERT INTO `sys_oper_log` (`oper_id`, `title`, `business_type`, `method`, `request_method`, `operator_type`, `oper_name`, `dept_name`, `oper_url`, `oper_ip`, `oper_location`, `oper_param`, `json_result`, `status`, `error_msg`, `oper_time`, `cost_time`) VALUES (800, 'sys_table', 1, 'module_admin/controller/sys_table_controller.import_sys_table()', 'POST', 1, 'admin', '研发部门', '/sys/table/import', '', '内网IP', '{}', '{\"code\": 200, \"msg\": \"导入表car_info\", \"success\": true, \"time\": \"2025-02-12T08:20:26.495486\"}', 0, '', '2025-02-12 08:20:26', 2);
INSERT INTO `sys_oper_log` (`oper_id`, `title`, `business_type`, `method`, `request_method`, `operator_type`, `oper_name`, `dept_name`, `oper_url`, `oper_ip`, `oper_location`, `oper_param`, `json_result`, `status`, `error_msg`, `oper_time`, `cost_time`) VALUES (801, 'sys_table', 2, 'module_admin/controller/sys_table_controller.update_sys_table()', 'PUT', 1, 'admin', '研发部门', '/sys/table/update', '', '内网IP', '{\"id\": 39, \"prop\": \"updateTime\", \"label\": \"更新时间\", \"sortable\": \"0\", \"width\": 150, \"fixed\": \"0\", \"align\": \"left\", \"show\": \"1\", \"tooltip\": \"1\"}', '{\"code\": 200, \"msg\": \"操作成功\", \"data\": {\"align\": \"left\", \"createTime\": \"2025-02-12T08:20:26\", \"delFlag\": \"0\", \"fieldName\": \"update_time\", \"fixed\": \"0\", \"id\": 39, \"label\": \"更新时间\", \"labelTip\": null, \"prop\": \"updateTime\", \"show\": \"1\", \"sortable\": \"0\", \"tableName\": \"car_info\", \"tooltip\": \"1\", \"updateBy\": null, \"updateByName\": null, \"updateTime\": \"2025-02-12T08:23:09\", \"width\": 150}, \"success\": true, \"time\": \"2025-02-12T08:23:08.806628\"}', 0, '', '2025-02-12 08:23:09', 1);
INSERT INTO `sys_oper_log` (`oper_id`, `title`, `business_type`, `method`, `request_method`, `operator_type`, `oper_name`, `dept_name`, `oper_url`, `oper_ip`, `oper_location`, `oper_param`, `json_result`, `status`, `error_msg`, `oper_time`, `cost_time`) VALUES (802, 'sys_table', 2, 'module_admin/controller/sys_table_controller.update_sys_table()', 'PUT', 1, 'admin', '研发部门', '/sys/table/update', '', '内网IP', '{\"id\": 40, \"prop\": \"delFlag\", \"label\": \"删除标志\", \"sortable\": \"0\", \"width\": 81, \"fixed\": \"0\", \"align\": \"left\", \"show\": \"1\", \"tooltip\": \"1\"}', '{\"code\": 200, \"msg\": \"操作成功\", \"data\": {\"align\": \"left\", \"createTime\": \"2025-02-12T08:20:26\", \"delFlag\": \"0\", \"fieldName\": \"del_flag\", \"fixed\": \"0\", \"id\": 40, \"label\": \"删除标志\", \"labelTip\": null, \"prop\": \"delFlag\", \"show\": \"1\", \"sortable\": \"0\", \"tableName\": \"car_info\", \"tooltip\": \"1\", \"updateBy\": null, \"updateByName\": null, \"updateTime\": \"2025-02-12T08:23:12\", \"width\": 81}, \"success\": true, \"time\": \"2025-02-12T08:23:11.774318\"}', 0, '', '2025-02-12 08:23:12', 0);
INSERT INTO `sys_oper_log` (`oper_id`, `title`, `business_type`, `method`, `request_method`, `operator_type`, `oper_name`, `dept_name`, `oper_url`, `oper_ip`, `oper_location`, `oper_param`, `json_result`, `status`, `error_msg`, `oper_time`, `cost_time`) VALUES (803, 'sys_table', 2, 'module_admin/controller/sys_table_controller.update_sys_table()', 'PUT', 1, 'admin', '研发部门', '/sys/table/update', '', '内网IP', '{\"id\": 41, \"prop\": \"carName\", \"label\": \"小车名称\", \"sortable\": \"0\", \"width\": 88, \"fixed\": \"0\", \"align\": \"left\", \"show\": \"1\", \"tooltip\": \"1\"}', '{\"code\": 200, \"msg\": \"操作成功\", \"data\": {\"align\": \"left\", \"createTime\": \"2025-02-12T08:20:26\", \"delFlag\": \"0\", \"fieldName\": \"car_name\", \"fixed\": \"0\", \"id\": 41, \"label\": \"小车名称\", \"labelTip\": null, \"prop\": \"carName\", \"show\": \"1\", \"sortable\": \"0\", \"tableName\": \"car_info\", \"tooltip\": \"1\", \"updateBy\": null, \"updateByName\": null, \"updateTime\": \"2025-02-12T08:23:14\", \"width\": 88}, \"success\": true, \"time\": \"2025-02-12T08:23:13.625867\"}', 0, '', '2025-02-12 08:23:14', 1);
INSERT INTO `sys_oper_log` (`oper_id`, `title`, `business_type`, `method`, `request_method`, `operator_type`, `oper_name`, `dept_name`, `oper_url`, `oper_ip`, `oper_location`, `oper_param`, `json_result`, `status`, `error_msg`, `oper_time`, `cost_time`) VALUES (804, 'sys_table', 2, 'module_admin/controller/sys_table_controller.update_sys_table()', 'PUT', 1, 'admin', '研发部门', '/sys/table/update', '', '内网IP', '{\"id\": 42, \"prop\": \"lng\", \"label\": \"经度\", \"sortable\": \"0\", \"width\": 79, \"fixed\": \"0\", \"align\": \"left\", \"show\": \"1\", \"tooltip\": \"1\"}', '{\"code\": 200, \"msg\": \"操作成功\", \"data\": {\"align\": \"left\", \"createTime\": \"2025-02-12T08:20:26\", \"delFlag\": \"0\", \"fieldName\": \"lng\", \"fixed\": \"0\", \"id\": 42, \"label\": \"经度\", \"labelTip\": null, \"prop\": \"lng\", \"show\": \"1\", \"sortable\": \"0\", \"tableName\": \"car_info\", \"tooltip\": \"1\", \"updateBy\": null, \"updateByName\": null, \"updateTime\": \"2025-02-12T08:23:16\", \"width\": 79}, \"success\": true, \"time\": \"2025-02-12T08:23:15.544533\"}', 0, '', '2025-02-12 08:23:16', 0);
INSERT INTO `sys_oper_log` (`oper_id`, `title`, `business_type`, `method`, `request_method`, `operator_type`, `oper_name`, `dept_name`, `oper_url`, `oper_ip`, `oper_location`, `oper_param`, `json_result`, `status`, `error_msg`, `oper_time`, `cost_time`) VALUES (805, 'sys_table', 2, 'module_admin/controller/sys_table_controller.update_sys_table()', 'PUT', 1, 'admin', '研发部门', '/sys/table/update', '', '内网IP', '{\"id\": 43, \"prop\": \"lat\", \"label\": \"纬度\", \"sortable\": \"0\", \"width\": 139, \"fixed\": \"0\", \"align\": \"left\", \"show\": \"1\", \"tooltip\": \"1\"}', '{\"code\": 200, \"msg\": \"操作成功\", \"data\": {\"align\": \"left\", \"createTime\": \"2025-02-12T08:20:26\", \"delFlag\": \"0\", \"fieldName\": \"lat\", \"fixed\": \"0\", \"id\": 43, \"label\": \"纬度\", \"labelTip\": null, \"prop\": \"lat\", \"show\": \"1\", \"sortable\": \"0\", \"tableName\": \"car_info\", \"tooltip\": \"1\", \"updateBy\": null, \"updateByName\": null, \"updateTime\": \"2025-02-12T08:23:18\", \"width\": 139}, \"success\": true, \"time\": \"2025-02-12T08:23:17.834374\"}', 0, '', '2025-02-12 08:23:18', 0);
INSERT INTO `sys_oper_log` (`oper_id`, `title`, `business_type`, `method`, `request_method`, `operator_type`, `oper_name`, `dept_name`, `oper_url`, `oper_ip`, `oper_location`, `oper_param`, `json_result`, `status`, `error_msg`, `oper_time`, `cost_time`) VALUES (806, 'sys_table', 2, 'module_admin/controller/sys_table_controller.update_sys_table()', 'PUT', 1, 'admin', '研发部门', '/sys/table/update', '', '内网IP', '{\"id\": 43, \"prop\": \"lat\", \"label\": \"纬度\", \"sortable\": \"0\", \"width\": 82, \"fixed\": \"0\", \"align\": \"left\", \"show\": \"1\", \"tooltip\": \"1\"}', '{\"code\": 200, \"msg\": \"操作成功\", \"data\": {\"align\": \"left\", \"createTime\": \"2025-02-12T08:20:26\", \"delFlag\": \"0\", \"fieldName\": \"lat\", \"fixed\": \"0\", \"id\": 43, \"label\": \"纬度\", \"labelTip\": null, \"prop\": \"lat\", \"show\": \"1\", \"sortable\": \"0\", \"tableName\": \"car_info\", \"tooltip\": \"1\", \"updateBy\": null, \"updateByName\": null, \"updateTime\": \"2025-02-12T08:23:19\", \"width\": 82}, \"success\": true, \"time\": \"2025-02-12T08:23:19.190060\"}', 0, '', '2025-02-12 08:23:19', 0);
INSERT INTO `sys_oper_log` (`oper_id`, `title`, `business_type`, `method`, `request_method`, `operator_type`, `oper_name`, `dept_name`, `oper_url`, `oper_ip`, `oper_location`, `oper_param`, `json_result`, `status`, `error_msg`, `oper_time`, `cost_time`) VALUES (807, 'sys_table', 2, 'module_admin/controller/sys_table_controller.update_sys_table()', 'PUT', 1, 'admin', '研发部门', '/sys/table/update', '', '内网IP', '{\"id\": 44, \"prop\": \"image\", \"label\": \"图片\", \"sortable\": \"0\", \"width\": 143, \"fixed\": \"0\", \"align\": \"left\", \"show\": \"1\", \"tooltip\": \"1\"}', '{\"code\": 200, \"msg\": \"操作成功\", \"data\": {\"align\": \"left\", \"createTime\": \"2025-02-12T08:20:26\", \"delFlag\": \"0\", \"fieldName\": \"image\", \"fixed\": \"0\", \"id\": 44, \"label\": \"图片\", \"labelTip\": null, \"prop\": \"image\", \"show\": \"1\", \"sortable\": \"0\", \"tableName\": \"car_info\", \"tooltip\": \"1\", \"updateBy\": null, \"updateByName\": null, \"updateTime\": \"2025-02-12T08:23:22\", \"width\": 143}, \"success\": true, \"time\": \"2025-02-12T08:23:21.864081\"}', 0, '', '2025-02-12 08:23:22', 0);
INSERT INTO `sys_oper_log` (`oper_id`, `title`, `business_type`, `method`, `request_method`, `operator_type`, `oper_name`, `dept_name`, `oper_url`, `oper_ip`, `oper_location`, `oper_param`, `json_result`, `status`, `error_msg`, `oper_time`, `cost_time`) VALUES (808, 'sys_table', 2, 'module_admin/controller/sys_table_controller.update_sys_table()', 'PUT', 1, 'admin', '研发部门', '/sys/table/update', '', '内网IP', '{\"id\": 45, \"prop\": \"manager\", \"label\": \"管理员ID\", \"sortable\": \"0\", \"width\": 97, \"fixed\": \"0\", \"align\": \"left\", \"show\": \"1\", \"tooltip\": \"1\"}', '{\"code\": 200, \"msg\": \"操作成功\", \"data\": {\"align\": \"left\", \"createTime\": \"2025-02-12T08:20:26\", \"delFlag\": \"0\", \"fieldName\": \"manager\", \"fixed\": \"0\", \"id\": 45, \"label\": \"管理员ID\", \"labelTip\": null, \"prop\": \"manager\", \"show\": \"1\", \"sortable\": \"0\", \"tableName\": \"car_info\", \"tooltip\": \"1\", \"updateBy\": null, \"updateByName\": null, \"updateTime\": \"2025-02-12T08:23:24\", \"width\": 97}, \"success\": true, \"time\": \"2025-02-12T08:23:23.815701\"}', 0, '', '2025-02-12 08:23:24', 0);
INSERT INTO `sys_oper_log` (`oper_id`, `title`, `business_type`, `method`, `request_method`, `operator_type`, `oper_name`, `dept_name`, `oper_url`, `oper_ip`, `oper_location`, `oper_param`, `json_result`, `status`, `error_msg`, `oper_time`, `cost_time`) VALUES (809, 'sys_table', 2, 'module_admin/controller/sys_table_controller.update_sys_table()', 'PUT', 1, 'admin', '研发部门', '/sys/table/update', '', '内网IP', '{\"id\": 47, \"prop\": \"price\", \"label\": \"价格\", \"sortable\": \"0\", \"width\": 76, \"fixed\": \"0\", \"align\": \"left\", \"show\": \"1\", \"tooltip\": \"1\"}', '{\"code\": 200, \"msg\": \"操作成功\", \"data\": {\"align\": \"left\", \"createTime\": \"2025-02-12T08:20:26\", \"delFlag\": \"0\", \"fieldName\": \"price\", \"fixed\": \"0\", \"id\": 47, \"label\": \"价格\", \"labelTip\": null, \"prop\": \"price\", \"show\": \"1\", \"sortable\": \"0\", \"tableName\": \"car_info\", \"tooltip\": \"1\", \"updateBy\": null, \"updateByName\": null, \"updateTime\": \"2025-02-12T08:23:28\", \"width\": 76}, \"success\": true, \"time\": \"2025-02-12T08:23:28.253927\"}', 0, '', '2025-02-12 08:23:28', 1);
INSERT INTO `sys_oper_log` (`oper_id`, `title`, `business_type`, `method`, `request_method`, `operator_type`, `oper_name`, `dept_name`, `oper_url`, `oper_ip`, `oper_location`, `oper_param`, `json_result`, `status`, `error_msg`, `oper_time`, `cost_time`) VALUES (810, 'sys_table', 2, 'module_admin/controller/sys_table_controller.update_sys_table()', 'PUT', 1, 'admin', '研发部门', '/sys/table/update', '', '内网IP', '{\"id\": 48, \"prop\": \"carType\", \"label\": \"车辆类型\", \"sortable\": \"0\", \"width\": 91, \"fixed\": \"0\", \"align\": \"left\", \"show\": \"1\", \"tooltip\": \"1\"}', '{\"code\": 200, \"msg\": \"操作成功\", \"data\": {\"align\": \"left\", \"createTime\": \"2025-02-12T08:20:26\", \"delFlag\": \"0\", \"fieldName\": \"car_type\", \"fixed\": \"0\", \"id\": 48, \"label\": \"车辆类型\", \"labelTip\": null, \"prop\": \"carType\", \"show\": \"1\", \"sortable\": \"0\", \"tableName\": \"car_info\", \"tooltip\": \"1\", \"updateBy\": null, \"updateByName\": null, \"updateTime\": \"2025-02-12T08:23:32\", \"width\": 91}, \"success\": true, \"time\": \"2025-02-12T08:23:32.475345\"}', 0, '', '2025-02-12 08:23:32', 0);
INSERT INTO `sys_oper_log` (`oper_id`, `title`, `business_type`, `method`, `request_method`, `operator_type`, `oper_name`, `dept_name`, `oper_url`, `oper_ip`, `oper_location`, `oper_param`, `json_result`, `status`, `error_msg`, `oper_time`, `cost_time`) VALUES (811, 'sys_table', 2, 'module_admin/controller/sys_table_controller.update_sys_table()', 'PUT', 1, 'admin', '研发部门', '/sys/table/update', '', '内网IP', '{\"id\": 48, \"prop\": \"carType\", \"label\": \"车辆类型\", \"sortable\": \"0\", \"width\": 111, \"fixed\": \"0\", \"align\": \"left\", \"show\": \"1\", \"tooltip\": \"1\"}', '{\"code\": 200, \"msg\": \"操作成功\", \"data\": {\"align\": \"left\", \"createTime\": \"2025-02-12T08:20:26\", \"delFlag\": \"0\", \"fieldName\": \"car_type\", \"fixed\": \"0\", \"id\": 48, \"label\": \"车辆类型\", \"labelTip\": null, \"prop\": \"carType\", \"show\": \"1\", \"sortable\": \"0\", \"tableName\": \"car_info\", \"tooltip\": \"1\", \"updateBy\": null, \"updateByName\": null, \"updateTime\": \"2025-02-12T08:23:37\", \"width\": 111}, \"success\": true, \"time\": \"2025-02-12T08:23:36.956124\"}', 0, '', '2025-02-12 08:23:37', 1);
INSERT INTO `sys_oper_log` (`oper_id`, `title`, `business_type`, `method`, `request_method`, `operator_type`, `oper_name`, `dept_name`, `oper_url`, `oper_ip`, `oper_location`, `oper_param`, `json_result`, `status`, `error_msg`, `oper_time`, `cost_time`) VALUES (812, 'sys_table', 2, 'module_admin/controller/sys_table_controller.update_sys_table()', 'PUT', 1, 'admin', '研发部门', '/sys/table/update', '', '内网IP', '{\"id\": 48, \"prop\": \"carType\", \"label\": \"车辆类型\", \"sortable\": \"0\", \"width\": 87, \"fixed\": \"0\", \"align\": \"left\", \"show\": \"1\", \"tooltip\": \"1\"}', '{\"code\": 200, \"msg\": \"操作成功\", \"data\": {\"align\": \"left\", \"createTime\": \"2025-02-12T08:20:26\", \"delFlag\": \"0\", \"fieldName\": \"car_type\", \"fixed\": \"0\", \"id\": 48, \"label\": \"车辆类型\", \"labelTip\": null, \"prop\": \"carType\", \"show\": \"1\", \"sortable\": \"0\", \"tableName\": \"car_info\", \"tooltip\": \"1\", \"updateBy\": null, \"updateByName\": null, \"updateTime\": \"2025-02-12T08:23:39\", \"width\": 87}, \"success\": true, \"time\": \"2025-02-12T08:23:38.763872\"}', 0, '', '2025-02-12 08:23:39', 0);
INSERT INTO `sys_oper_log` (`oper_id`, `title`, `business_type`, `method`, `request_method`, `operator_type`, `oper_name`, `dept_name`, `oper_url`, `oper_ip`, `oper_location`, `oper_param`, `json_result`, `status`, `error_msg`, `oper_time`, `cost_time`) VALUES (813, 'sys_table', 2, 'module_admin/controller/sys_table_controller.update_sys_table()', 'PUT', 1, 'admin', '研发部门', '/sys/table/update', '', '内网IP', '{\"id\": 41, \"prop\": \"carName\", \"label\": \"小车名称\", \"sortable\": \"0\", \"width\": 88, \"fixed\": \"0\", \"align\": \"center\", \"show\": \"1\", \"tooltip\": \"1\"}', '{\"code\": 200, \"msg\": \"操作成功\", \"data\": {\"align\": \"center\", \"createTime\": \"2025-02-12T08:20:26\", \"delFlag\": \"0\", \"fieldName\": \"car_name\", \"fixed\": \"0\", \"id\": 41, \"label\": \"小车名称\", \"labelTip\": null, \"prop\": \"carName\", \"show\": \"1\", \"sortable\": \"0\", \"tableName\": \"car_info\", \"tooltip\": \"1\", \"updateBy\": null, \"updateByName\": null, \"updateTime\": \"2025-02-12T08:23:50\", \"width\": 88}, \"success\": true, \"time\": \"2025-02-12T08:23:49.651355\"}', 0, '', '2025-02-12 08:23:50', 0);
INSERT INTO `sys_oper_log` (`oper_id`, `title`, `business_type`, `method`, `request_method`, `operator_type`, `oper_name`, `dept_name`, `oper_url`, `oper_ip`, `oper_location`, `oper_param`, `json_result`, `status`, `error_msg`, `oper_time`, `cost_time`) VALUES (814, 'car_info', 1, 'module_admin/controller/car_info_controller.add_car_info()', 'POST', 1, 'admin', '研发部门', '/car/info/add', '', '内网IP', '{\"carName\": \"小车100号\", \"carType\": 1, \"createTime\": null, \"delFlag\": null, \"id\": null, \"image\": \"3333\", \"lat\": \"333\", \"lng\": \"333\", \"location\": \"223\", \"manager\": \"3\", \"price\": \"600\", \"updateTime\": null}', '{\"code\": 200, \"msg\": \"操作成功\", \"data\": {\"carName\": null, \"carType\": null, \"createTime\": null, \"beginCreateTime\": null, \"endCreateTime\": null, \"delFlag\": null, \"id\": null, \"image\": null, \"lat\": null, \"lng\": null, \"location\": null, \"manager\": null, \"price\": null, \"updateTime\": null}, \"success\": true, \"time\": \"2025-02-13T09:32:12.358694\"}', 0, '', '2025-02-13 09:32:12', 1);
INSERT INTO `sys_oper_log` (`oper_id`, `title`, `business_type`, `method`, `request_method`, `operator_type`, `oper_name`, `dept_name`, `oper_url`, `oper_ip`, `oper_location`, `oper_param`, `json_result`, `status`, `error_msg`, `oper_time`, `cost_time`) VALUES (815, 'car_info', 2, 'module_admin/controller/car_info_controller.update_car_info()', 'PUT', 1, 'admin', '研发部门', '/car/info/update', '', '内网IP', '{\"carName\": \"小车100号\", \"carType\": 1, \"createTime\": \"2025-02-13T09:32:12\", \"beginCreateTime\": null, \"endCreateTime\": null, \"delFlag\": \"0\", \"id\": 13, \"image\": \"map\", \"lat\": \"333333\", \"lng\": 333, \"location\": \"223\", \"manager\": 3, \"price\": 600, \"updateTime\": \"2025-02-13T09:32:12\"}', '{\"code\": 200, \"msg\": \"操作成功\", \"data\": {\"carName\": \"小车100号\", \"carType\": 1, \"createTime\": \"2025-02-13T09:32:12\", \"beginCreateTime\": null, \"endCreateTime\": null, \"delFlag\": \"0\", \"id\": 13, \"image\": \"map\", \"lat\": 333333.0, \"lng\": 333.0, \"location\": \"223\", \"manager\": 3, \"price\": 600.0, \"updateTime\": \"2025-02-13T09:32:12\"}, \"success\": true, \"time\": \"2025-02-13T09:37:56.246951\"}', 0, '', '2025-02-13 09:37:56', 0);
INSERT INTO `sys_oper_log` (`oper_id`, `title`, `business_type`, `method`, `request_method`, `operator_type`, `oper_name`, `dept_name`, `oper_url`, `oper_ip`, `oper_location`, `oper_param`, `json_result`, `status`, `error_msg`, `oper_time`, `cost_time`) VALUES (816, 'sys_table', 2, 'module_admin/controller/sys_table_controller.sys_table_column_sort()', 'POST', 1, 'admin', '研发部门', '/sys/table/column/sort', '', '内网IP', '{\"ids\": [37, 38, 41, 39, 40, 42, 43, 44, 45, 46, 47, 48, 49]}', '{\"code\": 500, \"msg\": \"\'SysTable\' object is not iterable\", \"success\": false, \"time\": \"2025-02-13T14:06:12.491559\"}', 1, '\'SysTable\' object is not iterable', '2025-02-13 14:06:12', 1);
INSERT INTO `sys_oper_log` (`oper_id`, `title`, `business_type`, `method`, `request_method`, `operator_type`, `oper_name`, `dept_name`, `oper_url`, `oper_ip`, `oper_location`, `oper_param`, `json_result`, `status`, `error_msg`, `oper_time`, `cost_time`) VALUES (817, 'sys_table', 2, 'module_admin/controller/sys_table_controller.sys_table_column_sort()', 'POST', 1, 'admin', '研发部门', '/sys/table/column/sort', '', '内网IP', '{\"ids\": [37, 38, 40, 39, 41, 42, 43, 44, 45, 46, 47, 48, 49]}', '{\"code\": 200, \"msg\": \"操作成功\", \"success\": true, \"time\": \"2025-02-13T14:07:40.611766\"}', 0, '', '2025-02-13 14:07:41', 0);
INSERT INTO `sys_oper_log` (`oper_id`, `title`, `business_type`, `method`, `request_method`, `operator_type`, `oper_name`, `dept_name`, `oper_url`, `oper_ip`, `oper_location`, `oper_param`, `json_result`, `status`, `error_msg`, `oper_time`, `cost_time`) VALUES (818, 'sys_table', 2, 'module_admin/controller/sys_table_controller.update_sys_table()', 'PUT', 1, 'admin', '研发部门', '/sys/table/update', '', '内网IP', '{\"id\": 53, \"prop\": \"image\", \"label\": \"图片\", \"sortable\": \"0\", \"width\": 150, \"fixed\": \"0\", \"align\": \"left\", \"show\": \"1\", \"tooltip\": \"1\"}', '{\"code\": 200, \"msg\": \"操作成功\", \"data\": {\"align\": \"left\", \"createTime\": null, \"delFlag\": \"0\", \"fieldName\": \"image\", \"fixed\": \"0\", \"id\": 53, \"label\": \"图片\", \"labelTip\": null, \"prop\": \"image\", \"show\": \"1\", \"sortable\": \"0\", \"tableName\": \"car_driver\", \"tooltip\": \"1\", \"updateBy\": null, \"updateByName\": null, \"updateTime\": \"2025-02-13T14:41:00\", \"width\": 150, \"sequence\": 6}, \"success\": true, \"time\": \"2025-02-13T14:41:00.349094\"}', 0, '', '2025-02-13 14:41:00', 0);
INSERT INTO `sys_oper_log` (`oper_id`, `title`, `business_type`, `method`, `request_method`, `operator_type`, `oper_name`, `dept_name`, `oper_url`, `oper_ip`, `oper_location`, `oper_param`, `json_result`, `status`, `error_msg`, `oper_time`, `cost_time`) VALUES (819, 'car_driver', 1, 'module_admin/controller/car_driver_controller.add_car_driver()', 'POST', 1, 'admin', '研发部门', '/car/driver/add', '', '内网IP', '{\"age\": \"30\", \"carType\": 1, \"createTime\": null, \"delFlag\": null, \"driverYears\": \"5\", \"id\": null, \"image\": \"234454\", \"location\": \"北京市朝阳区\", \"name\": \"Richard\", \"price\": \"599\", \"updateTime\": null}', '{\"code\": 200, \"msg\": \"操作成功\", \"data\": {\"age\": null, \"carType\": null, \"createTime\": null, \"delFlag\": null, \"driverYears\": null, \"id\": null, \"image\": null, \"location\": null, \"name\": null, \"price\": null, \"updateTime\": null}, \"success\": true, \"time\": \"2025-02-13T14:41:37.923695\"}', 0, '', '2025-02-13 14:41:38', 0);
INSERT INTO `sys_oper_log` (`oper_id`, `title`, `business_type`, `method`, `request_method`, `operator_type`, `oper_name`, `dept_name`, `oper_url`, `oper_ip`, `oper_location`, `oper_param`, `json_result`, `status`, `error_msg`, `oper_time`, `cost_time`) VALUES (820, 'sys_table', 2, 'module_admin/controller/sys_table_controller.update_sys_table()', 'PUT', 1, 'admin', '研发部门', '/sys/table/update', '', '内网IP', '{\"id\": 52, \"prop\": \"driverYears\", \"label\": \"驾龄\", \"sortable\": \"0\", \"width\": 74, \"fixed\": \"0\", \"align\": \"left\", \"show\": \"1\", \"tooltip\": \"1\"}', '{\"code\": 200, \"msg\": \"操作成功\", \"data\": {\"align\": \"left\", \"createTime\": null, \"delFlag\": \"0\", \"fieldName\": \"driver_years\", \"fixed\": \"0\", \"id\": 52, \"label\": \"驾龄\", \"labelTip\": null, \"prop\": \"driverYears\", \"show\": \"1\", \"sortable\": \"0\", \"tableName\": \"car_driver\", \"tooltip\": \"1\", \"updateBy\": null, \"updateByName\": null, \"updateTime\": \"2025-02-13T14:41:49\", \"width\": 74, \"sequence\": 4}, \"success\": true, \"time\": \"2025-02-13T14:41:49.323731\"}', 0, '', '2025-02-13 14:41:49', 0);
INSERT INTO `sys_oper_log` (`oper_id`, `title`, `business_type`, `method`, `request_method`, `operator_type`, `oper_name`, `dept_name`, `oper_url`, `oper_ip`, `oper_location`, `oper_param`, `json_result`, `status`, `error_msg`, `oper_time`, `cost_time`) VALUES (821, 'sys_table', 2, 'module_admin/controller/sys_table_controller.sys_table_column_sort()', 'POST', 1, 'admin', '研发部门', '/sys/table/column/sort', '', '内网IP', '{\"ids\": [55, 50, 51, 52, 53, 54, 56, 57]}', '{\"code\": 200, \"msg\": \"操作成功\", \"success\": true, \"time\": \"2025-02-13T14:41:55.585820\"}', 0, '', '2025-02-13 14:41:56', 1);
INSERT INTO `sys_oper_log` (`oper_id`, `title`, `business_type`, `method`, `request_method`, `operator_type`, `oper_name`, `dept_name`, `oper_url`, `oper_ip`, `oper_location`, `oper_param`, `json_result`, `status`, `error_msg`, `oper_time`, `cost_time`) VALUES (822, 'sys_table', 2, 'module_admin/controller/sys_table_controller.sys_table_column_sort()', 'POST', 1, 'admin', '研发部门', '/sys/table/column/sort', '', '内网IP', '{\"ids\": [55, 50, 52, 51, 53, 54, 56, 57]}', '{\"code\": 200, \"msg\": \"操作成功\", \"success\": true, \"time\": \"2025-02-13T14:42:04.562183\"}', 0, '', '2025-02-13 14:42:05', 0);
INSERT INTO `sys_oper_log` (`oper_id`, `title`, `business_type`, `method`, `request_method`, `operator_type`, `oper_name`, `dept_name`, `oper_url`, `oper_ip`, `oper_location`, `oper_param`, `json_result`, `status`, `error_msg`, `oper_time`, `cost_time`) VALUES (823, 'car_driver', 1, 'module_admin/controller/car_driver_controller.add_car_driver()', 'POST', 1, 'admin', '研发部门', '/car/driver/add', '', '内网IP', '{\"age\": \"35\", \"carType\": 2, \"createTime\": null, \"delFlag\": null, \"driverYears\": \"9\", \"id\": null, \"image\": \"测试图片\", \"location\": \"上海市浦江区\", \"name\": \"牛先生\", \"price\": \"850\", \"updateTime\": null}', '{\"code\": 200, \"msg\": \"操作成功\", \"data\": {\"age\": null, \"carType\": null, \"createTime\": null, \"delFlag\": null, \"driverYears\": null, \"id\": null, \"image\": null, \"location\": null, \"name\": null, \"price\": null, \"updateTime\": null}, \"success\": true, \"time\": \"2025-02-13T14:43:25.832620\"}', 0, '', '2025-02-13 14:43:26', 0);
INSERT INTO `sys_oper_log` (`oper_id`, `title`, `business_type`, `method`, `request_method`, `operator_type`, `oper_name`, `dept_name`, `oper_url`, `oper_ip`, `oper_location`, `oper_param`, `json_result`, `status`, `error_msg`, `oper_time`, `cost_time`) VALUES (824, 'sys_table', 2, 'module_admin/controller/sys_table_controller.update_sys_table()', 'PUT', 1, 'admin', '研发部门', '/sys/table/update', '', '内网IP', '{\"id\": 50, \"prop\": \"age\", \"label\": \"年龄\", \"sortable\": \"0\", \"width\": 82, \"fixed\": \"0\", \"align\": \"left\", \"show\": \"1\", \"tooltip\": \"1\"}', '{\"code\": 200, \"msg\": \"操作成功\", \"data\": {\"align\": \"left\", \"createTime\": null, \"delFlag\": \"0\", \"fieldName\": \"age\", \"fixed\": \"0\", \"id\": 50, \"label\": \"年龄\", \"labelTip\": null, \"prop\": \"age\", \"show\": \"1\", \"sortable\": \"0\", \"tableName\": \"car_driver\", \"tooltip\": \"1\", \"updateBy\": null, \"updateByName\": null, \"updateTime\": \"2025-02-13T14:43:41\", \"width\": 82, \"sequence\": 1}, \"success\": true, \"time\": \"2025-02-13T14:43:40.541467\"}', 0, '', '2025-02-13 14:43:41', 0);
INSERT INTO `sys_oper_log` (`oper_id`, `title`, `business_type`, `method`, `request_method`, `operator_type`, `oper_name`, `dept_name`, `oper_url`, `oper_ip`, `oper_location`, `oper_param`, `json_result`, `status`, `error_msg`, `oper_time`, `cost_time`) VALUES (825, 'sys_table', 2, 'module_admin/controller/sys_table_controller.update_sys_table()', 'PUT', 1, 'admin', '研发部门', '/sys/table/update', '', '内网IP', '{\"id\": 50, \"prop\": \"age\", \"label\": \"年龄\", \"sortable\": \"1\", \"width\": 82, \"fixed\": \"0\", \"align\": \"left\", \"show\": \"1\", \"tooltip\": \"1\"}', '{\"code\": 200, \"msg\": \"操作成功\", \"data\": {\"align\": \"left\", \"createTime\": null, \"delFlag\": \"0\", \"fieldName\": \"age\", \"fixed\": \"0\", \"id\": 50, \"label\": \"年龄\", \"labelTip\": null, \"prop\": \"age\", \"show\": \"1\", \"sortable\": \"1\", \"tableName\": \"car_driver\", \"tooltip\": \"1\", \"updateBy\": null, \"updateByName\": null, \"updateTime\": \"2025-02-13T14:43:57\", \"width\": 82, \"sequence\": 1}, \"success\": true, \"time\": \"2025-02-13T14:43:56.933338\"}', 0, '', '2025-02-13 14:43:57', 0);
INSERT INTO `sys_oper_log` (`oper_id`, `title`, `business_type`, `method`, `request_method`, `operator_type`, `oper_name`, `dept_name`, `oper_url`, `oper_ip`, `oper_location`, `oper_param`, `json_result`, `status`, `error_msg`, `oper_time`, `cost_time`) VALUES (826, 'sys_table', 2, 'module_admin/controller/sys_table_controller.update_sys_table()', 'PUT', 1, 'admin', '研发部门', '/sys/table/update', '', '内网IP', '{\"id\": 50, \"prop\": \"age\", \"label\": \"年龄\", \"sortable\": \"0\", \"width\": 82, \"fixed\": \"0\", \"align\": \"left\", \"show\": \"1\", \"tooltip\": \"1\"}', '{\"code\": 200, \"msg\": \"操作成功\", \"data\": {\"align\": \"left\", \"createTime\": null, \"delFlag\": \"0\", \"fieldName\": \"age\", \"fixed\": \"0\", \"id\": 50, \"label\": \"年龄\", \"labelTip\": null, \"prop\": \"age\", \"show\": \"1\", \"sortable\": \"0\", \"tableName\": \"car_driver\", \"tooltip\": \"1\", \"updateBy\": null, \"updateByName\": null, \"updateTime\": \"2025-02-13T14:44:06\", \"width\": 82, \"sequence\": 1}, \"success\": true, \"time\": \"2025-02-13T14:44:06.331810\"}', 0, '', '2025-02-13 14:44:06', 1);
COMMIT;

-- ----------------------------
-- Table structure for sys_post
-- ----------------------------
DROP TABLE IF EXISTS `sys_post`;
CREATE TABLE `sys_post` (
  `post_id` bigint NOT NULL AUTO_INCREMENT COMMENT '岗位ID',
  `post_code` varchar(64) NOT NULL COMMENT '岗位编码',
  `post_name` varchar(50) NOT NULL COMMENT '岗位名称',
  `post_sort` int NOT NULL COMMENT '显示顺序',
  `status` char(1) NOT NULL COMMENT '状态（0正常 1停用）',
  `create_by` varchar(64) DEFAULT '' COMMENT '创建者',
  `create_time` datetime DEFAULT NULL COMMENT '创建时间',
  `update_by` varchar(64) DEFAULT '' COMMENT '更新者',
  `update_time` datetime DEFAULT NULL COMMENT '更新时间',
  `remark` varchar(500) DEFAULT NULL COMMENT '备注',
  PRIMARY KEY (`post_id`) USING BTREE
) ENGINE=InnoDB AUTO_INCREMENT=5 DEFAULT CHARSET=utf8mb4 COLLATE=utf8mb4_0900_ai_ci COMMENT='岗位信息表';

-- ----------------------------
-- Records of sys_post
-- ----------------------------
BEGIN;
INSERT INTO `sys_post` (`post_id`, `post_code`, `post_name`, `post_sort`, `status`, `create_by`, `create_time`, `update_by`, `update_time`, `remark`) VALUES (1, 'ceo', '董事长', 1, '0', 'admin', '2024-11-13 14:12:02', '', NULL, '');
INSERT INTO `sys_post` (`post_id`, `post_code`, `post_name`, `post_sort`, `status`, `create_by`, `create_time`, `update_by`, `update_time`, `remark`) VALUES (2, 'se', '项目经理', 2, '0', 'admin', '2024-11-13 14:12:02', '', NULL, '');
INSERT INTO `sys_post` (`post_id`, `post_code`, `post_name`, `post_sort`, `status`, `create_by`, `create_time`, `update_by`, `update_time`, `remark`) VALUES (3, 'hr', '人力资源', 3, '0', 'admin', '2024-11-13 14:12:02', '', NULL, '');
INSERT INTO `sys_post` (`post_id`, `post_code`, `post_name`, `post_sort`, `status`, `create_by`, `create_time`, `update_by`, `update_time`, `remark`) VALUES (4, 'user', '普通员工', 4, '0', 'admin', '2024-11-13 14:12:02', '', NULL, '');
COMMIT;

-- ----------------------------
-- Table structure for sys_role
-- ----------------------------
DROP TABLE IF EXISTS `sys_role`;
CREATE TABLE `sys_role` (
  `role_id` bigint NOT NULL AUTO_INCREMENT COMMENT '角色ID',
  `role_name` varchar(30) NOT NULL COMMENT '角色名称',
  `role_key` varchar(100) NOT NULL COMMENT '角色权限字符串',
  `role_sort` int NOT NULL COMMENT '显示顺序',
  `data_scope` char(1) DEFAULT '1' COMMENT '数据范围（1：全部数据权限 2：自定数据权限 3：本部门数据权限 4：本部门及以下数据权限）',
  `menu_check_strictly` tinyint(1) DEFAULT '1' COMMENT '菜单树选择项是否关联显示',
  `dept_check_strictly` tinyint(1) DEFAULT '1' COMMENT '部门树选择项是否关联显示',
  `status` char(1) NOT NULL COMMENT '角色状态（0正常 1停用）',
  `del_flag` char(1) DEFAULT '0' COMMENT '删除标志（0代表存在 2代表删除）',
  `create_by` varchar(64) DEFAULT '' COMMENT '创建者',
  `create_time` datetime DEFAULT NULL COMMENT '创建时间',
  `update_by` varchar(64) DEFAULT '' COMMENT '更新者',
  `update_time` datetime DEFAULT NULL COMMENT '更新时间',
  `remark` varchar(500) DEFAULT NULL COMMENT '备注',
  PRIMARY KEY (`role_id`) USING BTREE
) ENGINE=InnoDB AUTO_INCREMENT=101 DEFAULT CHARSET=utf8mb4 COLLATE=utf8mb4_0900_ai_ci COMMENT='角色信息表';

-- ----------------------------
-- Records of sys_role
-- ----------------------------
BEGIN;
INSERT INTO `sys_role` (`role_id`, `role_name`, `role_key`, `role_sort`, `data_scope`, `menu_check_strictly`, `dept_check_strictly`, `status`, `del_flag`, `create_by`, `create_time`, `update_by`, `update_time`, `remark`) VALUES (1, '超级管理员', 'admin', 1, '1', 1, 1, '0', '0', 'admin', '2024-11-13 14:12:02', '', NULL, '超级管理员');
INSERT INTO `sys_role` (`role_id`, `role_name`, `role_key`, `role_sort`, `data_scope`, `menu_check_strictly`, `dept_check_strictly`, `status`, `del_flag`, `create_by`, `create_time`, `update_by`, `update_time`, `remark`) VALUES (2, '普通角色', 'common', 2, '1', 1, 1, '0', '0', 'admin', '2024-11-13 14:12:02', 'admin', '2025-01-13 13:49:22', '普通角色');
INSERT INTO `sys_role` (`role_id`, `role_name`, `role_key`, `role_sort`, `data_scope`, `menu_check_strictly`, `dept_check_strictly`, `status`, `del_flag`, `create_by`, `create_time`, `update_by`, `update_time`, `remark`) VALUES (100, '文章管理', '文章管理', 0, '1', 0, 1, '0', '0', 'admin', '2024-12-14 16:22:24', 'admin', '2025-01-13 13:49:32', '文章管理');
COMMIT;

-- ----------------------------
-- Table structure for sys_role_dept
-- ----------------------------
DROP TABLE IF EXISTS `sys_role_dept`;
CREATE TABLE `sys_role_dept` (
  `role_id` bigint NOT NULL COMMENT '角色ID',
  `dept_id` bigint NOT NULL COMMENT '部门ID',
  PRIMARY KEY (`role_id`,`dept_id`) USING BTREE
) ENGINE=InnoDB DEFAULT CHARSET=utf8mb4 COLLATE=utf8mb4_0900_ai_ci COMMENT='角色和部门关联表';

-- ----------------------------
-- Records of sys_role_dept
-- ----------------------------
BEGIN;
COMMIT;

-- ----------------------------
-- Table structure for sys_role_menu
-- ----------------------------
DROP TABLE IF EXISTS `sys_role_menu`;
CREATE TABLE `sys_role_menu` (
  `role_id` bigint NOT NULL COMMENT '角色ID',
  `menu_id` bigint NOT NULL COMMENT '菜单ID',
  PRIMARY KEY (`role_id`,`menu_id`) USING BTREE
) ENGINE=InnoDB DEFAULT CHARSET=utf8mb4 COLLATE=utf8mb4_0900_ai_ci COMMENT='角色和菜单关联表';

-- ----------------------------
-- Records of sys_role_menu
-- ----------------------------
BEGIN;
INSERT INTO `sys_role_menu` (`role_id`, `menu_id`) VALUES (2, 1);
INSERT INTO `sys_role_menu` (`role_id`, `menu_id`) VALUES (2, 100);
INSERT INTO `sys_role_menu` (`role_id`, `menu_id`) VALUES (2, 101);
INSERT INTO `sys_role_menu` (`role_id`, `menu_id`) VALUES (2, 103);
INSERT INTO `sys_role_menu` (`role_id`, `menu_id`) VALUES (2, 1000);
INSERT INTO `sys_role_menu` (`role_id`, `menu_id`) VALUES (2, 1001);
INSERT INTO `sys_role_menu` (`role_id`, `menu_id`) VALUES (2, 1002);
INSERT INTO `sys_role_menu` (`role_id`, `menu_id`) VALUES (2, 1003);
INSERT INTO `sys_role_menu` (`role_id`, `menu_id`) VALUES (2, 1004);
INSERT INTO `sys_role_menu` (`role_id`, `menu_id`) VALUES (2, 1005);
INSERT INTO `sys_role_menu` (`role_id`, `menu_id`) VALUES (2, 1006);
INSERT INTO `sys_role_menu` (`role_id`, `menu_id`) VALUES (2, 1007);
INSERT INTO `sys_role_menu` (`role_id`, `menu_id`) VALUES (2, 1008);
INSERT INTO `sys_role_menu` (`role_id`, `menu_id`) VALUES (2, 1009);
INSERT INTO `sys_role_menu` (`role_id`, `menu_id`) VALUES (2, 1010);
INSERT INTO `sys_role_menu` (`role_id`, `menu_id`) VALUES (2, 1011);
INSERT INTO `sys_role_menu` (`role_id`, `menu_id`) VALUES (2, 1016);
INSERT INTO `sys_role_menu` (`role_id`, `menu_id`) VALUES (2, 1017);
INSERT INTO `sys_role_menu` (`role_id`, `menu_id`) VALUES (2, 1018);
INSERT INTO `sys_role_menu` (`role_id`, `menu_id`) VALUES (2, 1019);
COMMIT;

-- ----------------------------
-- Table structure for sys_table
-- ----------------------------
DROP TABLE IF EXISTS `sys_table`;
CREATE TABLE `sys_table` (
  `id` int NOT NULL AUTO_INCREMENT COMMENT 'ID',
  `create_time` datetime DEFAULT NULL COMMENT '创建时间',
  `update_time` datetime DEFAULT NULL ON UPDATE CURRENT_TIMESTAMP COMMENT '更新时间',
  `del_flag` char(1) CHARACTER SET utf8mb4 COLLATE utf8mb4_general_ci NOT NULL DEFAULT '0' COMMENT '删除标志',
  `update_by` int DEFAULT NULL COMMENT '更新者',
  `update_by_name` varchar(255) COLLATE utf8mb4_general_ci DEFAULT NULL COMMENT '更新者',
  `table_name` varchar(255) CHARACTER SET utf8mb4 COLLATE utf8mb4_general_ci NOT NULL COMMENT '表名',
  `field_name` varchar(255) CHARACTER SET utf8mb4 COLLATE utf8mb4_general_ci NOT NULL COMMENT '字段名',
  `show` char(1) CHARACTER SET utf8mb4 COLLATE utf8mb4_general_ci NOT NULL DEFAULT '1' COMMENT '可见',
  `prop` varchar(255) CHARACTER SET utf8mb4 COLLATE utf8mb4_general_ci NOT NULL COMMENT '属性（驼峰值）',
  `label` varchar(255) CHARACTER SET utf8mb4 COLLATE utf8mb4_general_ci NOT NULL COMMENT '字段标签',
  `sortable` char(1) CHARACTER SET utf8mb4 COLLATE utf8mb4_general_ci NOT NULL DEFAULT '0' COMMENT '可排序',
  `width` int NOT NULL DEFAULT '150' COMMENT '宽度',
  `label_tip` varchar(255) CHARACTER SET utf8mb4 COLLATE utf8mb4_general_ci DEFAULT NULL COMMENT '字段标签解释',
  `fixed` char(1) CHARACTER SET utf8mb4 COLLATE utf8mb4_general_ci NOT NULL DEFAULT '0' COMMENT '固定表头',
  `align` varchar(255) CHARACTER SET utf8mb4 COLLATE utf8mb4_general_ci NOT NULL DEFAULT 'left' COMMENT '对其方式',
  `tooltip` char(1) CHARACTER SET utf8mb4 COLLATE utf8mb4_general_ci NOT NULL DEFAULT '1' COMMENT '超出隐藏',
  `sequence` int NOT NULL DEFAULT '0' COMMENT '字段顺序',
  PRIMARY KEY (`id`) USING BTREE
) ENGINE=InnoDB AUTO_INCREMENT=58 DEFAULT CHARSET=utf8mb4 COLLATE=utf8mb4_general_ci COMMENT='表格管理';

-- ----------------------------
-- Records of sys_table
-- ----------------------------
BEGIN;
INSERT INTO `sys_table` (`id`, `create_time`, `update_time`, `del_flag`, `update_by`, `update_by_name`, `table_name`, `field_name`, `show`, `prop`, `label`, `sortable`, `width`, `label_tip`, `fixed`, `align`, `tooltip`, `sequence`) VALUES (37, '2025-02-12 08:20:26', '2025-02-12 08:20:26', '0', NULL, NULL, 'car_info', 'id', '1', 'id', 'id', '0', 150, NULL, '0', 'left', '1', 0);
INSERT INTO `sys_table` (`id`, `create_time`, `update_time`, `del_flag`, `update_by`, `update_by_name`, `table_name`, `field_name`, `show`, `prop`, `label`, `sortable`, `width`, `label_tip`, `fixed`, `align`, `tooltip`, `sequence`) VALUES (38, '2025-02-12 08:20:26', '2025-02-13 14:07:41', '0', NULL, NULL, 'car_info', 'create_time', '1', 'createTime', '创建时间', '0', 150, NULL, '0', 'left', '1', 1);
INSERT INTO `sys_table` (`id`, `create_time`, `update_time`, `del_flag`, `update_by`, `update_by_name`, `table_name`, `field_name`, `show`, `prop`, `label`, `sortable`, `width`, `label_tip`, `fixed`, `align`, `tooltip`, `sequence`) VALUES (39, '2025-02-12 08:20:26', '2025-02-13 14:07:41', '0', NULL, NULL, 'car_info', 'update_time', '1', 'updateTime', '更新时间', '0', 150, NULL, '0', 'left', '1', 3);
INSERT INTO `sys_table` (`id`, `create_time`, `update_time`, `del_flag`, `update_by`, `update_by_name`, `table_name`, `field_name`, `show`, `prop`, `label`, `sortable`, `width`, `label_tip`, `fixed`, `align`, `tooltip`, `sequence`) VALUES (40, '2025-02-12 08:20:26', '2025-02-13 14:07:41', '0', NULL, NULL, 'car_info', 'del_flag', '1', 'delFlag', '删除标志', '0', 81, NULL, '0', 'left', '1', 2);
INSERT INTO `sys_table` (`id`, `create_time`, `update_time`, `del_flag`, `update_by`, `update_by_name`, `table_name`, `field_name`, `show`, `prop`, `label`, `sortable`, `width`, `label_tip`, `fixed`, `align`, `tooltip`, `sequence`) VALUES (41, '2025-02-12 08:20:26', '2025-02-13 14:07:41', '0', NULL, NULL, 'car_info', 'car_name', '1', 'carName', '小车名称', '0', 88, NULL, '0', 'center', '1', 4);
INSERT INTO `sys_table` (`id`, `create_time`, `update_time`, `del_flag`, `update_by`, `update_by_name`, `table_name`, `field_name`, `show`, `prop`, `label`, `sortable`, `width`, `label_tip`, `fixed`, `align`, `tooltip`, `sequence`) VALUES (42, '2025-02-12 08:20:26', '2025-02-13 14:07:41', '0', NULL, NULL, 'car_info', 'lng', '1', 'lng', '经度', '0', 79, NULL, '0', 'left', '1', 5);
INSERT INTO `sys_table` (`id`, `create_time`, `update_time`, `del_flag`, `update_by`, `update_by_name`, `table_name`, `field_name`, `show`, `prop`, `label`, `sortable`, `width`, `label_tip`, `fixed`, `align`, `tooltip`, `sequence`) VALUES (43, '2025-02-12 08:20:26', '2025-02-13 14:07:41', '0', NULL, NULL, 'car_info', 'lat', '1', 'lat', '纬度', '0', 82, NULL, '0', 'left', '1', 6);
INSERT INTO `sys_table` (`id`, `create_time`, `update_time`, `del_flag`, `update_by`, `update_by_name`, `table_name`, `field_name`, `show`, `prop`, `label`, `sortable`, `width`, `label_tip`, `fixed`, `align`, `tooltip`, `sequence`) VALUES (44, '2025-02-12 08:20:26', '2025-02-13 14:07:41', '0', NULL, NULL, 'car_info', 'image', '1', 'image', '图片', '0', 143, NULL, '0', 'left', '1', 7);
INSERT INTO `sys_table` (`id`, `create_time`, `update_time`, `del_flag`, `update_by`, `update_by_name`, `table_name`, `field_name`, `show`, `prop`, `label`, `sortable`, `width`, `label_tip`, `fixed`, `align`, `tooltip`, `sequence`) VALUES (45, '2025-02-12 08:20:26', '2025-02-13 14:07:41', '0', NULL, NULL, 'car_info', 'manager', '1', 'manager', '管理员ID', '0', 97, NULL, '0', 'left', '1', 8);
INSERT INTO `sys_table` (`id`, `create_time`, `update_time`, `del_flag`, `update_by`, `update_by_name`, `table_name`, `field_name`, `show`, `prop`, `label`, `sortable`, `width`, `label_tip`, `fixed`, `align`, `tooltip`, `sequence`) VALUES (46, '2025-02-12 08:20:26', '2025-02-13 14:07:41', '0', NULL, NULL, 'car_info', 'location', '1', 'location', '所在位置', '0', 150, NULL, '0', 'left', '1', 9);
INSERT INTO `sys_table` (`id`, `create_time`, `update_time`, `del_flag`, `update_by`, `update_by_name`, `table_name`, `field_name`, `show`, `prop`, `label`, `sortable`, `width`, `label_tip`, `fixed`, `align`, `tooltip`, `sequence`) VALUES (47, '2025-02-12 08:20:26', '2025-02-13 14:07:41', '0', NULL, NULL, 'car_info', 'price', '1', 'price', '价格', '0', 76, NULL, '0', 'left', '1', 10);
INSERT INTO `sys_table` (`id`, `create_time`, `update_time`, `del_flag`, `update_by`, `update_by_name`, `table_name`, `field_name`, `show`, `prop`, `label`, `sortable`, `width`, `label_tip`, `fixed`, `align`, `tooltip`, `sequence`) VALUES (48, '2025-02-12 08:20:26', '2025-02-13 14:07:41', '0', NULL, NULL, 'car_info', 'car_type', '1', 'carType', '车辆类型', '0', 87, NULL, '0', 'left', '1', 11);
INSERT INTO `sys_table` (`id`, `create_time`, `update_time`, `del_flag`, `update_by`, `update_by_name`, `table_name`, `field_name`, `show`, `prop`, `label`, `sortable`, `width`, `label_tip`, `fixed`, `align`, `tooltip`, `sequence`) VALUES (49, '2025-02-12 08:20:26', '2025-02-13 14:07:41', '0', NULL, NULL, 'car_info', 'operate', '1', 'operate', '操作', '0', 200, NULL, '0', 'left', '1', 12);
INSERT INTO `sys_table` (`id`, `create_time`, `update_time`, `del_flag`, `update_by`, `update_by_name`, `table_name`, `field_name`, `show`, `prop`, `label`, `sortable`, `width`, `label_tip`, `fixed`, `align`, `tooltip`, `sequence`) VALUES (50, NULL, '2025-02-13 14:44:06', '0', NULL, NULL, 'car_driver', 'age', '1', 'age', '年龄', '0', 82, NULL, '0', 'left', '1', 1);
INSERT INTO `sys_table` (`id`, `create_time`, `update_time`, `del_flag`, `update_by`, `update_by_name`, `table_name`, `field_name`, `show`, `prop`, `label`, `sortable`, `width`, `label_tip`, `fixed`, `align`, `tooltip`, `sequence`) VALUES (51, NULL, '2025-02-13 14:42:05', '0', NULL, NULL, 'car_driver', 'car_type', '1', 'carType', '车辆类型', '0', 150, NULL, '0', 'left', '1', 3);
INSERT INTO `sys_table` (`id`, `create_time`, `update_time`, `del_flag`, `update_by`, `update_by_name`, `table_name`, `field_name`, `show`, `prop`, `label`, `sortable`, `width`, `label_tip`, `fixed`, `align`, `tooltip`, `sequence`) VALUES (52, NULL, '2025-02-13 14:42:05', '0', NULL, NULL, 'car_driver', 'driver_years', '1', 'driverYears', '驾龄', '0', 74, NULL, '0', 'left', '1', 2);
INSERT INTO `sys_table` (`id`, `create_time`, `update_time`, `del_flag`, `update_by`, `update_by_name`, `table_name`, `field_name`, `show`, `prop`, `label`, `sortable`, `width`, `label_tip`, `fixed`, `align`, `tooltip`, `sequence`) VALUES (53, NULL, '2025-02-13 14:41:56', '0', NULL, NULL, 'car_driver', 'image', '1', 'image', '图片', '0', 150, NULL, '0', 'left', '1', 4);
INSERT INTO `sys_table` (`id`, `create_time`, `update_time`, `del_flag`, `update_by`, `update_by_name`, `table_name`, `field_name`, `show`, `prop`, `label`, `sortable`, `width`, `label_tip`, `fixed`, `align`, `tooltip`, `sequence`) VALUES (54, NULL, '2025-02-13 14:41:56', '0', NULL, NULL, 'car_driver', 'location', '1', 'location', '所在位置', '0', 150, NULL, '0', 'left', '1', 5);
INSERT INTO `sys_table` (`id`, `create_time`, `update_time`, `del_flag`, `update_by`, `update_by_name`, `table_name`, `field_name`, `show`, `prop`, `label`, `sortable`, `width`, `label_tip`, `fixed`, `align`, `tooltip`, `sequence`) VALUES (55, NULL, '2025-02-13 14:41:56', '0', NULL, NULL, 'car_driver', 'name', '1', 'name', '司机名称', '0', 150, NULL, '0', 'left', '1', 0);
INSERT INTO `sys_table` (`id`, `create_time`, `update_time`, `del_flag`, `update_by`, `update_by_name`, `table_name`, `field_name`, `show`, `prop`, `label`, `sortable`, `width`, `label_tip`, `fixed`, `align`, `tooltip`, `sequence`) VALUES (56, NULL, '2025-02-13 14:41:56', '0', NULL, NULL, 'car_driver', 'price', '1', 'price', '价格', '0', 150, NULL, '0', 'left', '1', 6);
INSERT INTO `sys_table` (`id`, `create_time`, `update_time`, `del_flag`, `update_by`, `update_by_name`, `table_name`, `field_name`, `show`, `prop`, `label`, `sortable`, `width`, `label_tip`, `fixed`, `align`, `tooltip`, `sequence`) VALUES (57, NULL, '2025-02-13 14:41:56', '0', NULL, NULL, 'car_driver', 'update_time', '1', 'updateTime', '更新时间', '0', 150, NULL, '0', 'left', '1', 7);
COMMIT;

-- ----------------------------
-- Table structure for sys_user
-- ----------------------------
DROP TABLE IF EXISTS `sys_user`;
CREATE TABLE `sys_user` (
  `user_id` bigint NOT NULL AUTO_INCREMENT COMMENT '用户ID',
  `dept_id` bigint DEFAULT NULL COMMENT '部门ID',
  `user_name` varchar(30) NOT NULL COMMENT '用户账号',
  `nick_name` varchar(30) NOT NULL COMMENT '用户昵称',
  `user_type` varchar(2) DEFAULT '00' COMMENT '用户类型（00系统用户）',
  `email` varchar(50) DEFAULT '' COMMENT '用户邮箱',
  `phonenumber` varchar(11) DEFAULT '' COMMENT '手机号码',
  `sex` char(1) DEFAULT '0' COMMENT '用户性别（0男 1女 2未知）',
  `avatar` varchar(100) DEFAULT '' COMMENT '头像地址',
  `password` varchar(100) DEFAULT '' COMMENT '密码',
  `status` char(1) DEFAULT '0' COMMENT '帐号状态（0正常 1停用）',
  `del_flag` char(1) DEFAULT '0' COMMENT '删除标志（0代表存在 2代表删除）',
  `login_ip` varchar(128) DEFAULT '' COMMENT '最后登录IP',
  `login_date` datetime DEFAULT NULL COMMENT '最后登录时间',
  `create_by` varchar(64) DEFAULT '' COMMENT '创建者',
  `create_time` datetime DEFAULT NULL COMMENT '创建时间',
  `update_by` varchar(64) DEFAULT '' COMMENT '更新者',
  `update_time` datetime DEFAULT NULL COMMENT '更新时间',
  `remark` varchar(500) DEFAULT NULL COMMENT '备注',
  PRIMARY KEY (`user_id`) USING BTREE
) ENGINE=InnoDB AUTO_INCREMENT=130 DEFAULT CHARSET=utf8mb4 COLLATE=utf8mb4_0900_ai_ci COMMENT='用户信息表';

-- ----------------------------
-- Records of sys_user
-- ----------------------------
BEGIN;
INSERT INTO `sys_user` (`user_id`, `dept_id`, `user_name`, `nick_name`, `user_type`, `email`, `phonenumber`, `sex`, `avatar`, `password`, `status`, `del_flag`, `login_ip`, `login_date`, `create_by`, `create_time`, `update_by`, `update_time`, `remark`) VALUES (1, 103, 'admin', '超级管理员', '00', 'admin@163.com', '18000006666', '0', '', '$2a$10$7JB720yubVSZvUI0rEqK/.VqGOZTH.ulu33dHOiBE8ByOhJIrdAu2', '0', '0', '127.0.0.1', '2025-02-10 11:08:51', 'admin', '2024-11-13 14:12:02', 'admin', '2025-01-20 10:47:25', '管理员');
INSERT INTO `sys_user` (`user_id`, `dept_id`, `user_name`, `nick_name`, `user_type`, `email`, `phonenumber`, `sex`, `avatar`, `password`, `status`, `del_flag`, `login_ip`, `login_date`, `create_by`, `create_time`, `update_by`, `update_time`, `remark`) VALUES (2, 105, 'niangao', '年糕', '00', 'niangao@qq.com', '15666666666', '1', '', '$2a$10$7JB720yubVSZvUI0rEqK/.VqGOZTH.ulu33dHOiBE8ByOhJIrdAu2', '0', '0', '127.0.0.1', '2024-11-13 14:12:02', 'admin', '2024-11-13 14:12:02', '', NULL, '测试员');
INSERT INTO `sys_user` (`user_id`, `dept_id`, `user_name`, `nick_name`, `user_type`, `email`, `phonenumber`, `sex`, `avatar`, `password`, `status`, `del_flag`, `login_ip`, `login_date`, `create_by`, `create_time`, `update_by`, `update_time`, `remark`) VALUES (115, NULL, 'richard', 'Richard', '00', '988550796@qq.com', '18000008888', '0', '', '$2b$12$pABeX7Mhzi48ClprjbvQ8eR..kzMeLXuOhm11toE/2XSzfm14wEQy', '0', '0', '', NULL, 'admin', '2024-11-16 10:06:31', 'admin', '2025-01-20 10:45:54', NULL);
INSERT INTO `sys_user` (`user_id`, `dept_id`, `user_name`, `nick_name`, `user_type`, `email`, `phonenumber`, `sex`, `avatar`, `password`, `status`, `del_flag`, `login_ip`, `login_date`, `create_by`, `create_time`, `update_by`, `update_time`, `remark`) VALUES (117, NULL, '18010476403', '18010476403', '00', '', '18010476403', '2', '', '$2b$12$GqXPcZvTsVo7L1JePwxgiuQg3tV6OhiCHmyLlsBJM52wNTV0NEEke', '0', '2', '', '2024-11-16 15:29:40', '', '2024-11-16 10:22:45', 'admin', '2025-01-20 10:45:39', NULL);
INSERT INTO `sys_user` (`user_id`, `dept_id`, `user_name`, `nick_name`, `user_type`, `email`, `phonenumber`, `sex`, `avatar`, `password`, `status`, `del_flag`, `login_ip`, `login_date`, `create_by`, `create_time`, `update_by`, `update_time`, `remark`) VALUES (118, 100, '郑洪丽', '网络文案高手', '00', '', '', '0', '', '$2b$12$VE/LepB/mfrQEas/Fu0pHeVDRAJiOWWft2d9QRRPVPPobhxttvFDK', '0', '2', '', '2024-12-14 16:56:49', 'admin', '2024-12-14 16:44:52', 'admin', '2025-01-20 10:45:36', NULL);
INSERT INTO `sys_user` (`user_id`, `dept_id`, `user_name`, `nick_name`, `user_type`, `email`, `phonenumber`, `sex`, `avatar`, `password`, `status`, `del_flag`, `login_ip`, `login_date`, `create_by`, `create_time`, `update_by`, `update_time`, `remark`) VALUES (119, NULL, '马孟华', '小小作家', '00', '', '', '0', '', '$2b$12$NPWG8duKR.vm.lmdqF4Ca.4KhxTU1chRU0J9F.VwH8jxYkC7kn7fu', '0', '2', '', NULL, 'admin', '2024-12-14 16:46:01', 'admin', '2025-01-20 10:45:34', NULL);
INSERT INTO `sys_user` (`user_id`, `dept_id`, `user_name`, `nick_name`, `user_type`, `email`, `phonenumber`, `sex`, `avatar`, `password`, `status`, `del_flag`, `login_ip`, `login_date`, `create_by`, `create_time`, `update_by`, `update_time`, `remark`) VALUES (120, NULL, '张德清', '段子手', '00', '', '', '0', '', '$2b$12$8Euqie/4kdWaTCq6r72QlOuo025dDOiDaiR/OAhVBVGSsoXc/TMxK', '0', '2', '', NULL, 'admin', '2024-12-14 16:46:38', 'admin', '2025-01-20 10:45:31', NULL);
INSERT INTO `sys_user` (`user_id`, `dept_id`, `user_name`, `nick_name`, `user_type`, `email`, `phonenumber`, `sex`, `avatar`, `password`, `status`, `del_flag`, `login_ip`, `login_date`, `create_by`, `create_time`, `update_by`, `update_time`, `remark`) VALUES (121, NULL, '薛盼盼', '作文获奖', '00', '', '', '0', '', '$2b$12$CF2AjfMx6iWVBoJtQpKLlOfFn4d7JuUyLaiTFy2LXnnfK3Qp4WKk2', '0', '2', '', NULL, 'admin', '2024-12-14 16:47:13', 'admin', '2025-01-20 10:45:29', NULL);
INSERT INTO `sys_user` (`user_id`, `dept_id`, `user_name`, `nick_name`, `user_type`, `email`, `phonenumber`, `sex`, `avatar`, `password`, `status`, `del_flag`, `login_ip`, `login_date`, `create_by`, `create_time`, `update_by`, `update_time`, `remark`) VALUES (122, NULL, '马丽', '语文大赛第一名', '00', '', '', '0', '', '$2b$12$DHW2EFk4hv5ClIciw7t8sugiiMIG0SBdNtCOXd9wRMGNIn6r.DKRK', '0', '2', '', NULL, 'admin', '2024-12-14 16:47:47', 'admin', '2025-01-20 10:45:26', NULL);
INSERT INTO `sys_user` (`user_id`, `dept_id`, `user_name`, `nick_name`, `user_type`, `email`, `phonenumber`, `sex`, `avatar`, `password`, `status`, `del_flag`, `login_ip`, `login_date`, `create_by`, `create_time`, `update_by`, `update_time`, `remark`) VALUES (123, NULL, '孟芹', '大文豪', '00', '', '', '0', '', '$2b$12$.Iq7oOBIdv6ypxUwtHIuj.kCrvHxKTz7q2DLnWufdpJRVLHXjdTpS', '0', '2', '', NULL, 'admin', '2024-12-14 16:48:11', 'admin', '2025-01-20 10:45:10', NULL);
INSERT INTO `sys_user` (`user_id`, `dept_id`, `user_name`, `nick_name`, `user_type`, `email`, `phonenumber`, `sex`, `avatar`, `password`, `status`, `del_flag`, `login_ip`, `login_date`, `create_by`, `create_time`, `update_by`, `update_time`, `remark`) VALUES (124, NULL, '孙永芳', '青年作者', '00', '', '', '0', '', '$2b$12$S8cR54R2uwOPnlC8HlVGYOz0oIBZww9k.tYIrgSy7lhppLF4Q/cKi', '0', '2', '', NULL, 'admin', '2024-12-14 16:48:41', 'admin', '2025-01-20 10:45:12', NULL);
INSERT INTO `sys_user` (`user_id`, `dept_id`, `user_name`, `nick_name`, `user_type`, `email`, `phonenumber`, `sex`, `avatar`, `password`, `status`, `del_flag`, `login_ip`, `login_date`, `create_by`, `create_time`, `update_by`, `update_time`, `remark`) VALUES (125, NULL, '李娜', '知识达人', '00', '', '', '0', '', '$2b$12$NJBH1ajlWX7fAX2Lw7clpOSwpDdOVtk.7TbE/lXgC4gTp.PZZ8avO', '0', '2', '', NULL, 'admin', '2024-12-14 16:49:03', 'admin', '2025-01-20 10:45:14', NULL);
INSERT INTO `sys_user` (`user_id`, `dept_id`, `user_name`, `nick_name`, `user_type`, `email`, `phonenumber`, `sex`, `avatar`, `password`, `status`, `del_flag`, `login_ip`, `login_date`, `create_by`, `create_time`, `update_by`, `update_time`, `remark`) VALUES (126, NULL, '董缦缦', '文武状元', '00', '', '', '0', '', '$2b$12$YIzRCuFY1JaKYQN25LQ2tOBmi8AItpplsmG6qOBrCMe7XpN6vl3hu', '0', '2', '', NULL, 'admin', '2024-12-14 16:49:37', 'admin', '2025-01-20 10:45:17', NULL);
INSERT INTO `sys_user` (`user_id`, `dept_id`, `user_name`, `nick_name`, `user_type`, `email`, `phonenumber`, `sex`, `avatar`, `password`, `status`, `del_flag`, `login_ip`, `login_date`, `create_by`, `create_time`, `update_by`, `update_time`, `remark`) VALUES (127, NULL, '周娜娜', '青年文摘', '00', '', '', '0', '', '$2b$12$k43hkAjDl70adfOCminQo..Q3wyjj54D5H8xIJ8c1aa2BMJ/a5QWS', '0', '2', '', NULL, 'admin', '2024-12-14 16:50:23', 'admin', '2025-01-20 10:45:19', NULL);
INSERT INTO `sys_user` (`user_id`, `dept_id`, `user_name`, `nick_name`, `user_type`, `email`, `phonenumber`, `sex`, `avatar`, `password`, `status`, `del_flag`, `login_ip`, `login_date`, `create_by`, `create_time`, `update_by`, `update_time`, `remark`) VALUES (128, NULL, '姜益收', '学者', '00', '', '', '0', '', '$2b$12$WuTu1pk01Xgp.yuQWiTS1O92MbQ0gLwhRT9NpEps0rAnhwwLBh5ZG', '0', '2', '', '2024-12-18 11:17:09', 'admin', '2024-12-16 10:44:56', 'admin', '2025-01-20 10:45:22', NULL);
INSERT INTO `sys_user` (`user_id`, `dept_id`, `user_name`, `nick_name`, `user_type`, `email`, `phonenumber`, `sex`, `avatar`, `password`, `status`, `del_flag`, `login_ip`, `login_date`, `create_by`, `create_time`, `update_by`, `update_time`, `remark`) VALUES (129, NULL, '技术部', '技术部', '00', '', '', '0', '', '$2b$12$I918zuj0CaxBlqPH.LIURukfmENd7VxzkioFSMRUoomI0A8ksuIte', '0', '2', '', '2024-12-19 13:27:32', 'admin', '2024-12-18 09:15:43', 'admin', '2025-01-20 10:45:24', NULL);
COMMIT;

-- ----------------------------
-- Table structure for sys_user_post
-- ----------------------------
DROP TABLE IF EXISTS `sys_user_post`;
CREATE TABLE `sys_user_post` (
  `user_id` bigint NOT NULL COMMENT '用户ID',
  `post_id` bigint NOT NULL COMMENT '岗位ID',
  PRIMARY KEY (`user_id`,`post_id`) USING BTREE
) ENGINE=InnoDB DEFAULT CHARSET=utf8mb4 COLLATE=utf8mb4_0900_ai_ci COMMENT='用户与岗位关联表';

-- ----------------------------
-- Records of sys_user_post
-- ----------------------------
BEGIN;
INSERT INTO `sys_user_post` (`user_id`, `post_id`) VALUES (1, 1);
INSERT INTO `sys_user_post` (`user_id`, `post_id`) VALUES (2, 2);
INSERT INTO `sys_user_post` (`user_id`, `post_id`) VALUES (115, 3);
COMMIT;

-- ----------------------------
-- Table structure for sys_user_role
-- ----------------------------
DROP TABLE IF EXISTS `sys_user_role`;
CREATE TABLE `sys_user_role` (
  `user_id` bigint NOT NULL COMMENT '用户ID',
  `role_id` bigint NOT NULL COMMENT '角色ID',
  PRIMARY KEY (`user_id`,`role_id`) USING BTREE
) ENGINE=InnoDB DEFAULT CHARSET=utf8mb4 COLLATE=utf8mb4_0900_ai_ci COMMENT='用户和角色关联表';

-- ----------------------------
-- Records of sys_user_role
-- ----------------------------
BEGIN;
INSERT INTO `sys_user_role` (`user_id`, `role_id`) VALUES (1, 1);
INSERT INTO `sys_user_role` (`user_id`, `role_id`) VALUES (2, 2);
INSERT INTO `sys_user_role` (`user_id`, `role_id`) VALUES (115, 2);
COMMIT;

-- ----------------------------
-- Table structure for user_wechat
-- ----------------------------
DROP TABLE IF EXISTS `user_wechat`;
CREATE TABLE `user_wechat` (
  `user_id` int NOT NULL COMMENT '用户ID',
  `city` varchar(100) DEFAULT NULL COMMENT '城市',
  `country` varchar(100) DEFAULT NULL COMMENT '国家',
  `head_img_url` varchar(255) DEFAULT NULL COMMENT '微信头像',
  `nickname` varchar(255) DEFAULT NULL COMMENT '微信昵称',
  `openid` varchar(255) NOT NULL COMMENT 'openid',
  `union_id` varchar(255) NOT NULL COMMENT 'union_id',
  `user_phone` varchar(15) NOT NULL COMMENT '手机号',
  `province` varchar(255) DEFAULT NULL COMMENT '省份',
  `sex` int DEFAULT NULL COMMENT '性别',
  `id` int NOT NULL AUTO_INCREMENT,
  `create_time` datetime NOT NULL COMMENT '创建时间',
  `update_time` datetime NOT NULL COMMENT '更新时间',
  `del_flag` varchar(1) NOT NULL DEFAULT '0' COMMENT '删除标志（0代表存在 2代表删除）',
  PRIMARY KEY (`id`) USING BTREE,
  UNIQUE KEY `openid` (`openid`) USING BTREE,
  UNIQUE KEY `user_phone` (`user_phone`) USING BTREE,
  KEY `ix_user_wechat_update_time` (`update_time`) USING BTREE
) ENGINE=InnoDB AUTO_INCREMENT=15 DEFAULT CHARSET=utf8mb4 COLLATE=utf8mb4_0900_ai_ci COMMENT='用户微信信息';

-- ----------------------------
-- Records of user_wechat
-- ----------------------------
BEGIN;
INSERT INTO `user_wechat` (`user_id`, `city`, `country`, `head_img_url`, `nickname`, `openid`, `union_id`, `user_phone`, `province`, `sex`, `id`, `create_time`, `update_time`, `del_flag`) VALUES (117, NULL, NULL, NULL, NULL, 'oxMx-6-s6NINAgtFYTg9B_x_99co', 'ol0Yu65bafiDx5ltVOkE8HKwU0yg', '18010476403', NULL, NULL, 14, '2024-11-16 10:23:09', '2024-11-16 10:23:09', '0');
COMMIT;

SET FOREIGN_KEY_CHECKS = 1;
