/*
 Navicat Premium Dump SQL

 Source Server         : flux-data
 Source Server Type    : MySQL
 Source Server Version : 50740 (5.7.40-log)
 Source Host           : 49.232.209.33:3306
 Source Schema         : flux-data

 Target Server Type    : MySQL
 Target Server Version : 50740 (5.7.40-log)
 File Encoding         : 65001

 Date: 08/03/2025 17:24:26
*/

CREATE DATABASE IF NOT EXISTS `flux-data`;
USE `flux-data`;

SET NAMES utf8mb4;
SET FOREIGN_KEY_CHECKS = 0;

-- ----------------------------
-- Table structure for apscheduler_jobs
-- ----------------------------
DROP TABLE IF EXISTS `apscheduler_jobs`;
CREATE TABLE `apscheduler_jobs` (
  `id` varchar(191) NOT NULL,
  `next_run_time` double DEFAULT NULL,
  `job_state` blob NOT NULL,
  PRIMARY KEY (`id`) USING BTREE,
  KEY `ix_apscheduler_jobs_next_run_time` (`next_run_time`) USING BTREE
) ENGINE=InnoDB DEFAULT CHARSET=utf8mb4 COMMENT='定时任务';

-- ----------------------------
-- Records of apscheduler_jobs
-- ----------------------------
BEGIN;
COMMIT;

-- ----------------------------
-- Table structure for car_driver
-- ----------------------------
DROP TABLE IF EXISTS `car_driver`;
CREATE TABLE `car_driver` (
  `id` int(11) NOT NULL AUTO_INCREMENT COMMENT 'id',
  `create_time` datetime DEFAULT NULL COMMENT '创建时间',
  `update_time` datetime DEFAULT NULL ON UPDATE CURRENT_TIMESTAMP COMMENT '更新时间',
  `del_flag` char(1) DEFAULT '0' COMMENT '删除标志',
  `create_by` int(11) NOT NULL COMMENT '创建者',
  `dept_id` int(11) NOT NULL COMMENT '部门id',
  `name` varchar(255) NOT NULL COMMENT '司机名称',
  `age` int(11) NOT NULL COMMENT '年龄',
  `driver_years` int(11) NOT NULL COMMENT '驾龄',
  `image` varchar(255) DEFAULT NULL COMMENT '图片',
  `location` varchar(255) DEFAULT NULL COMMENT '所在位置',
  `price` decimal(10,2) NOT NULL DEFAULT '0.00' COMMENT '价格',
  `car_type` int(11) NOT NULL DEFAULT '1' COMMENT '车辆类型',
  PRIMARY KEY (`id`)
) ENGINE=InnoDB AUTO_INCREMENT=19 DEFAULT CHARSET=utf8mb4 COMMENT='司机信息';

-- ----------------------------
-- Records of car_driver
-- ----------------------------
BEGIN;
INSERT INTO `car_driver` (`id`, `create_time`, `update_time`, `del_flag`, `create_by`, `dept_id`, `name`, `age`, `driver_years`, `image`, `location`, `price`, `car_type`) VALUES (14, '2025-02-13 14:41:38', '2025-02-18 23:24:29', '0', 115, 105, 'Richard', 30, 5, 'https://jinqiao-product.oss-cn-beijing.aliyuncs.com/category_image/1739894293.3491251.jpeg', '北京市朝阳区', 599.00, 1);
INSERT INTO `car_driver` (`id`, `create_time`, `update_time`, `del_flag`, `create_by`, `dept_id`, `name`, `age`, `driver_years`, `image`, `location`, `price`, `car_type`) VALUES (15, '2025-02-13 14:43:26', '2025-02-18 23:24:42', '0', 115, 105, '牛先生', 35, 9, 'https://jinqiao-product.oss-cn-beijing.aliyuncs.com/category_image/1739894280.597399.jpg', '上海市浦江区', 850.00, 2);
INSERT INTO `car_driver` (`id`, `create_time`, `update_time`, `del_flag`, `create_by`, `dept_id`, `name`, `age`, `driver_years`, `image`, `location`, `price`, `car_type`) VALUES (16, '2025-02-18 23:59:55', '2025-02-18 23:59:55', '0', 1, 103, 'Admin专属', 30, 8, 'https://jinqiao-product.oss-cn-beijing.aliyuncs.com/category_image/1739894367.7501671.jpg', 'admin创建', 888.00, 1);
INSERT INTO `car_driver` (`id`, `create_time`, `update_time`, `del_flag`, `create_by`, `dept_id`, `name`, `age`, `driver_years`, `image`, `location`, `price`, `car_type`) VALUES (17, '2025-02-19 00:01:58', '2025-02-19 09:34:43', '2', 115, 105, 'Richard专属', 48, 20, 'https://jinqiao-product.oss-cn-beijing.aliyuncs.com/category_image/1739894489.579735.jpeg', 'Richard专属', 888.00, 1);
INSERT INTO `car_driver` (`id`, `create_time`, `update_time`, `del_flag`, `create_by`, `dept_id`, `name`, `age`, `driver_years`, `image`, `location`, `price`, `car_type`) VALUES (18, '2025-02-20 22:33:07', '2025-02-20 22:33:07', '0', 2, 105, '孙大圣', 30, 6, 'https://jinqiao-product.oss-cn-beijing.aliyuncs.com/category_image/1740061967.9344876.jpeg', '山东临沂平邑', 899.00, 1);
COMMIT;

-- ----------------------------
-- Table structure for gen_table
-- ----------------------------
DROP TABLE IF EXISTS `gen_table`;
CREATE TABLE `gen_table` (
  `table_id` bigint(20) NOT NULL AUTO_INCREMENT COMMENT '编号',
  `table_name` varchar(200) DEFAULT '' COMMENT '表名称',
  `table_comment` varchar(500) DEFAULT '' COMMENT '表描述',
  `sub_table_name` varchar(64) DEFAULT NULL COMMENT '关联子表的表名',
  `sub_table_fk_name` varchar(64) DEFAULT NULL COMMENT '子表关联的外键名',
  `class_name` varchar(100) DEFAULT '' COMMENT '实体类名称',
  `tpl_category` varchar(200) DEFAULT 'crud' COMMENT '使用的模板（crud单表操作 tree树表操作）',
  `tpl_web_type` varchar(30) DEFAULT '' COMMENT '前端模板类型（element-ui模版 element-plus模版）',
  `package_name` varchar(100) DEFAULT NULL COMMENT '生成包路径',
  `module_name` varchar(30) DEFAULT NULL COMMENT '生成模块名',
  `business_name` varchar(30) DEFAULT NULL COMMENT '生成业务名',
  `function_name` varchar(50) DEFAULT NULL COMMENT '生成功能名',
  `function_author` varchar(50) DEFAULT NULL COMMENT '生成功能作者',
  `gen_type` char(1) DEFAULT '0' COMMENT '生成代码方式（0zip压缩包 1自定义路径）',
  `gen_path` varchar(200) DEFAULT '/' COMMENT '生成路径（不填默认项目路径）',
  `options` varchar(1000) DEFAULT NULL COMMENT '其它生成选项',
  `create_by` varchar(64) DEFAULT '' COMMENT '创建者',
  `create_time` datetime NOT NULL ON UPDATE CURRENT_TIMESTAMP COMMENT '创建时间',
  `update_by` varchar(64) DEFAULT '' COMMENT '更新者',
  `update_time` datetime NOT NULL ON UPDATE CURRENT_TIMESTAMP COMMENT '更新时间',
  `remark` varchar(500) DEFAULT NULL COMMENT '备注',
  `del_flag` char(1) NOT NULL DEFAULT '0' COMMENT '删除标志',
  PRIMARY KEY (`table_id`) USING BTREE,
  UNIQUE KEY `gen_table_id` (`table_id`) USING BTREE COMMENT 'unique'
) ENGINE=InnoDB AUTO_INCREMENT=34 DEFAULT CHARSET=utf8mb4 COMMENT='代码生成业务表';

-- ----------------------------
-- Records of gen_table
-- ----------------------------
BEGIN;
INSERT INTO `gen_table` (`table_id`, `table_name`, `table_comment`, `sub_table_name`, `sub_table_fk_name`, `class_name`, `tpl_category`, `tpl_web_type`, `package_name`, `module_name`, `business_name`, `function_name`, `function_author`, `gen_type`, `gen_path`, `options`, `create_by`, `create_time`, `update_by`, `update_time`, `remark`, `del_flag`) VALUES (31, 'car_driver', '司机信息', NULL, NULL, 'CarDriver', 'crud', 'element-plus', 'module_admin', 'car', 'driver', '司机信息', 'FluxAdmin', '0', '/', '{\"parentMenuId\": 2028}', '', '2025-02-22 23:57:18', '', '2025-02-22 23:57:18', NULL, '0');
INSERT INTO `gen_table` (`table_id`, `table_name`, `table_comment`, `sub_table_name`, `sub_table_fk_name`, `class_name`, `tpl_category`, `tpl_web_type`, `package_name`, `module_name`, `business_name`, `function_name`, `function_author`, `gen_type`, `gen_path`, `options`, `create_by`, `create_time`, `update_by`, `update_time`, `remark`, `del_flag`) VALUES (32, 'sys_form', '系统表单', NULL, NULL, 'SysForm', 'crud', 'element-plus', 'module_admin', 'sys', 'form', '系统表单', 'FluxAdmin', '0', '/', '{\"parentMenuId\": 3}', '', '2025-03-07 09:55:03', '', '2025-03-07 09:55:03', NULL, '0');
INSERT INTO `gen_table` (`table_id`, `table_name`, `table_comment`, `sub_table_name`, `sub_table_fk_name`, `class_name`, `tpl_category`, `tpl_web_type`, `package_name`, `module_name`, `business_name`, `function_name`, `function_author`, `gen_type`, `gen_path`, `options`, `create_by`, `create_time`, `update_by`, `update_time`, `remark`, `del_flag`) VALUES (33, 'sys_form_data', '系统表单', NULL, NULL, 'SysFormData', 'crud', 'element-plus', 'module_admin', 'sys', 'form_data', '表单数据', 'FluxAdmin', '0', '/', '{\"parentMenuId\": 3}', '', '2025-03-07 09:55:03', '', '2025-03-07 09:55:03', NULL, '0');
COMMIT;

-- ----------------------------
-- Table structure for gen_table_column
-- ----------------------------
DROP TABLE IF EXISTS `gen_table_column`;
CREATE TABLE `gen_table_column` (
  `column_id` bigint(20) NOT NULL AUTO_INCREMENT COMMENT '编号',
  `table_id` bigint(20) DEFAULT NULL COMMENT '归属表编号',
  `column_name` varchar(200) DEFAULT NULL COMMENT '列名称',
  `column_comment` varchar(500) DEFAULT NULL COMMENT '列描述',
  `column_type` varchar(100) DEFAULT NULL COMMENT '列类型',
  `python_type` varchar(500) DEFAULT NULL COMMENT 'JAVA类型',
  `python_field` varchar(200) DEFAULT NULL COMMENT 'JAVA字段名',
  `is_pk` char(1) DEFAULT NULL COMMENT '是否主键（1是）',
  `is_increment` char(1) DEFAULT NULL COMMENT '是否自增（1是）',
  `is_required` char(1) DEFAULT NULL COMMENT '是否必填（1是）',
  `is_insert` char(1) DEFAULT NULL COMMENT '是否为插入字段（1是）',
  `is_edit` char(1) DEFAULT NULL COMMENT '是否编辑字段（1是）',
  `is_list` char(1) DEFAULT NULL COMMENT '是否列表字段（1是）',
  `is_query` char(1) DEFAULT NULL COMMENT '是否查询字段（1是）',
  `query_type` varchar(200) DEFAULT 'EQ' COMMENT '查询方式（等于、不等于、大于、小于、范围）',
  `html_type` varchar(200) DEFAULT NULL COMMENT '显示类型（文本框、文本域、下拉框、复选框、单选框、日期控件）',
  `dict_type` varchar(200) DEFAULT '' COMMENT '字典类型',
  `sort` int(11) DEFAULT NULL COMMENT '排序',
  `create_by` varchar(64) DEFAULT '' COMMENT '创建者',
  `create_time` datetime NOT NULL ON UPDATE CURRENT_TIMESTAMP COMMENT '创建时间',
  `update_by` varchar(64) DEFAULT '' COMMENT '更新者',
  `update_time` datetime NOT NULL ON UPDATE CURRENT_TIMESTAMP COMMENT '更新时间',
  `del_flag` char(1) NOT NULL DEFAULT '0' COMMENT '删除标志',
  PRIMARY KEY (`column_id`) USING BTREE
) ENGINE=InnoDB AUTO_INCREMENT=399 DEFAULT CHARSET=utf8mb4 COMMENT='代码生成业务表字段';

-- ----------------------------
-- Records of gen_table_column
-- ----------------------------
BEGIN;
INSERT INTO `gen_table_column` (`column_id`, `table_id`, `column_name`, `column_comment`, `column_type`, `python_type`, `python_field`, `is_pk`, `is_increment`, `is_required`, `is_insert`, `is_edit`, `is_list`, `is_query`, `query_type`, `html_type`, `dict_type`, `sort`, `create_by`, `create_time`, `update_by`, `update_time`, `del_flag`) VALUES (366, 31, 'id', 'id', 'int(11)', 'int', 'id', '1', '1', '0', NULL, NULL, NULL, NULL, 'EQ', 'input', '', 1, '', '2025-03-05 22:21:45', '', '2025-03-05 22:21:46', '0');
INSERT INTO `gen_table_column` (`column_id`, `table_id`, `column_name`, `column_comment`, `column_type`, `python_type`, `python_field`, `is_pk`, `is_increment`, `is_required`, `is_insert`, `is_edit`, `is_list`, `is_query`, `query_type`, `html_type`, `dict_type`, `sort`, `create_by`, `create_time`, `update_by`, `update_time`, `del_flag`) VALUES (367, 31, 'create_time', '创建时间', 'datetime', 'datetime', 'create_time', '0', '0', '0', NULL, NULL, NULL, NULL, 'EQ', 'datetime', '', 2, '', '2025-03-05 22:21:45', '', '2025-03-05 22:21:46', '0');
INSERT INTO `gen_table_column` (`column_id`, `table_id`, `column_name`, `column_comment`, `column_type`, `python_type`, `python_field`, `is_pk`, `is_increment`, `is_required`, `is_insert`, `is_edit`, `is_list`, `is_query`, `query_type`, `html_type`, `dict_type`, `sort`, `create_by`, `create_time`, `update_by`, `update_time`, `del_flag`) VALUES (368, 31, 'update_time', '更新时间', 'datetime', 'datetime', 'update_time', '0', '0', '0', NULL, NULL, '1', NULL, 'EQ', 'datetime', '', 3, '', '2025-03-05 22:21:45', '', '2025-03-05 22:21:46', '0');
INSERT INTO `gen_table_column` (`column_id`, `table_id`, `column_name`, `column_comment`, `column_type`, `python_type`, `python_field`, `is_pk`, `is_increment`, `is_required`, `is_insert`, `is_edit`, `is_list`, `is_query`, `query_type`, `html_type`, `dict_type`, `sort`, `create_by`, `create_time`, `update_by`, `update_time`, `del_flag`) VALUES (369, 31, 'del_flag', '删除标志', 'char(1)', 'str', 'del_flag', '0', '0', '0', NULL, NULL, NULL, NULL, 'EQ', 'input', '', 4, '', '2025-03-05 22:21:45', '', '2025-03-05 22:21:46', '0');
INSERT INTO `gen_table_column` (`column_id`, `table_id`, `column_name`, `column_comment`, `column_type`, `python_type`, `python_field`, `is_pk`, `is_increment`, `is_required`, `is_insert`, `is_edit`, `is_list`, `is_query`, `query_type`, `html_type`, `dict_type`, `sort`, `create_by`, `create_time`, `update_by`, `update_time`, `del_flag`) VALUES (370, 31, 'create_by', '创建者', 'int(11)', 'int', 'create_by', '0', '0', '0', NULL, NULL, NULL, NULL, 'EQ', 'input', '', 5, '', '2025-03-05 22:21:45', '', '2025-03-05 22:21:46', '0');
INSERT INTO `gen_table_column` (`column_id`, `table_id`, `column_name`, `column_comment`, `column_type`, `python_type`, `python_field`, `is_pk`, `is_increment`, `is_required`, `is_insert`, `is_edit`, `is_list`, `is_query`, `query_type`, `html_type`, `dict_type`, `sort`, `create_by`, `create_time`, `update_by`, `update_time`, `del_flag`) VALUES (371, 31, 'dept_id', '部门id', 'int(11)', 'int', 'dept_id', '0', '0', '0', NULL, NULL, NULL, NULL, 'EQ', 'input', '', 6, '', '2025-03-05 22:21:45', '', '2025-03-05 22:21:46', '0');
INSERT INTO `gen_table_column` (`column_id`, `table_id`, `column_name`, `column_comment`, `column_type`, `python_type`, `python_field`, `is_pk`, `is_increment`, `is_required`, `is_insert`, `is_edit`, `is_list`, `is_query`, `query_type`, `html_type`, `dict_type`, `sort`, `create_by`, `create_time`, `update_by`, `update_time`, `del_flag`) VALUES (372, 31, 'name', '司机名称', 'varchar(255)', 'str', 'name', '0', '0', '1', '1', '1', '1', '1', 'LIKE', 'input', '', 7, '', '2025-03-05 22:21:45', '', '2025-03-05 22:21:46', '0');
INSERT INTO `gen_table_column` (`column_id`, `table_id`, `column_name`, `column_comment`, `column_type`, `python_type`, `python_field`, `is_pk`, `is_increment`, `is_required`, `is_insert`, `is_edit`, `is_list`, `is_query`, `query_type`, `html_type`, `dict_type`, `sort`, `create_by`, `create_time`, `update_by`, `update_time`, `del_flag`) VALUES (373, 31, 'age', '年龄', 'int(11)', 'int', 'age', '0', '0', '1', '1', '1', '1', '1', 'EQ', 'input', '', 8, '', '2025-03-05 22:21:45', '', '2025-03-05 22:21:46', '0');
INSERT INTO `gen_table_column` (`column_id`, `table_id`, `column_name`, `column_comment`, `column_type`, `python_type`, `python_field`, `is_pk`, `is_increment`, `is_required`, `is_insert`, `is_edit`, `is_list`, `is_query`, `query_type`, `html_type`, `dict_type`, `sort`, `create_by`, `create_time`, `update_by`, `update_time`, `del_flag`) VALUES (374, 31, 'driver_years', '驾龄', 'int(11)', 'int', 'driver_years', '0', '0', '1', '1', '1', '1', '1', 'EQ', 'input', '', 9, '', '2025-03-05 22:21:45', '', '2025-03-05 22:21:46', '0');
INSERT INTO `gen_table_column` (`column_id`, `table_id`, `column_name`, `column_comment`, `column_type`, `python_type`, `python_field`, `is_pk`, `is_increment`, `is_required`, `is_insert`, `is_edit`, `is_list`, `is_query`, `query_type`, `html_type`, `dict_type`, `sort`, `create_by`, `create_time`, `update_by`, `update_time`, `del_flag`) VALUES (375, 31, 'image', '图片', 'varchar(255)', 'str', 'image', '0', '0', '0', '1', '1', '1', '1', 'EQ', 'input', '', 10, '', '2025-03-05 22:21:45', '', '2025-03-05 22:21:46', '0');
INSERT INTO `gen_table_column` (`column_id`, `table_id`, `column_name`, `column_comment`, `column_type`, `python_type`, `python_field`, `is_pk`, `is_increment`, `is_required`, `is_insert`, `is_edit`, `is_list`, `is_query`, `query_type`, `html_type`, `dict_type`, `sort`, `create_by`, `create_time`, `update_by`, `update_time`, `del_flag`) VALUES (376, 31, 'location', '所在位置', 'varchar(255)', 'str', 'location', '0', '0', '0', '1', '1', '1', '1', 'EQ', 'input', '', 11, '', '2025-03-05 22:21:45', '', '2025-03-05 22:21:46', '0');
INSERT INTO `gen_table_column` (`column_id`, `table_id`, `column_name`, `column_comment`, `column_type`, `python_type`, `python_field`, `is_pk`, `is_increment`, `is_required`, `is_insert`, `is_edit`, `is_list`, `is_query`, `query_type`, `html_type`, `dict_type`, `sort`, `create_by`, `create_time`, `update_by`, `update_time`, `del_flag`) VALUES (377, 31, 'price', '价格', 'decimal(10,2)', 'float', 'price', '0', '0', '0', '1', '1', '1', '1', 'EQ', 'input', '', 12, '', '2025-03-05 22:21:45', '', '2025-03-05 22:21:46', '0');
INSERT INTO `gen_table_column` (`column_id`, `table_id`, `column_name`, `column_comment`, `column_type`, `python_type`, `python_field`, `is_pk`, `is_increment`, `is_required`, `is_insert`, `is_edit`, `is_list`, `is_query`, `query_type`, `html_type`, `dict_type`, `sort`, `create_by`, `create_time`, `update_by`, `update_time`, `del_flag`) VALUES (378, 31, 'car_type', '车辆类型', 'int(11)', 'int', 'car_type', '0', '0', '1', '1', '1', '1', '1', 'EQ', 'select', 'car_type', 13, '', '2025-03-05 22:21:45', '', '2025-03-05 22:21:46', '0');
INSERT INTO `gen_table_column` (`column_id`, `table_id`, `column_name`, `column_comment`, `column_type`, `python_type`, `python_field`, `is_pk`, `is_increment`, `is_required`, `is_insert`, `is_edit`, `is_list`, `is_query`, `query_type`, `html_type`, `dict_type`, `sort`, `create_by`, `create_time`, `update_by`, `update_time`, `del_flag`) VALUES (379, 32, 'id', 'id', 'int(11)', 'int', 'id', '1', '1', '0', NULL, NULL, NULL, NULL, 'EQ', 'input', '', 1, '', '2025-03-07 09:55:03', '', '2025-03-07 09:55:03', '0');
INSERT INTO `gen_table_column` (`column_id`, `table_id`, `column_name`, `column_comment`, `column_type`, `python_type`, `python_field`, `is_pk`, `is_increment`, `is_required`, `is_insert`, `is_edit`, `is_list`, `is_query`, `query_type`, `html_type`, `dict_type`, `sort`, `create_by`, `create_time`, `update_by`, `update_time`, `del_flag`) VALUES (380, 32, 'create_time', '创建时间', 'datetime', 'datetime', 'create_time', '0', '0', '0', NULL, NULL, '1', NULL, 'EQ', 'datetime', '', 2, '', '2025-03-07 09:55:03', '', '2025-03-07 09:55:03', '0');
INSERT INTO `gen_table_column` (`column_id`, `table_id`, `column_name`, `column_comment`, `column_type`, `python_type`, `python_field`, `is_pk`, `is_increment`, `is_required`, `is_insert`, `is_edit`, `is_list`, `is_query`, `query_type`, `html_type`, `dict_type`, `sort`, `create_by`, `create_time`, `update_by`, `update_time`, `del_flag`) VALUES (381, 32, 'update_time', '更新时间', 'datetime', 'datetime', 'update_time', '0', '0', '0', NULL, NULL, '1', NULL, 'EQ', 'datetime', '', 3, '', '2025-03-07 09:55:03', '', '2025-03-07 09:55:03', '0');
INSERT INTO `gen_table_column` (`column_id`, `table_id`, `column_name`, `column_comment`, `column_type`, `python_type`, `python_field`, `is_pk`, `is_increment`, `is_required`, `is_insert`, `is_edit`, `is_list`, `is_query`, `query_type`, `html_type`, `dict_type`, `sort`, `create_by`, `create_time`, `update_by`, `update_time`, `del_flag`) VALUES (382, 32, 'del_flag', '删除标志', 'char(1)', 'str', 'del_flag', '0', '0', '0', NULL, NULL, NULL, NULL, 'EQ', 'input', '', 4, '', '2025-03-07 09:55:03', '', '2025-03-07 09:55:03', '0');
INSERT INTO `gen_table_column` (`column_id`, `table_id`, `column_name`, `column_comment`, `column_type`, `python_type`, `python_field`, `is_pk`, `is_increment`, `is_required`, `is_insert`, `is_edit`, `is_list`, `is_query`, `query_type`, `html_type`, `dict_type`, `sort`, `create_by`, `create_time`, `update_by`, `update_time`, `del_flag`) VALUES (383, 32, 'create_by', '创建者', 'int(11)', 'int', 'create_by', '0', '0', '1', NULL, NULL, NULL, NULL, 'EQ', 'input', '', 5, '', '2025-03-07 09:55:03', '', '2025-03-07 09:55:03', '0');
INSERT INTO `gen_table_column` (`column_id`, `table_id`, `column_name`, `column_comment`, `column_type`, `python_type`, `python_field`, `is_pk`, `is_increment`, `is_required`, `is_insert`, `is_edit`, `is_list`, `is_query`, `query_type`, `html_type`, `dict_type`, `sort`, `create_by`, `create_time`, `update_by`, `update_time`, `del_flag`) VALUES (384, 32, 'dept_id', '部门id', 'int(11)', 'int', 'dept_id', '0', '0', '1', NULL, NULL, NULL, NULL, 'EQ', 'input', '', 6, '', '2025-03-07 09:55:03', '', '2025-03-07 09:55:03', '0');
INSERT INTO `gen_table_column` (`column_id`, `table_id`, `column_name`, `column_comment`, `column_type`, `python_type`, `python_field`, `is_pk`, `is_increment`, `is_required`, `is_insert`, `is_edit`, `is_list`, `is_query`, `query_type`, `html_type`, `dict_type`, `sort`, `create_by`, `create_time`, `update_by`, `update_time`, `del_flag`) VALUES (385, 32, 'name', '表单名称', 'varchar(255)', 'str', 'name', '0', '0', '1', '1', '1', '1', '1', 'LIKE', 'input', '', 7, '', '2025-03-07 09:55:03', '', '2025-03-07 09:55:03', '0');
INSERT INTO `gen_table_column` (`column_id`, `table_id`, `column_name`, `column_comment`, `column_type`, `python_type`, `python_field`, `is_pk`, `is_increment`, `is_required`, `is_insert`, `is_edit`, `is_list`, `is_query`, `query_type`, `html_type`, `dict_type`, `sort`, `create_by`, `create_time`, `update_by`, `update_time`, `del_flag`) VALUES (386, 32, 'content', '表单代码', 'text', 'str', 'content', '0', '0', '1', '1', '1', '0', '0', 'EQ', 'textarea', '', 8, '', '2025-03-07 09:55:03', '', '2025-03-07 09:55:03', '0');
INSERT INTO `gen_table_column` (`column_id`, `table_id`, `column_name`, `column_comment`, `column_type`, `python_type`, `python_field`, `is_pk`, `is_increment`, `is_required`, `is_insert`, `is_edit`, `is_list`, `is_query`, `query_type`, `html_type`, `dict_type`, `sort`, `create_by`, `create_time`, `update_by`, `update_time`, `del_flag`) VALUES (387, 32, 'form_data', '表单内容', 'text', 'str', 'form_data', '0', '0', '1', '1', '1', '0', '0', 'EQ', 'textarea', '', 9, '', '2025-03-07 09:55:03', '', '2025-03-07 09:55:03', '0');
INSERT INTO `gen_table_column` (`column_id`, `table_id`, `column_name`, `column_comment`, `column_type`, `python_type`, `python_field`, `is_pk`, `is_increment`, `is_required`, `is_insert`, `is_edit`, `is_list`, `is_query`, `query_type`, `html_type`, `dict_type`, `sort`, `create_by`, `create_time`, `update_by`, `update_time`, `del_flag`) VALUES (388, 32, 'form_conf', '表单配置', 'text', 'str', 'form_conf', '0', '0', '1', '1', '1', '0', '0', 'EQ', 'textarea', '', 10, '', '2025-03-07 09:55:03', '', '2025-03-07 09:55:03', '0');
INSERT INTO `gen_table_column` (`column_id`, `table_id`, `column_name`, `column_comment`, `column_type`, `python_type`, `python_field`, `is_pk`, `is_increment`, `is_required`, `is_insert`, `is_edit`, `is_list`, `is_query`, `query_type`, `html_type`, `dict_type`, `sort`, `create_by`, `create_time`, `update_by`, `update_time`, `del_flag`) VALUES (389, 32, 'generate_conf', '生成配置', 'text', 'str', 'generate_conf', '0', '0', '1', '1', '1', '1', '0', 'EQ', 'textarea', '', 11, '', '2025-03-07 09:55:03', '', '2025-03-07 09:55:03', '0');
INSERT INTO `gen_table_column` (`column_id`, `table_id`, `column_name`, `column_comment`, `column_type`, `python_type`, `python_field`, `is_pk`, `is_increment`, `is_required`, `is_insert`, `is_edit`, `is_list`, `is_query`, `query_type`, `html_type`, `dict_type`, `sort`, `create_by`, `create_time`, `update_by`, `update_time`, `del_flag`) VALUES (390, 33, 'id', 'id', 'int(11)', 'int', 'id', '1', '1', '0', NULL, NULL, NULL, NULL, 'EQ', 'input', '', 1, '', '2025-03-07 09:55:03', '', '2025-03-07 09:55:03', '0');
INSERT INTO `gen_table_column` (`column_id`, `table_id`, `column_name`, `column_comment`, `column_type`, `python_type`, `python_field`, `is_pk`, `is_increment`, `is_required`, `is_insert`, `is_edit`, `is_list`, `is_query`, `query_type`, `html_type`, `dict_type`, `sort`, `create_by`, `create_time`, `update_by`, `update_time`, `del_flag`) VALUES (391, 33, 'create_time', '创建时间', 'datetime', 'datetime', 'create_time', '0', '0', '0', NULL, NULL, '1', NULL, 'EQ', 'datetime', '', 2, '', '2025-03-07 09:55:03', '', '2025-03-07 09:55:03', '0');
INSERT INTO `gen_table_column` (`column_id`, `table_id`, `column_name`, `column_comment`, `column_type`, `python_type`, `python_field`, `is_pk`, `is_increment`, `is_required`, `is_insert`, `is_edit`, `is_list`, `is_query`, `query_type`, `html_type`, `dict_type`, `sort`, `create_by`, `create_time`, `update_by`, `update_time`, `del_flag`) VALUES (392, 33, 'update_time', '更新时间', 'datetime', 'datetime', 'update_time', '0', '0', '0', NULL, NULL, '0', NULL, 'EQ', 'datetime', '', 3, '', '2025-03-07 09:55:03', '', '2025-03-07 09:55:03', '0');
INSERT INTO `gen_table_column` (`column_id`, `table_id`, `column_name`, `column_comment`, `column_type`, `python_type`, `python_field`, `is_pk`, `is_increment`, `is_required`, `is_insert`, `is_edit`, `is_list`, `is_query`, `query_type`, `html_type`, `dict_type`, `sort`, `create_by`, `create_time`, `update_by`, `update_time`, `del_flag`) VALUES (393, 33, 'del_flag', '删除标志', 'char(1)', 'str', 'del_flag', '0', '0', '0', NULL, NULL, NULL, NULL, 'EQ', 'input', '', 4, '', '2025-03-07 09:55:03', '', '2025-03-07 09:55:03', '0');
INSERT INTO `gen_table_column` (`column_id`, `table_id`, `column_name`, `column_comment`, `column_type`, `python_type`, `python_field`, `is_pk`, `is_increment`, `is_required`, `is_insert`, `is_edit`, `is_list`, `is_query`, `query_type`, `html_type`, `dict_type`, `sort`, `create_by`, `create_time`, `update_by`, `update_time`, `del_flag`) VALUES (394, 33, 'create_by', '创建者', 'int(11)', 'int', 'create_by', '0', '0', '1', NULL, NULL, NULL, NULL, 'EQ', 'input', '', 5, '', '2025-03-07 09:55:03', '', '2025-03-07 09:55:03', '0');
INSERT INTO `gen_table_column` (`column_id`, `table_id`, `column_name`, `column_comment`, `column_type`, `python_type`, `python_field`, `is_pk`, `is_increment`, `is_required`, `is_insert`, `is_edit`, `is_list`, `is_query`, `query_type`, `html_type`, `dict_type`, `sort`, `create_by`, `create_time`, `update_by`, `update_time`, `del_flag`) VALUES (395, 33, 'dept_id', '部门id', 'int(11)', 'int', 'dept_id', '0', '0', '1', NULL, NULL, NULL, NULL, 'EQ', 'input', '', 6, '', '2025-03-07 09:55:03', '', '2025-03-07 09:55:03', '0');
INSERT INTO `gen_table_column` (`column_id`, `table_id`, `column_name`, `column_comment`, `column_type`, `python_type`, `python_field`, `is_pk`, `is_increment`, `is_required`, `is_insert`, `is_edit`, `is_list`, `is_query`, `query_type`, `html_type`, `dict_type`, `sort`, `create_by`, `create_time`, `update_by`, `update_time`, `del_flag`) VALUES (396, 33, 'form_name', '表单名称', 'varchar(255)', 'str', 'form_name', '0', '0', '1', '1', '1', '1', '1', 'EQ', 'input', '', 7, '', '2025-03-07 09:55:03', '', '2025-03-07 09:55:03', '0');
INSERT INTO `gen_table_column` (`column_id`, `table_id`, `column_name`, `column_comment`, `column_type`, `python_type`, `python_field`, `is_pk`, `is_increment`, `is_required`, `is_insert`, `is_edit`, `is_list`, `is_query`, `query_type`, `html_type`, `dict_type`, `sort`, `create_by`, `create_time`, `update_by`, `update_time`, `del_flag`) VALUES (397, 33, 'form_data', '表单数据', 'text', 'str', 'form_data', '0', '0', '1', '1', '1', '1', '1', 'EQ', 'textarea', '', 8, '', '2025-03-07 09:55:04', '', '2025-03-07 09:55:04', '0');
INSERT INTO `gen_table_column` (`column_id`, `table_id`, `column_name`, `column_comment`, `column_type`, `python_type`, `python_field`, `is_pk`, `is_increment`, `is_required`, `is_insert`, `is_edit`, `is_list`, `is_query`, `query_type`, `html_type`, `dict_type`, `sort`, `create_by`, `create_time`, `update_by`, `update_time`, `del_flag`) VALUES (398, 33, 'form_id', '表单ID', 'int(11)', 'int', 'form_id', '0', '0', '1', '1', '1', '1', '1', 'EQ', 'input', '', 9, '', '2025-03-07 09:55:04', '', '2025-03-07 09:55:04', '0');
COMMIT;

-- ----------------------------
-- Table structure for sys_config
-- ----------------------------
DROP TABLE IF EXISTS `sys_config`;
CREATE TABLE `sys_config` (
  `config_id` int(11) NOT NULL AUTO_INCREMENT COMMENT '参数主键',
  `config_name` varchar(100) DEFAULT '' COMMENT '参数名称',
  `config_key` varchar(100) DEFAULT '' COMMENT '参数键名',
  `config_value` varchar(500) DEFAULT '' COMMENT '参数键值',
  `config_type` char(1) DEFAULT 'N' COMMENT '系统内置（Y是 N否）',
  `create_by` varchar(64) DEFAULT '' COMMENT '创建者',
  `create_time` datetime DEFAULT NULL COMMENT '创建时间',
  `update_by` varchar(64) DEFAULT '' COMMENT '更新者',
  `update_time` datetime DEFAULT NULL COMMENT '更新时间',
  `remark` varchar(500) DEFAULT NULL COMMENT '备注',
  PRIMARY KEY (`config_id`) USING BTREE
) ENGINE=InnoDB AUTO_INCREMENT=7 DEFAULT CHARSET=utf8mb4 COMMENT='参数配置表';

-- ----------------------------
-- Records of sys_config
-- ----------------------------
BEGIN;
INSERT INTO `sys_config` (`config_id`, `config_name`, `config_key`, `config_value`, `config_type`, `create_by`, `create_time`, `update_by`, `update_time`, `remark`) VALUES (1, '主框架页-默认皮肤样式名称', 'sys.index.skinName', 'skin-blue', 'Y', 'admin', '2024-11-13 14:12:02', '', NULL, '蓝色 skin-blue、绿色 skin-green、紫色 skin-purple、红色 skin-red、黄色 skin-yellow');
INSERT INTO `sys_config` (`config_id`, `config_name`, `config_key`, `config_value`, `config_type`, `create_by`, `create_time`, `update_by`, `update_time`, `remark`) VALUES (2, '用户管理-账号初始密码', 'sys.user.initPassword', '123456', 'Y', 'admin', '2024-11-13 14:12:02', '', NULL, '初始化密码 123456');
INSERT INTO `sys_config` (`config_id`, `config_name`, `config_key`, `config_value`, `config_type`, `create_by`, `create_time`, `update_by`, `update_time`, `remark`) VALUES (3, '主框架页-侧边栏主题', 'sys.index.sideTheme', 'theme-dark', 'Y', 'admin', '2024-11-13 14:12:02', '', NULL, '深色主题theme-dark，浅色主题theme-light');
INSERT INTO `sys_config` (`config_id`, `config_name`, `config_key`, `config_value`, `config_type`, `create_by`, `create_time`, `update_by`, `update_time`, `remark`) VALUES (4, '账号自助-验证码开关', 'sys.account.captchaEnabled', 'true', 'Y', 'admin', '2024-11-13 14:12:02', '', NULL, '是否开启验证码功能（true开启，false关闭）');
INSERT INTO `sys_config` (`config_id`, `config_name`, `config_key`, `config_value`, `config_type`, `create_by`, `create_time`, `update_by`, `update_time`, `remark`) VALUES (5, '账号自助-是否开启用户注册功能', 'sys.account.registerUser', 'false', 'Y', 'admin', '2024-11-13 14:12:02', '', NULL, '是否开启注册用户功能（true开启，false关闭）');
INSERT INTO `sys_config` (`config_id`, `config_name`, `config_key`, `config_value`, `config_type`, `create_by`, `create_time`, `update_by`, `update_time`, `remark`) VALUES (6, '用户登录-黑名单列表', 'sys.login.blackIPList', '', 'Y', 'admin', '2024-11-13 14:12:02', '', NULL, '设置登录IP黑名单限制，多个匹配项以;分隔，支持匹配（*通配、网段）');
COMMIT;

-- ----------------------------
-- Table structure for sys_dept
-- ----------------------------
DROP TABLE IF EXISTS `sys_dept`;
CREATE TABLE `sys_dept` (
  `dept_id` bigint(20) NOT NULL AUTO_INCREMENT COMMENT '部门id',
  `parent_id` bigint(20) DEFAULT '0' COMMENT '父部门id',
  `ancestors` varchar(50) DEFAULT '' COMMENT '祖级列表',
  `dept_name` varchar(30) DEFAULT '' COMMENT '部门名称',
  `order_num` int(11) DEFAULT '0' COMMENT '显示顺序',
  `leader` varchar(20) DEFAULT NULL COMMENT '负责人',
  `phone` varchar(11) DEFAULT NULL COMMENT '联系电话',
  `email` varchar(50) DEFAULT NULL COMMENT '邮箱',
  `status` char(1) DEFAULT '0' COMMENT '部门状态（0正常 1停用）',
  `del_flag` char(1) DEFAULT '0' COMMENT '删除标志（0代表存在 2代表删除）',
  `create_by` varchar(64) DEFAULT '' COMMENT '创建者',
  `create_time` datetime DEFAULT NULL COMMENT '创建时间',
  `update_by` varchar(64) DEFAULT '' COMMENT '更新者',
  `update_time` datetime DEFAULT NULL COMMENT '更新时间',
  PRIMARY KEY (`dept_id`) USING BTREE
) ENGINE=InnoDB AUTO_INCREMENT=204 DEFAULT CHARSET=utf8mb4 COMMENT='部门表';

-- ----------------------------
-- Records of sys_dept
-- ----------------------------
BEGIN;
INSERT INTO `sys_dept` (`dept_id`, `parent_id`, `ancestors`, `dept_name`, `order_num`, `leader`, `phone`, `email`, `status`, `del_flag`, `create_by`, `create_time`, `update_by`, `update_time`) VALUES (100, 0, '0', '集团总公司', 0, '年糕', '15888888888', 'niangao@qq.com', '0', '0', 'admin', '2024-11-13 14:12:02', '', NULL);
INSERT INTO `sys_dept` (`dept_id`, `parent_id`, `ancestors`, `dept_name`, `order_num`, `leader`, `phone`, `email`, `status`, `del_flag`, `create_by`, `create_time`, `update_by`, `update_time`) VALUES (101, 100, '0,100', '深圳分公司', 1, '年糕', '15888888888', 'niangao@qq.com', '0', '0', 'admin', '2024-11-13 14:12:02', '', NULL);
INSERT INTO `sys_dept` (`dept_id`, `parent_id`, `ancestors`, `dept_name`, `order_num`, `leader`, `phone`, `email`, `status`, `del_flag`, `create_by`, `create_time`, `update_by`, `update_time`) VALUES (102, 100, '0,100', '长沙分公司', 2, '年糕', '15888888888', 'niangao@qq.com', '0', '0', 'admin', '2024-11-13 14:12:02', '', NULL);
INSERT INTO `sys_dept` (`dept_id`, `parent_id`, `ancestors`, `dept_name`, `order_num`, `leader`, `phone`, `email`, `status`, `del_flag`, `create_by`, `create_time`, `update_by`, `update_time`) VALUES (103, 101, '0,100,101', '研发部门', 1, '年糕', '15888888888', 'niangao@qq.com', '0', '0', 'admin', '2024-11-13 14:12:02', '', NULL);
INSERT INTO `sys_dept` (`dept_id`, `parent_id`, `ancestors`, `dept_name`, `order_num`, `leader`, `phone`, `email`, `status`, `del_flag`, `create_by`, `create_time`, `update_by`, `update_time`) VALUES (104, 101, '0,100,101', '市场部门', 2, '年糕', '15888888888', 'niangao@qq.com', '0', '0', 'admin', '2024-11-13 14:12:02', '', NULL);
INSERT INTO `sys_dept` (`dept_id`, `parent_id`, `ancestors`, `dept_name`, `order_num`, `leader`, `phone`, `email`, `status`, `del_flag`, `create_by`, `create_time`, `update_by`, `update_time`) VALUES (105, 101, '0,100,101', '测试部门', 3, '年糕', '15888888888', 'niangao@qq.com', '0', '0', 'admin', '2024-11-13 14:12:02', '', NULL);
INSERT INTO `sys_dept` (`dept_id`, `parent_id`, `ancestors`, `dept_name`, `order_num`, `leader`, `phone`, `email`, `status`, `del_flag`, `create_by`, `create_time`, `update_by`, `update_time`) VALUES (106, 101, '0,100,101', '财务部门', 4, '年糕', '15888888888', 'niangao@qq.com', '0', '0', 'admin', '2024-11-13 14:12:02', '', NULL);
INSERT INTO `sys_dept` (`dept_id`, `parent_id`, `ancestors`, `dept_name`, `order_num`, `leader`, `phone`, `email`, `status`, `del_flag`, `create_by`, `create_time`, `update_by`, `update_time`) VALUES (107, 101, '0,100,101', '运维部门', 5, '年糕', '15888888888', 'niangao@qq.com', '0', '0', 'admin', '2024-11-13 14:12:02', '', NULL);
INSERT INTO `sys_dept` (`dept_id`, `parent_id`, `ancestors`, `dept_name`, `order_num`, `leader`, `phone`, `email`, `status`, `del_flag`, `create_by`, `create_time`, `update_by`, `update_time`) VALUES (108, 102, '0,100,102', '市场部门', 1, '年糕', '15888888888', 'niangao@qq.com', '0', '0', 'admin', '2024-11-13 14:12:02', '', NULL);
INSERT INTO `sys_dept` (`dept_id`, `parent_id`, `ancestors`, `dept_name`, `order_num`, `leader`, `phone`, `email`, `status`, `del_flag`, `create_by`, `create_time`, `update_by`, `update_time`) VALUES (109, 102, '0,100,102', '财务部门', 2, '年糕', '15888888888', 'niangao@qq.com', '0', '0', 'admin', '2024-11-13 14:12:02', '', NULL);
INSERT INTO `sys_dept` (`dept_id`, `parent_id`, `ancestors`, `dept_name`, `order_num`, `leader`, `phone`, `email`, `status`, `del_flag`, `create_by`, `create_time`, `update_by`, `update_time`) VALUES (200, 100, '0,100', '托管事业部', 0, NULL, NULL, NULL, '0', '0', 'admin', '2024-12-14 16:42:36', 'admin', '2024-12-14 16:42:36');
INSERT INTO `sys_dept` (`dept_id`, `parent_id`, `ancestors`, `dept_name`, `order_num`, `leader`, `phone`, `email`, `status`, `del_flag`, `create_by`, `create_time`, `update_by`, `update_time`) VALUES (201, 200, '0,100,200', '项目一部', 0, NULL, NULL, NULL, '0', '0', 'admin', '2024-12-14 16:42:47', 'admin', '2024-12-14 16:42:47');
INSERT INTO `sys_dept` (`dept_id`, `parent_id`, `ancestors`, `dept_name`, `order_num`, `leader`, `phone`, `email`, `status`, `del_flag`, `create_by`, `create_time`, `update_by`, `update_time`) VALUES (202, 200, '0,100,200', '项目二部', 0, NULL, NULL, NULL, '0', '0', 'admin', '2024-12-14 16:42:55', 'admin', '2024-12-14 16:42:55');
INSERT INTO `sys_dept` (`dept_id`, `parent_id`, `ancestors`, `dept_name`, `order_num`, `leader`, `phone`, `email`, `status`, `del_flag`, `create_by`, `create_time`, `update_by`, `update_time`) VALUES (203, 201, '0,100,200,201', '项目一组', 1, NULL, NULL, NULL, '0', '0', 'admin', '2025-02-20 13:08:52', 'admin', '2025-02-20 13:08:52');
COMMIT;

-- ----------------------------
-- Table structure for sys_dict_data
-- ----------------------------
DROP TABLE IF EXISTS `sys_dict_data`;
CREATE TABLE `sys_dict_data` (
  `dict_code` bigint(20) NOT NULL AUTO_INCREMENT COMMENT '字典编码',
  `dict_sort` int(11) DEFAULT '0' COMMENT '字典排序',
  `dict_label` varchar(100) DEFAULT '' COMMENT '字典标签',
  `dict_value` varchar(100) DEFAULT '' COMMENT '字典键值',
  `dict_type` varchar(100) DEFAULT '' COMMENT '字典类型',
  `css_class` varchar(100) DEFAULT NULL COMMENT '样式属性（其他样式扩展）',
  `list_class` varchar(100) DEFAULT NULL COMMENT '表格回显样式',
  `is_default` char(1) DEFAULT 'N' COMMENT '是否默认（Y是 N否）',
  `status` char(1) DEFAULT '0' COMMENT '状态（0正常 1停用）',
  `create_by` varchar(64) DEFAULT '' COMMENT '创建者',
  `create_time` datetime DEFAULT NULL COMMENT '创建时间',
  `update_by` varchar(64) DEFAULT '' COMMENT '更新者',
  `update_time` datetime DEFAULT NULL COMMENT '更新时间',
  `remark` varchar(500) DEFAULT NULL COMMENT '备注',
  PRIMARY KEY (`dict_code`) USING BTREE
) ENGINE=InnoDB AUTO_INCREMENT=116 DEFAULT CHARSET=utf8mb4 COMMENT='字典数据表';

-- ----------------------------
-- Records of sys_dict_data
-- ----------------------------
BEGIN;
INSERT INTO `sys_dict_data` (`dict_code`, `dict_sort`, `dict_label`, `dict_value`, `dict_type`, `css_class`, `list_class`, `is_default`, `status`, `create_by`, `create_time`, `update_by`, `update_time`, `remark`) VALUES (1, 1, '男', '0', 'sys_user_sex', '', '', 'Y', '0', 'admin', '2024-11-13 14:12:02', '', NULL, '性别男');
INSERT INTO `sys_dict_data` (`dict_code`, `dict_sort`, `dict_label`, `dict_value`, `dict_type`, `css_class`, `list_class`, `is_default`, `status`, `create_by`, `create_time`, `update_by`, `update_time`, `remark`) VALUES (2, 2, '女', '1', 'sys_user_sex', '', '', 'N', '0', 'admin', '2024-11-13 14:12:02', '', NULL, '性别女');
INSERT INTO `sys_dict_data` (`dict_code`, `dict_sort`, `dict_label`, `dict_value`, `dict_type`, `css_class`, `list_class`, `is_default`, `status`, `create_by`, `create_time`, `update_by`, `update_time`, `remark`) VALUES (3, 3, '未知', '2', 'sys_user_sex', '', '', 'N', '0', 'admin', '2024-11-13 14:12:02', '', NULL, '性别未知');
INSERT INTO `sys_dict_data` (`dict_code`, `dict_sort`, `dict_label`, `dict_value`, `dict_type`, `css_class`, `list_class`, `is_default`, `status`, `create_by`, `create_time`, `update_by`, `update_time`, `remark`) VALUES (4, 1, '显示', '0', 'sys_show_hide', '', 'primary', 'Y', '0', 'admin', '2024-11-13 14:12:02', '', NULL, '显示菜单');
INSERT INTO `sys_dict_data` (`dict_code`, `dict_sort`, `dict_label`, `dict_value`, `dict_type`, `css_class`, `list_class`, `is_default`, `status`, `create_by`, `create_time`, `update_by`, `update_time`, `remark`) VALUES (5, 2, '隐藏', '1', 'sys_show_hide', '', 'danger', 'N', '0', 'admin', '2024-11-13 14:12:02', '', NULL, '隐藏菜单');
INSERT INTO `sys_dict_data` (`dict_code`, `dict_sort`, `dict_label`, `dict_value`, `dict_type`, `css_class`, `list_class`, `is_default`, `status`, `create_by`, `create_time`, `update_by`, `update_time`, `remark`) VALUES (6, 1, '正常', '0', 'sys_normal_disable', '', 'primary', 'Y', '0', 'admin', '2024-11-13 14:12:02', '', NULL, '正常状态');
INSERT INTO `sys_dict_data` (`dict_code`, `dict_sort`, `dict_label`, `dict_value`, `dict_type`, `css_class`, `list_class`, `is_default`, `status`, `create_by`, `create_time`, `update_by`, `update_time`, `remark`) VALUES (7, 2, '停用', '1', 'sys_normal_disable', '', 'danger', 'N', '0', 'admin', '2024-11-13 14:12:02', '', NULL, '停用状态');
INSERT INTO `sys_dict_data` (`dict_code`, `dict_sort`, `dict_label`, `dict_value`, `dict_type`, `css_class`, `list_class`, `is_default`, `status`, `create_by`, `create_time`, `update_by`, `update_time`, `remark`) VALUES (8, 1, '正常', '0', 'sys_job_status', '', 'primary', 'Y', '0', 'admin', '2024-11-13 14:12:02', '', NULL, '正常状态');
INSERT INTO `sys_dict_data` (`dict_code`, `dict_sort`, `dict_label`, `dict_value`, `dict_type`, `css_class`, `list_class`, `is_default`, `status`, `create_by`, `create_time`, `update_by`, `update_time`, `remark`) VALUES (9, 2, '暂停', '1', 'sys_job_status', '', 'danger', 'N', '0', 'admin', '2024-11-13 14:12:02', '', NULL, '停用状态');
INSERT INTO `sys_dict_data` (`dict_code`, `dict_sort`, `dict_label`, `dict_value`, `dict_type`, `css_class`, `list_class`, `is_default`, `status`, `create_by`, `create_time`, `update_by`, `update_time`, `remark`) VALUES (10, 1, '默认', 'default', 'sys_job_group', '', '', 'Y', '0', 'admin', '2024-11-13 14:12:02', '', NULL, '默认分组');
INSERT INTO `sys_dict_data` (`dict_code`, `dict_sort`, `dict_label`, `dict_value`, `dict_type`, `css_class`, `list_class`, `is_default`, `status`, `create_by`, `create_time`, `update_by`, `update_time`, `remark`) VALUES (11, 2, '数据库', 'sqlalchemy', 'sys_job_group', '', '', 'N', '0', 'admin', '2024-11-13 14:12:02', '', NULL, '数据库分组');
INSERT INTO `sys_dict_data` (`dict_code`, `dict_sort`, `dict_label`, `dict_value`, `dict_type`, `css_class`, `list_class`, `is_default`, `status`, `create_by`, `create_time`, `update_by`, `update_time`, `remark`) VALUES (12, 3, 'redis', 'redis', 'sys_job_group', '', '', 'N', '0', 'admin', '2024-11-13 14:12:02', '', NULL, 'reids分组');
INSERT INTO `sys_dict_data` (`dict_code`, `dict_sort`, `dict_label`, `dict_value`, `dict_type`, `css_class`, `list_class`, `is_default`, `status`, `create_by`, `create_time`, `update_by`, `update_time`, `remark`) VALUES (13, 1, '默认', 'default', 'sys_job_executor', '', '', 'N', '0', 'admin', '2024-11-13 14:12:02', '', NULL, '线程池');
INSERT INTO `sys_dict_data` (`dict_code`, `dict_sort`, `dict_label`, `dict_value`, `dict_type`, `css_class`, `list_class`, `is_default`, `status`, `create_by`, `create_time`, `update_by`, `update_time`, `remark`) VALUES (14, 2, '进程池', 'processpool', 'sys_job_executor', '', '', 'N', '0', 'admin', '2024-11-13 14:12:02', '', NULL, '进程池');
INSERT INTO `sys_dict_data` (`dict_code`, `dict_sort`, `dict_label`, `dict_value`, `dict_type`, `css_class`, `list_class`, `is_default`, `status`, `create_by`, `create_time`, `update_by`, `update_time`, `remark`) VALUES (15, 1, '是', 'Y', 'sys_yes_no', '', 'primary', 'Y', '0', 'admin', '2024-11-13 14:12:02', '', NULL, '系统默认是');
INSERT INTO `sys_dict_data` (`dict_code`, `dict_sort`, `dict_label`, `dict_value`, `dict_type`, `css_class`, `list_class`, `is_default`, `status`, `create_by`, `create_time`, `update_by`, `update_time`, `remark`) VALUES (16, 2, '否', 'N', 'sys_yes_no', '', 'danger', 'N', '0', 'admin', '2024-11-13 14:12:02', '', NULL, '系统默认否');
INSERT INTO `sys_dict_data` (`dict_code`, `dict_sort`, `dict_label`, `dict_value`, `dict_type`, `css_class`, `list_class`, `is_default`, `status`, `create_by`, `create_time`, `update_by`, `update_time`, `remark`) VALUES (17, 1, '通知', '1', 'sys_notice_type', '', 'warning', 'Y', '0', 'admin', '2024-11-13 14:12:02', '', NULL, '通知');
INSERT INTO `sys_dict_data` (`dict_code`, `dict_sort`, `dict_label`, `dict_value`, `dict_type`, `css_class`, `list_class`, `is_default`, `status`, `create_by`, `create_time`, `update_by`, `update_time`, `remark`) VALUES (18, 2, '公告', '2', 'sys_notice_type', '', 'success', 'N', '0', 'admin', '2024-11-13 14:12:02', '', NULL, '公告');
INSERT INTO `sys_dict_data` (`dict_code`, `dict_sort`, `dict_label`, `dict_value`, `dict_type`, `css_class`, `list_class`, `is_default`, `status`, `create_by`, `create_time`, `update_by`, `update_time`, `remark`) VALUES (19, 1, '正常', '0', 'sys_notice_status', '', 'primary', 'Y', '0', 'admin', '2024-11-13 14:12:02', '', NULL, '正常状态');
INSERT INTO `sys_dict_data` (`dict_code`, `dict_sort`, `dict_label`, `dict_value`, `dict_type`, `css_class`, `list_class`, `is_default`, `status`, `create_by`, `create_time`, `update_by`, `update_time`, `remark`) VALUES (20, 2, '关闭', '1', 'sys_notice_status', '', 'danger', 'N', '0', 'admin', '2024-11-13 14:12:02', '', NULL, '关闭状态');
INSERT INTO `sys_dict_data` (`dict_code`, `dict_sort`, `dict_label`, `dict_value`, `dict_type`, `css_class`, `list_class`, `is_default`, `status`, `create_by`, `create_time`, `update_by`, `update_time`, `remark`) VALUES (21, 99, '其他', '0', 'sys_oper_type', '', 'info', 'N', '0', 'admin', '2024-11-13 14:12:02', '', NULL, '其他操作');
INSERT INTO `sys_dict_data` (`dict_code`, `dict_sort`, `dict_label`, `dict_value`, `dict_type`, `css_class`, `list_class`, `is_default`, `status`, `create_by`, `create_time`, `update_by`, `update_time`, `remark`) VALUES (22, 1, '新增', '1', 'sys_oper_type', '', 'info', 'N', '0', 'admin', '2024-11-13 14:12:02', '', NULL, '新增操作');
INSERT INTO `sys_dict_data` (`dict_code`, `dict_sort`, `dict_label`, `dict_value`, `dict_type`, `css_class`, `list_class`, `is_default`, `status`, `create_by`, `create_time`, `update_by`, `update_time`, `remark`) VALUES (23, 2, '修改', '2', 'sys_oper_type', '', 'info', 'N', '0', 'admin', '2024-11-13 14:12:02', '', NULL, '修改操作');
INSERT INTO `sys_dict_data` (`dict_code`, `dict_sort`, `dict_label`, `dict_value`, `dict_type`, `css_class`, `list_class`, `is_default`, `status`, `create_by`, `create_time`, `update_by`, `update_time`, `remark`) VALUES (24, 3, '删除', '3', 'sys_oper_type', '', 'danger', 'N', '0', 'admin', '2024-11-13 14:12:02', '', NULL, '删除操作');
INSERT INTO `sys_dict_data` (`dict_code`, `dict_sort`, `dict_label`, `dict_value`, `dict_type`, `css_class`, `list_class`, `is_default`, `status`, `create_by`, `create_time`, `update_by`, `update_time`, `remark`) VALUES (25, 4, '授权', '4', 'sys_oper_type', '', 'primary', 'N', '0', 'admin', '2024-11-13 14:12:02', '', NULL, '授权操作');
INSERT INTO `sys_dict_data` (`dict_code`, `dict_sort`, `dict_label`, `dict_value`, `dict_type`, `css_class`, `list_class`, `is_default`, `status`, `create_by`, `create_time`, `update_by`, `update_time`, `remark`) VALUES (26, 5, '导出', '5', 'sys_oper_type', '', 'warning', 'N', '0', 'admin', '2024-11-13 14:12:02', '', NULL, '导出操作');
INSERT INTO `sys_dict_data` (`dict_code`, `dict_sort`, `dict_label`, `dict_value`, `dict_type`, `css_class`, `list_class`, `is_default`, `status`, `create_by`, `create_time`, `update_by`, `update_time`, `remark`) VALUES (27, 6, '导入', '6', 'sys_oper_type', '', 'warning', 'N', '0', 'admin', '2024-11-13 14:12:02', '', NULL, '导入操作');
INSERT INTO `sys_dict_data` (`dict_code`, `dict_sort`, `dict_label`, `dict_value`, `dict_type`, `css_class`, `list_class`, `is_default`, `status`, `create_by`, `create_time`, `update_by`, `update_time`, `remark`) VALUES (28, 7, '强退', '7', 'sys_oper_type', '', 'danger', 'N', '0', 'admin', '2024-11-13 14:12:02', '', NULL, '强退操作');
INSERT INTO `sys_dict_data` (`dict_code`, `dict_sort`, `dict_label`, `dict_value`, `dict_type`, `css_class`, `list_class`, `is_default`, `status`, `create_by`, `create_time`, `update_by`, `update_time`, `remark`) VALUES (29, 8, '生成代码', '8', 'sys_oper_type', '', 'warning', 'N', '0', 'admin', '2024-11-13 14:12:02', '', NULL, '生成操作');
INSERT INTO `sys_dict_data` (`dict_code`, `dict_sort`, `dict_label`, `dict_value`, `dict_type`, `css_class`, `list_class`, `is_default`, `status`, `create_by`, `create_time`, `update_by`, `update_time`, `remark`) VALUES (30, 9, '清空数据', '9', 'sys_oper_type', '', 'danger', 'N', '0', 'admin', '2024-11-13 14:12:02', '', NULL, '清空操作');
INSERT INTO `sys_dict_data` (`dict_code`, `dict_sort`, `dict_label`, `dict_value`, `dict_type`, `css_class`, `list_class`, `is_default`, `status`, `create_by`, `create_time`, `update_by`, `update_time`, `remark`) VALUES (31, 1, '成功', '0', 'sys_common_status', '', 'primary', 'N', '0', 'admin', '2024-11-13 14:12:02', '', NULL, '正常状态');
INSERT INTO `sys_dict_data` (`dict_code`, `dict_sort`, `dict_label`, `dict_value`, `dict_type`, `css_class`, `list_class`, `is_default`, `status`, `create_by`, `create_time`, `update_by`, `update_time`, `remark`) VALUES (32, 2, '失败', '1', 'sys_common_status', '', 'danger', 'N', '0', 'admin', '2024-11-13 14:12:02', '', NULL, '停用状态');
INSERT INTO `sys_dict_data` (`dict_code`, `dict_sort`, `dict_label`, `dict_value`, `dict_type`, `css_class`, `list_class`, `is_default`, `status`, `create_by`, `create_time`, `update_by`, `update_time`, `remark`) VALUES (100, 0, '已上架', '1', 'news_status', NULL, 'success', 'N', '0', 'admin', '2024-11-30 13:50:32', 'admin', '2024-11-30 13:50:32', NULL);
INSERT INTO `sys_dict_data` (`dict_code`, `dict_sort`, `dict_label`, `dict_value`, `dict_type`, `css_class`, `list_class`, `is_default`, `status`, `create_by`, `create_time`, `update_by`, `update_time`, `remark`) VALUES (101, 0, '下架', '0', 'news_status', NULL, 'danger', 'N', '0', 'admin', '2024-11-30 13:50:55', 'admin', '2024-11-30 13:50:55', NULL);
INSERT INTO `sys_dict_data` (`dict_code`, `dict_sort`, `dict_label`, `dict_value`, `dict_type`, `css_class`, `list_class`, `is_default`, `status`, `create_by`, `create_time`, `update_by`, `update_time`, `remark`) VALUES (102, 0, '免费', '0', 'new_charge', NULL, 'info', 'N', '0', 'admin', '2024-11-30 13:52:13', 'admin', '2024-11-30 13:52:13', NULL);
INSERT INTO `sys_dict_data` (`dict_code`, `dict_sort`, `dict_label`, `dict_value`, `dict_type`, `css_class`, `list_class`, `is_default`, `status`, `create_by`, `create_time`, `update_by`, `update_time`, `remark`) VALUES (103, 0, '收费', '1', 'new_charge', NULL, 'success', 'N', '0', 'admin', '2024-11-30 13:52:25', 'admin', '2024-11-30 13:52:25', NULL);
INSERT INTO `sys_dict_data` (`dict_code`, `dict_sort`, `dict_label`, `dict_value`, `dict_type`, `css_class`, `list_class`, `is_default`, `status`, `create_by`, `create_time`, `update_by`, `update_time`, `remark`) VALUES (104, 0, '置顶', '1', 'news_top', NULL, 'primary', 'N', '0', 'admin', '2024-11-30 13:56:24', 'admin', '2024-11-30 13:56:32', NULL);
INSERT INTO `sys_dict_data` (`dict_code`, `dict_sort`, `dict_label`, `dict_value`, `dict_type`, `css_class`, `list_class`, `is_default`, `status`, `create_by`, `create_time`, `update_by`, `update_time`, `remark`) VALUES (105, 0, '不置顶', '0', 'news_top', NULL, 'info', 'N', '0', 'admin', '2024-11-30 13:56:50', 'admin', '2024-11-30 13:56:50', NULL);
INSERT INTO `sys_dict_data` (`dict_code`, `dict_sort`, `dict_label`, `dict_value`, `dict_type`, `css_class`, `list_class`, `is_default`, `status`, `create_by`, `create_time`, `update_by`, `update_time`, `remark`) VALUES (106, 0, '未处理', '0', 'cooperation_status', NULL, 'danger', 'N', '0', 'admin', '2024-12-24 14:27:34', 'admin', '2024-12-24 14:28:40', NULL);
INSERT INTO `sys_dict_data` (`dict_code`, `dict_sort`, `dict_label`, `dict_value`, `dict_type`, `css_class`, `list_class`, `is_default`, `status`, `create_by`, `create_time`, `update_by`, `update_time`, `remark`) VALUES (107, 0, '已处理', '1', 'cooperation_status', NULL, 'success', 'N', '0', 'admin', '2024-12-24 14:28:04', 'admin', '2024-12-24 14:28:04', NULL);
INSERT INTO `sys_dict_data` (`dict_code`, `dict_sort`, `dict_label`, `dict_value`, `dict_type`, `css_class`, `list_class`, `is_default`, `status`, `create_by`, `create_time`, `update_by`, `update_time`, `remark`) VALUES (108, 0, '已废弃', '2', 'cooperation_status', NULL, 'info', 'N', '0', 'admin', '2024-12-24 14:28:24', 'admin', '2024-12-24 14:28:24', NULL);
INSERT INTO `sys_dict_data` (`dict_code`, `dict_sort`, `dict_label`, `dict_value`, `dict_type`, `css_class`, `list_class`, `is_default`, `status`, `create_by`, `create_time`, `update_by`, `update_time`, `remark`) VALUES (109, 0, '越野车', '1', 'car_type', NULL, 'primary', 'N', '0', 'admin', '2025-01-17 14:12:25', 'admin', '2025-01-17 14:12:25', NULL);
INSERT INTO `sys_dict_data` (`dict_code`, `dict_sort`, `dict_label`, `dict_value`, `dict_type`, `css_class`, `list_class`, `is_default`, `status`, `create_by`, `create_time`, `update_by`, `update_time`, `remark`) VALUES (110, 0, '小汽车', '2', 'car_type', NULL, 'success', 'N', '0', 'admin', '2025-01-17 14:12:48', 'admin', '2025-01-17 14:12:48', NULL);
INSERT INTO `sys_dict_data` (`dict_code`, `dict_sort`, `dict_label`, `dict_value`, `dict_type`, `css_class`, `list_class`, `is_default`, `status`, `create_by`, `create_time`, `update_by`, `update_time`, `remark`) VALUES (111, 0, '是', '1', 'sys_01_yes_no', NULL, 'success', 'N', '0', 'admin', '2025-02-11 15:14:16', 'admin', '2025-02-11 15:14:16', NULL);
INSERT INTO `sys_dict_data` (`dict_code`, `dict_sort`, `dict_label`, `dict_value`, `dict_type`, `css_class`, `list_class`, `is_default`, `status`, `create_by`, `create_time`, `update_by`, `update_time`, `remark`) VALUES (112, 0, '否', '0', 'sys_01_yes_no', NULL, 'warning', 'N', '0', 'admin', '2025-02-11 15:15:26', 'admin', '2025-02-11 15:15:26', NULL);
INSERT INTO `sys_dict_data` (`dict_code`, `dict_sort`, `dict_label`, `dict_value`, `dict_type`, `css_class`, `list_class`, `is_default`, `status`, `create_by`, `create_time`, `update_by`, `update_time`, `remark`) VALUES (113, 0, '左', 'left', 'field_align', NULL, 'primary', 'N', '0', 'admin', '2025-02-11 15:19:41', 'admin', '2025-02-11 15:19:41', NULL);
INSERT INTO `sys_dict_data` (`dict_code`, `dict_sort`, `dict_label`, `dict_value`, `dict_type`, `css_class`, `list_class`, `is_default`, `status`, `create_by`, `create_time`, `update_by`, `update_time`, `remark`) VALUES (114, 0, '右', 'right', 'field_align', NULL, 'success', 'N', '0', 'admin', '2025-02-11 15:20:00', 'admin', '2025-02-11 15:20:00', NULL);
INSERT INTO `sys_dict_data` (`dict_code`, `dict_sort`, `dict_label`, `dict_value`, `dict_type`, `css_class`, `list_class`, `is_default`, `status`, `create_by`, `create_time`, `update_by`, `update_time`, `remark`) VALUES (115, 0, '中', 'center', 'field_align', NULL, 'danger', 'N', '0', 'admin', '2025-02-11 15:20:16', 'admin', '2025-02-11 15:20:16', NULL);
COMMIT;

-- ----------------------------
-- Table structure for sys_dict_type
-- ----------------------------
DROP TABLE IF EXISTS `sys_dict_type`;
CREATE TABLE `sys_dict_type` (
  `dict_id` bigint(20) NOT NULL AUTO_INCREMENT COMMENT '字典主键',
  `dict_name` varchar(100) DEFAULT '' COMMENT '字典名称',
  `dict_type` varchar(100) DEFAULT '' COMMENT '字典类型',
  `status` char(1) DEFAULT '0' COMMENT '状态（0正常 1停用）',
  `create_by` varchar(64) DEFAULT '' COMMENT '创建者',
  `create_time` datetime DEFAULT NULL COMMENT '创建时间',
  `update_by` varchar(64) DEFAULT '' COMMENT '更新者',
  `update_time` datetime DEFAULT NULL COMMENT '更新时间',
  `remark` varchar(500) DEFAULT NULL COMMENT '备注',
  PRIMARY KEY (`dict_id`) USING BTREE,
  UNIQUE KEY `dict_type` (`dict_type`) USING BTREE
) ENGINE=InnoDB AUTO_INCREMENT=110 DEFAULT CHARSET=utf8mb4 COMMENT='字典类型表';

-- ----------------------------
-- Records of sys_dict_type
-- ----------------------------
BEGIN;
INSERT INTO `sys_dict_type` (`dict_id`, `dict_name`, `dict_type`, `status`, `create_by`, `create_time`, `update_by`, `update_time`, `remark`) VALUES (1, '用户性别', 'sys_user_sex', '0', 'admin', '2024-11-13 14:12:02', 'admin', '2025-02-19 01:45:55', '用户性别列表');
INSERT INTO `sys_dict_type` (`dict_id`, `dict_name`, `dict_type`, `status`, `create_by`, `create_time`, `update_by`, `update_time`, `remark`) VALUES (2, '菜单状态', 'sys_show_hide', '0', 'admin', '2024-11-13 14:12:02', '', NULL, '菜单状态列表');
INSERT INTO `sys_dict_type` (`dict_id`, `dict_name`, `dict_type`, `status`, `create_by`, `create_time`, `update_by`, `update_time`, `remark`) VALUES (3, '系统开关', 'sys_normal_disable', '0', 'admin', '2024-11-13 14:12:02', '', NULL, '系统开关列表');
INSERT INTO `sys_dict_type` (`dict_id`, `dict_name`, `dict_type`, `status`, `create_by`, `create_time`, `update_by`, `update_time`, `remark`) VALUES (4, '任务状态', 'sys_job_status', '0', 'admin', '2024-11-13 14:12:02', '', NULL, '任务状态列表');
INSERT INTO `sys_dict_type` (`dict_id`, `dict_name`, `dict_type`, `status`, `create_by`, `create_time`, `update_by`, `update_time`, `remark`) VALUES (5, '任务分组', 'sys_job_group', '0', 'admin', '2024-11-13 14:12:02', '', NULL, '任务分组列表');
INSERT INTO `sys_dict_type` (`dict_id`, `dict_name`, `dict_type`, `status`, `create_by`, `create_time`, `update_by`, `update_time`, `remark`) VALUES (6, '任务执行器', 'sys_job_executor', '0', 'admin', '2024-11-13 14:12:02', '', NULL, '任务执行器列表');
INSERT INTO `sys_dict_type` (`dict_id`, `dict_name`, `dict_type`, `status`, `create_by`, `create_time`, `update_by`, `update_time`, `remark`) VALUES (7, '系统是否', 'sys_yes_no', '0', 'admin', '2024-11-13 14:12:02', '', NULL, '系统是否列表');
INSERT INTO `sys_dict_type` (`dict_id`, `dict_name`, `dict_type`, `status`, `create_by`, `create_time`, `update_by`, `update_time`, `remark`) VALUES (8, '通知类型', 'sys_notice_type', '0', 'admin', '2024-11-13 14:12:02', '', NULL, '通知类型列表');
INSERT INTO `sys_dict_type` (`dict_id`, `dict_name`, `dict_type`, `status`, `create_by`, `create_time`, `update_by`, `update_time`, `remark`) VALUES (9, '通知状态', 'sys_notice_status', '0', 'admin', '2024-11-13 14:12:02', '', NULL, '通知状态列表');
INSERT INTO `sys_dict_type` (`dict_id`, `dict_name`, `dict_type`, `status`, `create_by`, `create_time`, `update_by`, `update_time`, `remark`) VALUES (10, '操作类型', 'sys_oper_type', '0', 'admin', '2024-11-13 14:12:02', '', NULL, '操作类型列表');
INSERT INTO `sys_dict_type` (`dict_id`, `dict_name`, `dict_type`, `status`, `create_by`, `create_time`, `update_by`, `update_time`, `remark`) VALUES (11, '系统状态', 'sys_common_status', '0', 'admin', '2024-11-13 14:12:02', '', NULL, '登录状态列表');
INSERT INTO `sys_dict_type` (`dict_id`, `dict_name`, `dict_type`, `status`, `create_by`, `create_time`, `update_by`, `update_time`, `remark`) VALUES (101, 'test', 'test', '0', 'admin', '2024-11-16 10:10:04', 'admin', '2024-11-16 10:10:04', NULL);
INSERT INTO `sys_dict_type` (`dict_id`, `dict_name`, `dict_type`, `status`, `create_by`, `create_time`, `update_by`, `update_time`, `remark`) VALUES (102, '新闻上架状态', 'news_status', '0', 'admin', '2024-11-30 13:49:17', 'admin', '2024-11-30 13:49:17', NULL);
INSERT INTO `sys_dict_type` (`dict_id`, `dict_name`, `dict_type`, `status`, `create_by`, `create_time`, `update_by`, `update_time`, `remark`) VALUES (103, '新闻收费状态', 'new_charge', '0', 'admin', '2024-11-30 13:51:33', 'admin', '2024-11-30 13:51:33', NULL);
INSERT INTO `sys_dict_type` (`dict_id`, `dict_name`, `dict_type`, `status`, `create_by`, `create_time`, `update_by`, `update_time`, `remark`) VALUES (104, '新闻置顶', 'news_top', '0', 'admin', '2024-11-30 13:53:04', 'admin', '2024-11-30 13:53:04', NULL);
INSERT INTO `sys_dict_type` (`dict_id`, `dict_name`, `dict_type`, `status`, `create_by`, `create_time`, `update_by`, `update_time`, `remark`) VALUES (105, '合作意向状态', 'cooperation_status', '0', 'admin', '2024-12-24 14:26:48', 'admin', '2024-12-24 14:26:48', NULL);
INSERT INTO `sys_dict_type` (`dict_id`, `dict_name`, `dict_type`, `status`, `create_by`, `create_time`, `update_by`, `update_time`, `remark`) VALUES (106, '车辆类型', 'car_type', '0', 'admin', '2025-01-17 14:11:44', 'admin', '2025-01-17 14:11:44', NULL);
INSERT INTO `sys_dict_type` (`dict_id`, `dict_name`, `dict_type`, `status`, `create_by`, `create_time`, `update_by`, `update_time`, `remark`) VALUES (107, '0-1是否', 'sys_01_yes_no', '0', 'admin', '2025-02-11 15:13:49', 'admin', '2025-02-11 15:13:49', NULL);
INSERT INTO `sys_dict_type` (`dict_id`, `dict_name`, `dict_type`, `status`, `create_by`, `create_time`, `update_by`, `update_time`, `remark`) VALUES (108, '字段居中类型', 'field_align', '0', 'admin', '2025-02-11 15:19:15', 'admin', '2025-02-11 15:19:15', NULL);
INSERT INTO `sys_dict_type` (`dict_id`, `dict_name`, `dict_type`, `status`, `create_by`, `create_time`, `update_by`, `update_time`, `remark`) VALUES (109, '属性', 'int', '0', 'admin', '2025-02-19 02:46:43', 'admin', '2025-02-19 02:46:43', NULL);
COMMIT;

-- ----------------------------
-- Table structure for sys_form
-- ----------------------------
DROP TABLE IF EXISTS `sys_form`;
CREATE TABLE `sys_form` (
  `id` int(11) NOT NULL AUTO_INCREMENT COMMENT 'id',
  `create_time` datetime DEFAULT NULL COMMENT '创建时间',
  `update_time` datetime DEFAULT NULL ON UPDATE CURRENT_TIMESTAMP COMMENT '更新时间',
  `del_flag` char(1) DEFAULT '0' COMMENT '删除标志',
  `create_by` int(11) NOT NULL COMMENT '创建者',
  `dept_id` int(11) NOT NULL COMMENT '部门id',
  `name` varchar(255) NOT NULL COMMENT '表单名称',
  `content` text NOT NULL COMMENT '表单代码',
  `form_data` text NOT NULL COMMENT '字段配置',
  `form_conf` text NOT NULL COMMENT '表单配置',
  `generate_conf` text NOT NULL COMMENT '生成配置',
  `drawing_list` text NOT NULL COMMENT '字段列表',
  PRIMARY KEY (`id`)
) ENGINE=InnoDB AUTO_INCREMENT=23 DEFAULT CHARSET=utf8mb4 COMMENT='系统表单';

-- ----------------------------
-- Records of sys_form
-- ----------------------------
BEGIN;
INSERT INTO `sys_form` (`id`, `create_time`, `update_time`, `del_flag`, `create_by`, `dept_id`, `name`, `content`, `form_data`, `form_conf`, `generate_conf`, `drawing_list`) VALUES (22, '2025-03-08 16:15:08', '2025-03-08 16:15:08', '0', 1, 103, '求职意向调查', '<template>\n  <div class=\"app-container\">\n    <el-form ref=\"formRef\" :model=\"formData\" :rules=\"rules\" size=\"default\" label-width=\"100px\">\n      <el-form-item label=\"手机号\" prop=\"mobile\">\n        <el-input v-model=\"formData.mobile\" placeholder=\"请输入手机号\" :maxlength=\"11\" show-word-limit clearable\n          prefix-icon=\'Cellphone\' :style=\"{width: \'100%\'}\"></el-input>\n      </el-form-item>\n      <el-form-item label=\"姓名\" prop=\"name\">\n        <el-input v-model=\"formData.name\" type=\"text\" placeholder=\"请输入姓名\" clearable\n          :style=\"{width: \'100%\'}\"></el-input>\n      </el-form-item>\n      <el-form-item label=\"年龄\" prop=\"age\">\n        <el-input v-model=\"formData.age\" type=\"text\" placeholder=\"请输入年龄\" clearable\n          :style=\"{width: \'100%\'}\"></el-input>\n      </el-form-item>\n      <el-form-item label=\"期望薪资\" prop=\"salary\">\n        <el-input v-model=\"formData.salary\" type=\"text\" placeholder=\"请输入期望薪资\" clearable\n          :style=\"{width: \'100%\'}\"></el-input>\n      </el-form-item>\n      <el-form-item label=\"入职时间\" prop=\"joinDate\">\n        <el-date-picker v-model=\"formData.joinDate\" format=\"YYYY-MM-DD\" value-format=\"YYYY-MM-DD\"\n          :style=\"{width: \'100%\'}\" placeholder=\"请选择入职时间\" clearable></el-date-picker>\n      </el-form-item>\n      <el-form-item label=\"下拉选择\" prop=\"field101\">\n        <el-select v-model=\"formData.field101\" placeholder=\"请选择下拉选择\" clearable :style=\"{width: \'100%\'}\">\n          <el-option v-for=\"(item, index) in field101Options\" :key=\"index\" :label=\"item.label\"\n            :value=\"item.value\" :disabled=\"item.disabled\"></el-option>\n        </el-select>\n      </el-form-item>\n      <el-form-item>\n        <el-button type=\"primary\" @click=\"submitForm\">提交</el-button>\n        <el-button @click=\"resetForm\">重置</el-button>\n      </el-form-item>\n    </el-form>\n  </div>\n</template>\n<script setup>\nimport {\n  addForm_data\n}\nfrom \'@/api/system/form_data\'\nconst {\n  proxy\n} = getCurrentInstance()\nconst formRef = ref()\nconst data = reactive({\n  formData: {\n    mobile: \'\',\n    name: undefined,\n    age: undefined,\n    salary: undefined,\n    joinDate: null,\n    field101: undefined,\n  },\n  rules: {\n    mobile: [{\n      required: true,\n      message: \'请输入手机号\',\n      trigger: \'blur\'\n    }, {\n      pattern: new RegExp(/^1(3|4|5|7|8|9)\\d{9}$/),\n      message: \'手机号格式错误\',\n      trigger: \'blur\'\n    }],\n    name: [{\n      required: true,\n      message: \'请输入姓名\',\n      trigger: \'blur\'\n    }],\n    age: [{\n      required: true,\n      message: \'请输入年龄\',\n      trigger: \'blur\'\n    }],\n    salary: [{\n      required: true,\n      message: \'请输入期望薪资\',\n      trigger: \'blur\'\n    }],\n    joinDate: [{\n      required: true,\n      message: \'请选择入职时间\',\n      trigger: \'change\'\n    }],\n    field101: [{\n      required: true,\n      message: \'请选择下拉选择\',\n      trigger: \'change\'\n    }],\n  }\n})\nconst {\n  formData,\n  rules\n} = toRefs(data)\nconst field101Options = ref([{\n  \"label\": \"选项一\",\n  \"value\": 1\n}, {\n  \"label\": \"选项二\",\n  \"value\": 2\n}])\n/**\n * @name: 表单提交\n * @description: 表单提交方法\n * @return {*}\n */\nfunction submitForm() {\n  formRef.value.validate((valid) => {\n    if (!valid) return\n    // 提交表单\n    let tempFormData = JSON.stringfy(formData)\n    let params = {\n      formName: \'求职意向调查\',\n      formData: tempFormData\n    }\n    addForm_data(params).then((response) => {\n      proxy.$modal.msgSuccess(\'新增成功\')\n      resetForm()\n    })\n  })\n}\n/**\n * @name: 表单重置\n * @description: 表单重置方法\n * @return {*}\n */\nfunction resetForm() {\n  formRef.value.resetFields()\n}\n\n</script>\n<style>\n</style>\n', '{\"fields\":[{\"layout\":\"colFormItem\",\"tagIcon\":\"input\",\"label\":\"手机号\",\"vModel\":\"mobile\",\"formId\":6,\"tag\":\"el-input\",\"placeholder\":\"请输入手机号\",\"defaultValue\":\"\",\"span\":24,\"style\":{\"width\":\"100%\"},\"clearable\":true,\"prepend\":\"\",\"append\":\"\",\"prefix-icon\":\"Cellphone\",\"suffix-icon\":\"\",\"maxlength\":11,\"show-word-limit\":true,\"readonly\":false,\"disabled\":false,\"required\":true,\"changeTag\":true,\"regList\":[{\"pattern\":\"/^1(3|4|5|7|8|9)\\\\d{9}$/\",\"message\":\"手机号格式错误\"}]},{\"label\":\"姓名\",\"tag\":\"el-input\",\"tagIcon\":\"input\",\"type\":\"text\",\"placeholder\":\"请输入姓名\",\"span\":24,\"labelWidth\":null,\"style\":{\"width\":\"100%\"},\"clearable\":true,\"prepend\":\"\",\"append\":\"\",\"prefix-icon\":\"\",\"suffix-icon\":\"\",\"maxlength\":null,\"show-word-limit\":false,\"readonly\":false,\"disabled\":false,\"required\":true,\"regList\":[],\"changeTag\":true,\"document\":\"https://element-plus.org/zh-CN/component/input\",\"formId\":101,\"renderKey\":1741421612633,\"layout\":\"colFormItem\",\"vModel\":\"name\"},{\"label\":\"年龄\",\"tag\":\"el-input\",\"tagIcon\":\"input\",\"type\":\"text\",\"placeholder\":\"请输入年龄\",\"span\":24,\"labelWidth\":null,\"style\":{\"width\":\"100%\"},\"clearable\":true,\"prepend\":\"\",\"append\":\"\",\"prefix-icon\":\"\",\"suffix-icon\":\"\",\"maxlength\":null,\"show-word-limit\":false,\"readonly\":false,\"disabled\":false,\"required\":true,\"regList\":[],\"changeTag\":true,\"document\":\"https://element-plus.org/zh-CN/component/input\",\"formId\":102,\"renderKey\":1741421625219,\"layout\":\"colFormItem\",\"vModel\":\"age\"},{\"label\":\"期望薪资\",\"tag\":\"el-input\",\"tagIcon\":\"input\",\"type\":\"text\",\"placeholder\":\"请输入期望薪资\",\"span\":24,\"labelWidth\":null,\"style\":{\"width\":\"100%\"},\"clearable\":true,\"prepend\":\"\",\"append\":\"\",\"prefix-icon\":\"\",\"suffix-icon\":\"\",\"maxlength\":null,\"show-word-limit\":false,\"readonly\":false,\"disabled\":false,\"required\":true,\"regList\":[],\"changeTag\":true,\"document\":\"https://element-plus.org/zh-CN/component/input\",\"formId\":103,\"renderKey\":1741421648331,\"layout\":\"colFormItem\",\"vModel\":\"salary\"},{\"label\":\"入职时间\",\"tag\":\"el-date-picker\",\"tagIcon\":\"date\",\"placeholder\":\"请选择入职时间\",\"defaultValue\":null,\"type\":\"date\",\"span\":24,\"labelWidth\":null,\"style\":{\"width\":\"100%\"},\"disabled\":false,\"clearable\":true,\"required\":true,\"format\":\"YYYY-MM-DD\",\"value-format\":\"YYYY-MM-DD\",\"readonly\":false,\"regList\":[],\"changeTag\":true,\"document\":\"https://element-plus.org/zh-CN/component/date-picker\",\"formId\":105,\"renderKey\":1741421688014,\"layout\":\"colFormItem\",\"vModel\":\"joinDate\"},{\"label\":\"下拉选择\",\"tag\":\"el-select\",\"tagIcon\":\"select\",\"placeholder\":\"请选择下拉选择\",\"span\":24,\"labelWidth\":null,\"style\":{\"width\":\"100%\"},\"clearable\":true,\"disabled\":false,\"required\":true,\"filterable\":false,\"multiple\":false,\"options\":[{\"label\":\"选项一\",\"value\":1},{\"label\":\"选项二\",\"value\":2}],\"regList\":[],\"changeTag\":true,\"document\":\"https://element-plus.org/zh-CN/component/select\",\"formId\":101,\"renderKey\":1741424187717,\"layout\":\"colFormItem\",\"vModel\":\"field101\"}],\"formRef\":\"formRef\",\"formModel\":\"formData\",\"size\":\"default\",\"labelPosition\":\"right\",\"labelWidth\":100,\"formRules\":\"rules\",\"gutter\":15,\"disabled\":false,\"span\":24,\"formBtns\":true,\"remark\":\"求职意向调查\"}', '{\"formRef\":\"formRef\",\"formModel\":\"formData\",\"size\":\"default\",\"labelPosition\":\"right\",\"labelWidth\":100,\"formRules\":\"rules\",\"gutter\":15,\"disabled\":false,\"span\":24,\"formBtns\":true,\"remark\":\"求职意向调查\"}', '{\"type\":\"file\"}', '[{\"layout\":\"colFormItem\",\"tagIcon\":\"input\",\"label\":\"手机号\",\"vModel\":\"mobile\",\"formId\":6,\"tag\":\"el-input\",\"placeholder\":\"请输入手机号\",\"defaultValue\":\"\",\"span\":24,\"style\":{\"width\":\"100%\"},\"clearable\":true,\"prepend\":\"\",\"append\":\"\",\"prefix-icon\":\"Cellphone\",\"suffix-icon\":\"\",\"maxlength\":11,\"show-word-limit\":true,\"readonly\":false,\"disabled\":false,\"required\":true,\"changeTag\":true,\"regList\":[{\"pattern\":\"/^1(3|4|5|7|8|9)\\\\d{9}$/\",\"message\":\"手机号格式错误\"}]},{\"label\":\"姓名\",\"tag\":\"el-input\",\"tagIcon\":\"input\",\"type\":\"text\",\"placeholder\":\"请输入姓名\",\"span\":24,\"labelWidth\":null,\"style\":{\"width\":\"100%\"},\"clearable\":true,\"prepend\":\"\",\"append\":\"\",\"prefix-icon\":\"\",\"suffix-icon\":\"\",\"maxlength\":null,\"show-word-limit\":false,\"readonly\":false,\"disabled\":false,\"required\":true,\"regList\":[],\"changeTag\":true,\"document\":\"https://element-plus.org/zh-CN/component/input\",\"formId\":101,\"renderKey\":1741421612633,\"layout\":\"colFormItem\",\"vModel\":\"name\"},{\"label\":\"年龄\",\"tag\":\"el-input\",\"tagIcon\":\"input\",\"type\":\"text\",\"placeholder\":\"请输入年龄\",\"span\":24,\"labelWidth\":null,\"style\":{\"width\":\"100%\"},\"clearable\":true,\"prepend\":\"\",\"append\":\"\",\"prefix-icon\":\"\",\"suffix-icon\":\"\",\"maxlength\":null,\"show-word-limit\":false,\"readonly\":false,\"disabled\":false,\"required\":true,\"regList\":[],\"changeTag\":true,\"document\":\"https://element-plus.org/zh-CN/component/input\",\"formId\":102,\"renderKey\":1741421625219,\"layout\":\"colFormItem\",\"vModel\":\"age\"},{\"label\":\"期望薪资\",\"tag\":\"el-input\",\"tagIcon\":\"input\",\"type\":\"text\",\"placeholder\":\"请输入期望薪资\",\"span\":24,\"labelWidth\":null,\"style\":{\"width\":\"100%\"},\"clearable\":true,\"prepend\":\"\",\"append\":\"\",\"prefix-icon\":\"\",\"suffix-icon\":\"\",\"maxlength\":null,\"show-word-limit\":false,\"readonly\":false,\"disabled\":false,\"required\":true,\"regList\":[],\"changeTag\":true,\"document\":\"https://element-plus.org/zh-CN/component/input\",\"formId\":103,\"renderKey\":1741421648331,\"layout\":\"colFormItem\",\"vModel\":\"salary\"},{\"label\":\"入职时间\",\"tag\":\"el-date-picker\",\"tagIcon\":\"date\",\"placeholder\":\"请选择入职时间\",\"defaultValue\":null,\"type\":\"date\",\"span\":24,\"labelWidth\":null,\"style\":{\"width\":\"100%\"},\"disabled\":false,\"clearable\":true,\"required\":true,\"format\":\"YYYY-MM-DD\",\"value-format\":\"YYYY-MM-DD\",\"readonly\":false,\"regList\":[],\"changeTag\":true,\"document\":\"https://element-plus.org/zh-CN/component/date-picker\",\"formId\":105,\"renderKey\":1741421688014,\"layout\":\"colFormItem\",\"vModel\":\"joinDate\"},{\"label\":\"下拉选择\",\"tag\":\"el-select\",\"tagIcon\":\"select\",\"placeholder\":\"请选择下拉选择\",\"span\":24,\"labelWidth\":null,\"style\":{\"width\":\"100%\"},\"clearable\":true,\"disabled\":false,\"required\":true,\"filterable\":false,\"multiple\":false,\"options\":[{\"label\":\"选项一\",\"value\":1},{\"label\":\"选项二\",\"value\":2}],\"regList\":[],\"changeTag\":true,\"document\":\"https://element-plus.org/zh-CN/component/select\",\"formId\":101,\"renderKey\":1741424187717,\"layout\":\"colFormItem\",\"vModel\":\"field101\"}]');
COMMIT;

-- ----------------------------
-- Table structure for sys_form_data
-- ----------------------------
DROP TABLE IF EXISTS `sys_form_data`;
CREATE TABLE `sys_form_data` (
  `id` int(11) NOT NULL AUTO_INCREMENT COMMENT 'id',
  `create_time` datetime DEFAULT NULL COMMENT '创建时间',
  `update_time` datetime DEFAULT NULL ON UPDATE CURRENT_TIMESTAMP COMMENT '更新时间',
  `del_flag` char(1) DEFAULT '0' COMMENT '删除标志',
  `create_by` int(11) NOT NULL COMMENT '创建者',
  `dept_id` int(11) NOT NULL COMMENT '部门id',
  `form_name` varchar(255) NOT NULL COMMENT '表单名称',
  `form_data` text NOT NULL COMMENT '表单数据',
  `form_id` int(11) NOT NULL COMMENT '表单ID',
  PRIMARY KEY (`id`)
) ENGINE=InnoDB AUTO_INCREMENT=20 DEFAULT CHARSET=utf8mb4 COMMENT='系统表单';

-- ----------------------------
-- Records of sys_form_data
-- ----------------------------
BEGIN;
INSERT INTO `sys_form_data` (`id`, `create_time`, `update_time`, `del_flag`, `create_by`, `dept_id`, `form_name`, `form_data`, `form_id`) VALUES (19, '2025-03-08 17:22:36', '2025-03-08 17:22:36', '0', 1, 103, '求职意向调查', '{\"_object\":{\"formData\":{\"mobile\":\"18088880000\",\"name\":\"石昊\",\"age\":\"25\",\"salary\":\"8000\",\"joinDate\":\"2025-03-05\",\"field101\":1},\"rules\":{\"mobile\":[{\"required\":true,\"message\":\"请输入手机号\",\"trigger\":\"blur\"},{\"pattern\":{},\"message\":\"手机号格式错误\",\"trigger\":\"blur\"}],\"name\":[{\"required\":true,\"message\":\"请输入姓名\",\"trigger\":\"blur\"}],\"age\":[{\"required\":true,\"message\":\"请输入年龄\",\"trigger\":\"blur\"}],\"salary\":[{\"required\":true,\"message\":\"请输入期望薪资\",\"trigger\":\"blur\"}],\"joinDate\":[{\"required\":true,\"message\":\"请选择入职时间\",\"trigger\":\"change\"}],\"field101\":[{\"required\":true,\"message\":\"请选择下拉选择\",\"trigger\":\"change\"}]}},\"_key\":\"formData\",\"__v_isRef\":true}', 22);
COMMIT;

-- ----------------------------
-- Table structure for sys_job
-- ----------------------------
DROP TABLE IF EXISTS `sys_job`;
CREATE TABLE `sys_job` (
  `job_id` bigint(20) NOT NULL AUTO_INCREMENT COMMENT '任务ID',
  `job_name` varchar(64) NOT NULL DEFAULT '' COMMENT '任务名称',
  `job_group` varchar(64) NOT NULL DEFAULT 'default' COMMENT '任务组名',
  `job_executor` varchar(64) DEFAULT 'default' COMMENT '任务执行器',
  `invoke_target` varchar(500) NOT NULL COMMENT '调用目标字符串',
  `job_args` varchar(255) DEFAULT '' COMMENT '位置参数',
  `job_kwargs` varchar(255) DEFAULT '' COMMENT '关键字参数',
  `cron_expression` varchar(255) DEFAULT '' COMMENT 'cron执行表达式',
  `misfire_policy` varchar(20) DEFAULT '3' COMMENT '计划执行错误策略（1立即执行 2执行一次 3放弃执行）',
  `concurrent` char(1) DEFAULT '1' COMMENT '是否并发执行（0允许 1禁止）',
  `status` char(1) DEFAULT '0' COMMENT '状态（0正常 1暂停）',
  `create_by` varchar(64) DEFAULT '' COMMENT '创建者',
  `create_time` datetime DEFAULT NULL COMMENT '创建时间',
  `update_by` varchar(64) DEFAULT '' COMMENT '更新者',
  `update_time` datetime DEFAULT NULL COMMENT '更新时间',
  `remark` varchar(500) DEFAULT '' COMMENT '备注信息',
  PRIMARY KEY (`job_id`,`job_name`,`job_group`) USING BTREE
) ENGINE=InnoDB AUTO_INCREMENT=101 DEFAULT CHARSET=utf8mb4 COMMENT='定时任务调度表';

-- ----------------------------
-- Records of sys_job
-- ----------------------------
BEGIN;
INSERT INTO `sys_job` (`job_id`, `job_name`, `job_group`, `job_executor`, `invoke_target`, `job_args`, `job_kwargs`, `cron_expression`, `misfire_policy`, `concurrent`, `status`, `create_by`, `create_time`, `update_by`, `update_time`, `remark`) VALUES (1, '系统默认（无参）', 'default', 'default', 'module_task.scheduler_test.job', NULL, NULL, '0/10 * * * * ?', '3', '1', '1', 'admin', '2024-11-13 14:12:02', '', NULL, '');
INSERT INTO `sys_job` (`job_id`, `job_name`, `job_group`, `job_executor`, `invoke_target`, `job_args`, `job_kwargs`, `cron_expression`, `misfire_policy`, `concurrent`, `status`, `create_by`, `create_time`, `update_by`, `update_time`, `remark`) VALUES (2, '系统默认（有参）', 'default', 'default', 'module_task.scheduler_test.job', 'test', NULL, '0/15 * * * * ?', '3', '1', '1', 'admin', '2024-11-13 14:12:02', '', NULL, '');
INSERT INTO `sys_job` (`job_id`, `job_name`, `job_group`, `job_executor`, `invoke_target`, `job_args`, `job_kwargs`, `cron_expression`, `misfire_policy`, `concurrent`, `status`, `create_by`, `create_time`, `update_by`, `update_time`, `remark`) VALUES (3, '系统默认（多参）', 'default', 'default', 'module_task.scheduler_test.job', 'new', '{\"test\": 111}', '0/20 * * * * ?', '3', '1', '1', 'admin', '2024-11-13 14:12:02', '', NULL, '');
INSERT INTO `sys_job` (`job_id`, `job_name`, `job_group`, `job_executor`, `invoke_target`, `job_args`, `job_kwargs`, `cron_expression`, `misfire_policy`, `concurrent`, `status`, `create_by`, `create_time`, `update_by`, `update_time`, `remark`) VALUES (100, '文章每日生成', 'default', 'default', 'module_task.scheduler_test.gen_article_job', '', '', '0 0 0 1/1 * ?', '1', '1', '0', 'admin', '2024-11-29 15:42:14', 'admin', '2025-01-02 09:28:41', '');
COMMIT;

-- ----------------------------
-- Table structure for sys_job_log
-- ----------------------------
DROP TABLE IF EXISTS `sys_job_log`;
CREATE TABLE `sys_job_log` (
  `job_log_id` bigint(20) NOT NULL AUTO_INCREMENT COMMENT '任务日志ID',
  `job_name` varchar(64) NOT NULL COMMENT '任务名称',
  `job_group` varchar(64) NOT NULL COMMENT '任务组名',
  `job_executor` varchar(64) NOT NULL COMMENT '任务执行器',
  `invoke_target` varchar(500) NOT NULL COMMENT '调用目标字符串',
  `job_args` varchar(255) DEFAULT '' COMMENT '位置参数',
  `job_kwargs` varchar(255) DEFAULT '' COMMENT '关键字参数',
  `job_trigger` varchar(255) DEFAULT '' COMMENT '任务触发器',
  `job_message` varchar(500) DEFAULT NULL COMMENT '日志信息',
  `status` char(1) DEFAULT '0' COMMENT '执行状态（0正常 1失败）',
  `exception_info` varchar(2000) DEFAULT '' COMMENT '异常信息',
  `create_time` datetime DEFAULT NULL COMMENT '创建时间',
  PRIMARY KEY (`job_log_id`) USING BTREE
) ENGINE=InnoDB AUTO_INCREMENT=358 DEFAULT CHARSET=utf8mb4 COMMENT='定时任务调度日志表';

-- ----------------------------
-- Records of sys_job_log
-- ----------------------------
BEGIN;
INSERT INTO `sys_job_log` (`job_log_id`, `job_name`, `job_group`, `job_executor`, `invoke_target`, `job_args`, `job_kwargs`, `job_trigger`, `job_message`, `status`, `exception_info`, `create_time`) VALUES (295, '文章每日生成', 'default', 'default', 'module_task.scheduler_test:gen_article_job', '', '{}', 'cron[month=\'*\', day=\'1/1\', hour=\'0\', minute=\'0\', second=\'0\']', '事件类型: JobSubmissionEvent, 任务ID: 100, 任务名称: 文章每日生成, 执行于2025-01-14 00:03:19', '0', '', '2025-01-14 00:03:19');
INSERT INTO `sys_job_log` (`job_log_id`, `job_name`, `job_group`, `job_executor`, `invoke_target`, `job_args`, `job_kwargs`, `job_trigger`, `job_message`, `status`, `exception_info`, `create_time`) VALUES (296, '文章每日生成', 'default', 'default', 'module_task.scheduler_test:gen_article_job', '', '{}', 'cron[month=\'*\', day=\'1/1\', hour=\'0\', minute=\'0\', second=\'0\']', '事件类型: JobExecutionEvent, 任务ID: 100, 任务名称: 文章每日生成, 执行于2025-01-14 00:03:19', '1', 'Error code: 401 - {\'error\': {\'message\': \'Incorrect API key provided. \', \'type\': \'invalid_request_error\', \'param\': None, \'code\': \'invalid_api_key\'}, \'request_id\': \'92226003-d819-9e58-b207-f154dee58c73\'}', '2025-01-14 00:03:20');
INSERT INTO `sys_job_log` (`job_log_id`, `job_name`, `job_group`, `job_executor`, `invoke_target`, `job_args`, `job_kwargs`, `job_trigger`, `job_message`, `status`, `exception_info`, `create_time`) VALUES (297, '文章每日生成', 'default', 'default', 'module_task.scheduler_test:gen_article_job', '', '{}', 'cron[month=\'*\', day=\'1/1\', hour=\'0\', minute=\'0\', second=\'0\']', '事件类型: JobSubmissionEvent, 任务ID: 100, 任务名称: 文章每日生成, 执行于2025-01-15 00:06:52', '0', '', '2025-01-15 00:06:53');
INSERT INTO `sys_job_log` (`job_log_id`, `job_name`, `job_group`, `job_executor`, `invoke_target`, `job_args`, `job_kwargs`, `job_trigger`, `job_message`, `status`, `exception_info`, `create_time`) VALUES (298, '文章每日生成', 'default', 'default', 'module_task.scheduler_test:gen_article_job', '', '{}', 'cron[month=\'*\', day=\'1/1\', hour=\'0\', minute=\'0\', second=\'0\']', '事件类型: JobExecutionEvent, 任务ID: 100, 任务名称: 文章每日生成, 执行于2025-01-15 00:06:53', '1', 'Error code: 401 - {\'error\': {\'message\': \'Incorrect API key provided. \', \'type\': \'invalid_request_error\', \'param\': None, \'code\': \'invalid_api_key\'}, \'request_id\': \'28e4d7e1-e5d7-912c-8104-c82dcc94fb79\'}', '2025-01-15 00:06:53');
INSERT INTO `sys_job_log` (`job_log_id`, `job_name`, `job_group`, `job_executor`, `invoke_target`, `job_args`, `job_kwargs`, `job_trigger`, `job_message`, `status`, `exception_info`, `create_time`) VALUES (299, '文章每日生成', 'default', 'default', 'module_task.scheduler_test:gen_article_job', '', '{}', 'cron[month=\'*\', day=\'1/1\', hour=\'0\', minute=\'0\', second=\'0\']', '事件类型: JobSubmissionEvent, 任务ID: 100, 任务名称: 文章每日生成, 执行于2025-01-16 00:00:22', '0', '', '2025-01-16 00:00:22');
INSERT INTO `sys_job_log` (`job_log_id`, `job_name`, `job_group`, `job_executor`, `invoke_target`, `job_args`, `job_kwargs`, `job_trigger`, `job_message`, `status`, `exception_info`, `create_time`) VALUES (300, '文章每日生成', 'default', 'default', 'module_task.scheduler_test:gen_article_job', '', '{}', 'cron[month=\'*\', day=\'1/1\', hour=\'0\', minute=\'0\', second=\'0\']', '事件类型: JobExecutionEvent, 任务ID: 100, 任务名称: 文章每日生成, 执行于2025-01-16 00:00:23', '1', 'Error code: 401 - {\'error\': {\'message\': \'Incorrect API key provided. \', \'type\': \'invalid_request_error\', \'param\': None, \'code\': \'invalid_api_key\'}, \'request_id\': \'01c6dd84-c7c0-9583-9b6d-48dc5449517d\'}', '2025-01-16 00:00:23');
INSERT INTO `sys_job_log` (`job_log_id`, `job_name`, `job_group`, `job_executor`, `invoke_target`, `job_args`, `job_kwargs`, `job_trigger`, `job_message`, `status`, `exception_info`, `create_time`) VALUES (301, '文章每日生成', 'default', 'default', 'module_task.scheduler_test:gen_article_job', '', '{}', 'cron[month=\'*\', day=\'1/1\', hour=\'0\', minute=\'0\', second=\'0\']', '事件类型: JobSubmissionEvent, 任务ID: 100, 任务名称: 文章每日生成, 执行于2025-01-17 00:00:20', '0', '', '2025-01-17 00:00:20');
INSERT INTO `sys_job_log` (`job_log_id`, `job_name`, `job_group`, `job_executor`, `invoke_target`, `job_args`, `job_kwargs`, `job_trigger`, `job_message`, `status`, `exception_info`, `create_time`) VALUES (302, '文章每日生成', 'default', 'default', 'module_task.scheduler_test:gen_article_job', '', '{}', 'cron[month=\'*\', day=\'1/1\', hour=\'0\', minute=\'0\', second=\'0\']', '事件类型: JobExecutionEvent, 任务ID: 100, 任务名称: 文章每日生成, 执行于2025-01-17 00:00:20', '1', 'Error code: 401 - {\'error\': {\'message\': \'Incorrect API key provided. \', \'type\': \'invalid_request_error\', \'param\': None, \'code\': \'invalid_api_key\'}, \'request_id\': \'837660d4-4d47-9930-8dd5-de699c8f78bc\'}', '2025-01-17 00:00:21');
INSERT INTO `sys_job_log` (`job_log_id`, `job_name`, `job_group`, `job_executor`, `invoke_target`, `job_args`, `job_kwargs`, `job_trigger`, `job_message`, `status`, `exception_info`, `create_time`) VALUES (303, '文章每日生成', 'default', 'default', 'module_task.scheduler_test:gen_article_job', '', '{}', 'cron[month=\'*\', day=\'1/1\', hour=\'0\', minute=\'0\', second=\'0\']', '事件类型: JobSubmissionEvent, 任务ID: 100, 任务名称: 文章每日生成, 执行于2025-01-18 00:00:00', '0', '', '2025-01-18 00:00:00');
INSERT INTO `sys_job_log` (`job_log_id`, `job_name`, `job_group`, `job_executor`, `invoke_target`, `job_args`, `job_kwargs`, `job_trigger`, `job_message`, `status`, `exception_info`, `create_time`) VALUES (304, '文章每日生成', 'default', 'default', 'module_task.scheduler_test:gen_article_job', '', '{}', 'cron[month=\'*\', day=\'1/1\', hour=\'0\', minute=\'0\', second=\'0\']', '事件类型: JobExecutionEvent, 任务ID: 100, 任务名称: 文章每日生成, 执行于2025-01-18 00:00:00', '1', 'Error code: 401 - {\'error\': {\'message\': \'Incorrect API key provided. \', \'type\': \'invalid_request_error\', \'param\': None, \'code\': \'invalid_api_key\'}, \'request_id\': \'f94031af-4016-9ead-b6c7-d0f030f73b13\'}', '2025-01-18 00:00:00');
INSERT INTO `sys_job_log` (`job_log_id`, `job_name`, `job_group`, `job_executor`, `invoke_target`, `job_args`, `job_kwargs`, `job_trigger`, `job_message`, `status`, `exception_info`, `create_time`) VALUES (305, '文章每日生成', 'default', 'default', 'module_task.scheduler_test:gen_article_job', '', '{}', 'cron[month=\'*\', day=\'1/1\', hour=\'0\', minute=\'0\', second=\'0\']', '事件类型: JobSubmissionEvent, 任务ID: 100, 任务名称: 文章每日生成, 执行于2025-01-21 00:00:30', '0', '', '2025-01-21 00:00:31');
INSERT INTO `sys_job_log` (`job_log_id`, `job_name`, `job_group`, `job_executor`, `invoke_target`, `job_args`, `job_kwargs`, `job_trigger`, `job_message`, `status`, `exception_info`, `create_time`) VALUES (306, '文章每日生成', 'default', 'default', 'module_task.scheduler_test:gen_article_job', '', '{}', 'cron[month=\'*\', day=\'1/1\', hour=\'0\', minute=\'0\', second=\'0\']', '事件类型: JobSubmissionEvent, 任务ID: 100, 任务名称: 文章每日生成, 执行于2025-02-11 00:14:29', '0', '', '2025-02-11 00:14:30');
INSERT INTO `sys_job_log` (`job_log_id`, `job_name`, `job_group`, `job_executor`, `invoke_target`, `job_args`, `job_kwargs`, `job_trigger`, `job_message`, `status`, `exception_info`, `create_time`) VALUES (307, '文章每日生成', 'default', 'default', 'module_task.scheduler_test:gen_article_job', '', '{}', 'cron[month=\'*\', day=\'1/1\', hour=\'0\', minute=\'0\', second=\'0\']', '事件类型: JobExecutionEvent, 任务ID: 100, 任务名称: 文章每日生成, 执行于2025-02-11 00:14:30', '0', '', '2025-02-11 00:14:30');
INSERT INTO `sys_job_log` (`job_log_id`, `job_name`, `job_group`, `job_executor`, `invoke_target`, `job_args`, `job_kwargs`, `job_trigger`, `job_message`, `status`, `exception_info`, `create_time`) VALUES (308, '文章每日生成', 'default', 'default', 'module_task.scheduler_test:gen_article_job', '', '{}', 'cron[month=\'*\', day=\'1/1\', hour=\'0\', minute=\'0\', second=\'0\']', '事件类型: JobSubmissionEvent, 任务ID: 100, 任务名称: 文章每日生成, 执行于2025-02-12 00:12:05', '0', '', '2025-02-12 00:12:05');
INSERT INTO `sys_job_log` (`job_log_id`, `job_name`, `job_group`, `job_executor`, `invoke_target`, `job_args`, `job_kwargs`, `job_trigger`, `job_message`, `status`, `exception_info`, `create_time`) VALUES (309, '文章每日生成', 'default', 'default', 'module_task.scheduler_test:gen_article_job', '', '{}', 'cron[month=\'*\', day=\'1/1\', hour=\'0\', minute=\'0\', second=\'0\']', '事件类型: JobExecutionEvent, 任务ID: 100, 任务名称: 文章每日生成, 执行于2025-02-12 00:12:05', '0', '', '2025-02-12 00:12:05');
INSERT INTO `sys_job_log` (`job_log_id`, `job_name`, `job_group`, `job_executor`, `invoke_target`, `job_args`, `job_kwargs`, `job_trigger`, `job_message`, `status`, `exception_info`, `create_time`) VALUES (310, '文章每日生成', 'default', 'default', 'module_task.scheduler_test:gen_article_job', '', '{}', 'cron[month=\'*\', day=\'1/1\', hour=\'0\', minute=\'0\', second=\'0\']', '事件类型: JobSubmissionEvent, 任务ID: 100, 任务名称: 文章每日生成, 执行于2025-02-14 00:01:27', '0', '', '2025-02-14 00:01:27');
INSERT INTO `sys_job_log` (`job_log_id`, `job_name`, `job_group`, `job_executor`, `invoke_target`, `job_args`, `job_kwargs`, `job_trigger`, `job_message`, `status`, `exception_info`, `create_time`) VALUES (311, '文章每日生成', 'default', 'default', 'module_task.scheduler_test:gen_article_job', '', '{}', 'cron[month=\'*\', day=\'1/1\', hour=\'0\', minute=\'0\', second=\'0\']', '事件类型: JobExecutionEvent, 任务ID: 100, 任务名称: 文章每日生成, 执行于2025-02-14 00:01:27', '0', '', '2025-02-14 00:01:27');
INSERT INTO `sys_job_log` (`job_log_id`, `job_name`, `job_group`, `job_executor`, `invoke_target`, `job_args`, `job_kwargs`, `job_trigger`, `job_message`, `status`, `exception_info`, `create_time`) VALUES (312, '文章每日生成', 'default', 'default', 'module_task.scheduler_test:gen_article_job', '', '{}', 'cron[month=\'*\', day=\'1/1\', hour=\'0\', minute=\'0\', second=\'0\']', '事件类型: JobSubmissionEvent, 任务ID: 100, 任务名称: 文章每日生成, 执行于2025-02-15 00:02:04', '0', '', '2025-02-15 00:02:04');
INSERT INTO `sys_job_log` (`job_log_id`, `job_name`, `job_group`, `job_executor`, `invoke_target`, `job_args`, `job_kwargs`, `job_trigger`, `job_message`, `status`, `exception_info`, `create_time`) VALUES (313, '文章每日生成', 'default', 'default', 'module_task.scheduler_test:gen_article_job', '', '{}', 'cron[month=\'*\', day=\'1/1\', hour=\'0\', minute=\'0\', second=\'0\']', '事件类型: JobExecutionEvent, 任务ID: 100, 任务名称: 文章每日生成, 执行于2025-02-15 00:02:04', '0', '', '2025-02-15 00:02:04');
INSERT INTO `sys_job_log` (`job_log_id`, `job_name`, `job_group`, `job_executor`, `invoke_target`, `job_args`, `job_kwargs`, `job_trigger`, `job_message`, `status`, `exception_info`, `create_time`) VALUES (314, '文章每日生成', 'default', 'default', 'module_task.scheduler_test:gen_article_job', '', '{}', 'cron[month=\'*\', day=\'1/1\', hour=\'0\', minute=\'0\', second=\'0\']', '事件类型: JobSubmissionEvent, 任务ID: 100, 任务名称: 文章每日生成, 执行于2025-02-18 00:08:19', '0', '', '2025-02-18 00:08:19');
INSERT INTO `sys_job_log` (`job_log_id`, `job_name`, `job_group`, `job_executor`, `invoke_target`, `job_args`, `job_kwargs`, `job_trigger`, `job_message`, `status`, `exception_info`, `create_time`) VALUES (315, '文章每日生成', 'default', 'default', 'module_task.scheduler_test:gen_article_job', '', '{}', 'cron[month=\'*\', day=\'1/1\', hour=\'0\', minute=\'0\', second=\'0\']', '事件类型: JobExecutionEvent, 任务ID: 100, 任务名称: 文章每日生成, 执行于2025-02-18 00:08:19', '0', '', '2025-02-18 00:08:19');
INSERT INTO `sys_job_log` (`job_log_id`, `job_name`, `job_group`, `job_executor`, `invoke_target`, `job_args`, `job_kwargs`, `job_trigger`, `job_message`, `status`, `exception_info`, `create_time`) VALUES (316, '文章每日生成', 'default', 'default', 'module_task.scheduler_test:gen_article_job', '', '{}', 'cron[month=\'*\', day=\'1/1\', hour=\'0\', minute=\'0\', second=\'0\']', '事件类型: JobSubmissionEvent, 任务ID: 100, 任务名称: 文章每日生成, 执行于2025-02-19 00:00:00', '0', '', '2025-02-19 00:00:00');
INSERT INTO `sys_job_log` (`job_log_id`, `job_name`, `job_group`, `job_executor`, `invoke_target`, `job_args`, `job_kwargs`, `job_trigger`, `job_message`, `status`, `exception_info`, `create_time`) VALUES (317, '文章每日生成', 'default', 'default', 'module_task.scheduler_test:gen_article_job', '', '{}', 'cron[month=\'*\', day=\'1/1\', hour=\'0\', minute=\'0\', second=\'0\']', '事件类型: JobExecutionEvent, 任务ID: 100, 任务名称: 文章每日生成, 执行于2025-02-19 00:00:00', '0', '', '2025-02-19 00:00:00');
INSERT INTO `sys_job_log` (`job_log_id`, `job_name`, `job_group`, `job_executor`, `invoke_target`, `job_args`, `job_kwargs`, `job_trigger`, `job_message`, `status`, `exception_info`, `create_time`) VALUES (318, '文章每日生成', 'default', 'default', 'module_task.scheduler_test:gen_article_job', '', '{}', 'cron[month=\'*\', day=\'1/1\', hour=\'0\', minute=\'0\', second=\'0\']', '事件类型: JobSubmissionEvent, 任务ID: 100, 任务名称: 文章每日生成, 执行于2025-02-20 00:00:00', '0', '', '2025-02-20 00:00:00');
INSERT INTO `sys_job_log` (`job_log_id`, `job_name`, `job_group`, `job_executor`, `invoke_target`, `job_args`, `job_kwargs`, `job_trigger`, `job_message`, `status`, `exception_info`, `create_time`) VALUES (319, '文章每日生成', 'default', 'default', 'module_task.scheduler_test:gen_article_job', '', '{}', 'cron[month=\'*\', day=\'1/1\', hour=\'0\', minute=\'0\', second=\'0\']', '事件类型: JobExecutionEvent, 任务ID: 100, 任务名称: 文章每日生成, 执行于2025-02-20 00:00:00', '0', '', '2025-02-20 00:00:00');
INSERT INTO `sys_job_log` (`job_log_id`, `job_name`, `job_group`, `job_executor`, `invoke_target`, `job_args`, `job_kwargs`, `job_trigger`, `job_message`, `status`, `exception_info`, `create_time`) VALUES (320, '文章每日生成', 'default', 'default', 'module_task.scheduler_test:gen_article_job', '', '{}', 'cron[month=\'*\', day=\'1/1\', hour=\'0\', minute=\'0\', second=\'0\']', '事件类型: JobSubmissionEvent, 任务ID: 100, 任务名称: 文章每日生成, 执行于2025-02-21 00:00:00', '0', '', '2025-02-21 00:00:00');
INSERT INTO `sys_job_log` (`job_log_id`, `job_name`, `job_group`, `job_executor`, `invoke_target`, `job_args`, `job_kwargs`, `job_trigger`, `job_message`, `status`, `exception_info`, `create_time`) VALUES (321, '文章每日生成', 'default', 'default', 'module_task.scheduler_test:gen_article_job', '', '{}', 'cron[month=\'*\', day=\'1/1\', hour=\'0\', minute=\'0\', second=\'0\']', '事件类型: JobExecutionEvent, 任务ID: 100, 任务名称: 文章每日生成, 执行于2025-02-21 00:00:00', '0', '', '2025-02-21 00:00:00');
INSERT INTO `sys_job_log` (`job_log_id`, `job_name`, `job_group`, `job_executor`, `invoke_target`, `job_args`, `job_kwargs`, `job_trigger`, `job_message`, `status`, `exception_info`, `create_time`) VALUES (322, '文章每日生成', 'default', 'default', 'module_task.scheduler_test:gen_article_job', '', '{}', 'cron[month=\'*\', day=\'1/1\', hour=\'0\', minute=\'0\', second=\'0\']', '事件类型: JobSubmissionEvent, 任务ID: 100, 任务名称: 文章每日生成, 执行于2025-02-22 00:00:00', '0', '', '2025-02-22 00:00:00');
INSERT INTO `sys_job_log` (`job_log_id`, `job_name`, `job_group`, `job_executor`, `invoke_target`, `job_args`, `job_kwargs`, `job_trigger`, `job_message`, `status`, `exception_info`, `create_time`) VALUES (323, '文章每日生成', 'default', 'default', 'module_task.scheduler_test:gen_article_job', '', '{}', 'cron[month=\'*\', day=\'1/1\', hour=\'0\', minute=\'0\', second=\'0\']', '事件类型: JobExecutionEvent, 任务ID: 100, 任务名称: 文章每日生成, 执行于2025-02-22 00:00:00', '0', '', '2025-02-22 00:00:00');
INSERT INTO `sys_job_log` (`job_log_id`, `job_name`, `job_group`, `job_executor`, `invoke_target`, `job_args`, `job_kwargs`, `job_trigger`, `job_message`, `status`, `exception_info`, `create_time`) VALUES (324, '文章每日生成', 'default', 'default', 'module_task.scheduler_test:gen_article_job', '', '{}', 'cron[month=\'*\', day=\'1/1\', hour=\'0\', minute=\'0\', second=\'0\']', '事件类型: JobSubmissionEvent, 任务ID: 100, 任务名称: 文章每日生成, 执行于2025-02-23 00:00:00', '0', '', '2025-02-23 00:00:00');
INSERT INTO `sys_job_log` (`job_log_id`, `job_name`, `job_group`, `job_executor`, `invoke_target`, `job_args`, `job_kwargs`, `job_trigger`, `job_message`, `status`, `exception_info`, `create_time`) VALUES (325, '文章每日生成', 'default', 'default', 'module_task.scheduler_test:gen_article_job', '', '{}', 'cron[month=\'*\', day=\'1/1\', hour=\'0\', minute=\'0\', second=\'0\']', '事件类型: JobExecutionEvent, 任务ID: 100, 任务名称: 文章每日生成, 执行于2025-02-23 00:00:00', '0', '', '2025-02-23 00:00:00');
INSERT INTO `sys_job_log` (`job_log_id`, `job_name`, `job_group`, `job_executor`, `invoke_target`, `job_args`, `job_kwargs`, `job_trigger`, `job_message`, `status`, `exception_info`, `create_time`) VALUES (326, '文章每日生成', 'default', 'default', 'module_task.scheduler_test:gen_article_job', '', '{}', 'cron[month=\'*\', day=\'1/1\', hour=\'0\', minute=\'0\', second=\'0\']', '事件类型: JobSubmissionEvent, 任务ID: 100, 任务名称: 文章每日生成, 执行于2025-02-24 00:00:00', '0', '', '2025-02-24 00:00:00');
INSERT INTO `sys_job_log` (`job_log_id`, `job_name`, `job_group`, `job_executor`, `invoke_target`, `job_args`, `job_kwargs`, `job_trigger`, `job_message`, `status`, `exception_info`, `create_time`) VALUES (327, '文章每日生成', 'default', 'default', 'module_task.scheduler_test:gen_article_job', '', '{}', 'cron[month=\'*\', day=\'1/1\', hour=\'0\', minute=\'0\', second=\'0\']', '事件类型: JobExecutionEvent, 任务ID: 100, 任务名称: 文章每日生成, 执行于2025-02-24 00:00:00', '0', '', '2025-02-24 00:00:00');
INSERT INTO `sys_job_log` (`job_log_id`, `job_name`, `job_group`, `job_executor`, `invoke_target`, `job_args`, `job_kwargs`, `job_trigger`, `job_message`, `status`, `exception_info`, `create_time`) VALUES (328, '文章每日生成', 'default', 'default', 'module_task.scheduler_test:gen_article_job', '', '{}', 'cron[month=\'*\', day=\'1/1\', hour=\'0\', minute=\'0\', second=\'0\']', '事件类型: JobSubmissionEvent, 任务ID: 100, 任务名称: 文章每日生成, 执行于2025-02-25 00:00:00', '0', '', '2025-02-25 00:00:00');
INSERT INTO `sys_job_log` (`job_log_id`, `job_name`, `job_group`, `job_executor`, `invoke_target`, `job_args`, `job_kwargs`, `job_trigger`, `job_message`, `status`, `exception_info`, `create_time`) VALUES (329, '文章每日生成', 'default', 'default', 'module_task.scheduler_test:gen_article_job', '', '{}', 'cron[month=\'*\', day=\'1/1\', hour=\'0\', minute=\'0\', second=\'0\']', '事件类型: JobExecutionEvent, 任务ID: 100, 任务名称: 文章每日生成, 执行于2025-02-25 00:00:00', '0', '', '2025-02-25 00:00:00');
INSERT INTO `sys_job_log` (`job_log_id`, `job_name`, `job_group`, `job_executor`, `invoke_target`, `job_args`, `job_kwargs`, `job_trigger`, `job_message`, `status`, `exception_info`, `create_time`) VALUES (330, '文章每日生成', 'default', 'default', 'module_task.scheduler_test:gen_article_job', '', '{}', 'cron[month=\'*\', day=\'1/1\', hour=\'0\', minute=\'0\', second=\'0\']', '事件类型: JobSubmissionEvent, 任务ID: 100, 任务名称: 文章每日生成, 执行于2025-02-26 00:00:00', '0', '', '2025-02-26 00:00:00');
INSERT INTO `sys_job_log` (`job_log_id`, `job_name`, `job_group`, `job_executor`, `invoke_target`, `job_args`, `job_kwargs`, `job_trigger`, `job_message`, `status`, `exception_info`, `create_time`) VALUES (331, '文章每日生成', 'default', 'default', 'module_task.scheduler_test:gen_article_job', '', '{}', 'cron[month=\'*\', day=\'1/1\', hour=\'0\', minute=\'0\', second=\'0\']', '事件类型: JobExecutionEvent, 任务ID: 100, 任务名称: 文章每日生成, 执行于2025-02-26 00:00:00', '0', '', '2025-02-26 00:00:00');
INSERT INTO `sys_job_log` (`job_log_id`, `job_name`, `job_group`, `job_executor`, `invoke_target`, `job_args`, `job_kwargs`, `job_trigger`, `job_message`, `status`, `exception_info`, `create_time`) VALUES (332, '文章每日生成', 'default', 'default', 'module_task.scheduler_test:gen_article_job', '', '{}', 'cron[month=\'*\', day=\'1/1\', hour=\'0\', minute=\'0\', second=\'0\']', '事件类型: JobSubmissionEvent, 任务ID: 100, 任务名称: 文章每日生成, 执行于2025-02-27 00:00:00', '0', '', '2025-02-27 00:00:00');
INSERT INTO `sys_job_log` (`job_log_id`, `job_name`, `job_group`, `job_executor`, `invoke_target`, `job_args`, `job_kwargs`, `job_trigger`, `job_message`, `status`, `exception_info`, `create_time`) VALUES (333, '文章每日生成', 'default', 'default', 'module_task.scheduler_test:gen_article_job', '', '{}', 'cron[month=\'*\', day=\'1/1\', hour=\'0\', minute=\'0\', second=\'0\']', '事件类型: JobExecutionEvent, 任务ID: 100, 任务名称: 文章每日生成, 执行于2025-02-27 00:00:00', '0', '', '2025-02-27 00:00:00');
INSERT INTO `sys_job_log` (`job_log_id`, `job_name`, `job_group`, `job_executor`, `invoke_target`, `job_args`, `job_kwargs`, `job_trigger`, `job_message`, `status`, `exception_info`, `create_time`) VALUES (334, '文章每日生成', 'default', 'default', 'module_task.scheduler_test:gen_article_job', '', '{}', 'cron[month=\'*\', day=\'1/1\', hour=\'0\', minute=\'0\', second=\'0\']', '事件类型: JobSubmissionEvent, 任务ID: 100, 任务名称: 文章每日生成, 执行于2025-02-28 00:00:00', '0', '', '2025-02-28 00:00:00');
INSERT INTO `sys_job_log` (`job_log_id`, `job_name`, `job_group`, `job_executor`, `invoke_target`, `job_args`, `job_kwargs`, `job_trigger`, `job_message`, `status`, `exception_info`, `create_time`) VALUES (335, '文章每日生成', 'default', 'default', 'module_task.scheduler_test:gen_article_job', '', '{}', 'cron[month=\'*\', day=\'1/1\', hour=\'0\', minute=\'0\', second=\'0\']', '事件类型: JobExecutionEvent, 任务ID: 100, 任务名称: 文章每日生成, 执行于2025-02-28 00:00:00', '0', '', '2025-02-28 00:00:00');
INSERT INTO `sys_job_log` (`job_log_id`, `job_name`, `job_group`, `job_executor`, `invoke_target`, `job_args`, `job_kwargs`, `job_trigger`, `job_message`, `status`, `exception_info`, `create_time`) VALUES (336, '文章每日生成', 'default', 'default', 'module_task.scheduler_test:gen_article_job', '', '{}', 'cron[month=\'*\', day=\'1/1\', hour=\'0\', minute=\'0\', second=\'0\']', '事件类型: JobSubmissionEvent, 任务ID: 100, 任务名称: 文章每日生成, 执行于2025-03-01 00:00:00', '0', '', '2025-03-01 00:00:00');
INSERT INTO `sys_job_log` (`job_log_id`, `job_name`, `job_group`, `job_executor`, `invoke_target`, `job_args`, `job_kwargs`, `job_trigger`, `job_message`, `status`, `exception_info`, `create_time`) VALUES (337, '文章每日生成', 'default', 'default', 'module_task.scheduler_test:gen_article_job', '', '{}', 'cron[month=\'*\', day=\'1/1\', hour=\'0\', minute=\'0\', second=\'0\']', '事件类型: JobExecutionEvent, 任务ID: 100, 任务名称: 文章每日生成, 执行于2025-03-01 00:00:00', '0', '', '2025-03-01 00:00:00');
INSERT INTO `sys_job_log` (`job_log_id`, `job_name`, `job_group`, `job_executor`, `invoke_target`, `job_args`, `job_kwargs`, `job_trigger`, `job_message`, `status`, `exception_info`, `create_time`) VALUES (338, '文章每日生成', 'default', 'default', 'module_task.scheduler_test:gen_article_job', '', '{}', 'cron[month=\'*\', day=\'1/1\', hour=\'0\', minute=\'0\', second=\'0\']', '事件类型: JobSubmissionEvent, 任务ID: 100, 任务名称: 文章每日生成, 执行于2025-03-02 00:00:00', '0', '', '2025-03-02 00:00:00');
INSERT INTO `sys_job_log` (`job_log_id`, `job_name`, `job_group`, `job_executor`, `invoke_target`, `job_args`, `job_kwargs`, `job_trigger`, `job_message`, `status`, `exception_info`, `create_time`) VALUES (339, '文章每日生成', 'default', 'default', 'module_task.scheduler_test:gen_article_job', '', '{}', 'cron[month=\'*\', day=\'1/1\', hour=\'0\', minute=\'0\', second=\'0\']', '事件类型: JobExecutionEvent, 任务ID: 100, 任务名称: 文章每日生成, 执行于2025-03-02 00:00:00', '0', '', '2025-03-02 00:00:00');
INSERT INTO `sys_job_log` (`job_log_id`, `job_name`, `job_group`, `job_executor`, `invoke_target`, `job_args`, `job_kwargs`, `job_trigger`, `job_message`, `status`, `exception_info`, `create_time`) VALUES (340, '文章每日生成', 'default', 'default', 'module_task.scheduler_test:gen_article_job', '', '{}', 'cron[month=\'*\', day=\'1/1\', hour=\'0\', minute=\'0\', second=\'0\']', '事件类型: JobSubmissionEvent, 任务ID: 100, 任务名称: 文章每日生成, 执行于2025-03-03 00:00:00', '0', '', '2025-03-03 00:00:00');
INSERT INTO `sys_job_log` (`job_log_id`, `job_name`, `job_group`, `job_executor`, `invoke_target`, `job_args`, `job_kwargs`, `job_trigger`, `job_message`, `status`, `exception_info`, `create_time`) VALUES (341, '文章每日生成', 'default', 'default', 'module_task.scheduler_test:gen_article_job', '', '{}', 'cron[month=\'*\', day=\'1/1\', hour=\'0\', minute=\'0\', second=\'0\']', '事件类型: JobExecutionEvent, 任务ID: 100, 任务名称: 文章每日生成, 执行于2025-03-03 00:00:00', '0', '', '2025-03-03 00:00:00');
INSERT INTO `sys_job_log` (`job_log_id`, `job_name`, `job_group`, `job_executor`, `invoke_target`, `job_args`, `job_kwargs`, `job_trigger`, `job_message`, `status`, `exception_info`, `create_time`) VALUES (342, '文章每日生成', 'default', 'default', 'module_task.scheduler_test:gen_article_job', '', '{}', 'cron[month=\'*\', day=\'1/1\', hour=\'0\', minute=\'0\', second=\'0\']', '事件类型: JobSubmissionEvent, 任务ID: 100, 任务名称: 文章每日生成, 执行于2025-03-04 00:00:00', '0', '', '2025-03-04 00:00:00');
INSERT INTO `sys_job_log` (`job_log_id`, `job_name`, `job_group`, `job_executor`, `invoke_target`, `job_args`, `job_kwargs`, `job_trigger`, `job_message`, `status`, `exception_info`, `create_time`) VALUES (343, '文章每日生成', 'default', 'default', 'module_task.scheduler_test:gen_article_job', '', '{}', 'cron[month=\'*\', day=\'1/1\', hour=\'0\', minute=\'0\', second=\'0\']', '事件类型: JobExecutionEvent, 任务ID: 100, 任务名称: 文章每日生成, 执行于2025-03-04 00:00:00', '0', '', '2025-03-04 00:00:00');
INSERT INTO `sys_job_log` (`job_log_id`, `job_name`, `job_group`, `job_executor`, `invoke_target`, `job_args`, `job_kwargs`, `job_trigger`, `job_message`, `status`, `exception_info`, `create_time`) VALUES (344, '文章每日生成', 'default', 'default', 'module_task.scheduler_test:gen_article_job', '', '{}', 'cron[month=\'*\', day=\'1/1\', hour=\'0\', minute=\'0\', second=\'0\']', '事件类型: JobSubmissionEvent, 任务ID: 100, 任务名称: 文章每日生成, 执行于2025-03-05 00:00:00', '0', '', '2025-03-05 00:00:00');
INSERT INTO `sys_job_log` (`job_log_id`, `job_name`, `job_group`, `job_executor`, `invoke_target`, `job_args`, `job_kwargs`, `job_trigger`, `job_message`, `status`, `exception_info`, `create_time`) VALUES (345, '文章每日生成', 'default', 'default', 'module_task.scheduler_test:gen_article_job', '', '{}', 'cron[month=\'*\', day=\'1/1\', hour=\'0\', minute=\'0\', second=\'0\']', '事件类型: JobExecutionEvent, 任务ID: 100, 任务名称: 文章每日生成, 执行于2025-03-05 00:00:00', '0', '', '2025-03-05 00:00:01');
INSERT INTO `sys_job_log` (`job_log_id`, `job_name`, `job_group`, `job_executor`, `invoke_target`, `job_args`, `job_kwargs`, `job_trigger`, `job_message`, `status`, `exception_info`, `create_time`) VALUES (346, '文章每日生成', 'default', 'default', 'module_task.scheduler_test:gen_article_job', '', '{}', 'cron[month=\'*\', day=\'1/1\', hour=\'0\', minute=\'0\', second=\'0\']', '事件类型: JobSubmissionEvent, 任务ID: 100, 任务名称: 文章每日生成, 执行于2025-03-06 00:00:00', '0', '', '2025-03-06 00:00:00');
INSERT INTO `sys_job_log` (`job_log_id`, `job_name`, `job_group`, `job_executor`, `invoke_target`, `job_args`, `job_kwargs`, `job_trigger`, `job_message`, `status`, `exception_info`, `create_time`) VALUES (347, '文章每日生成', 'default', 'default', 'module_task.scheduler_test:gen_article_job', '', '{}', 'cron[month=\'*\', day=\'1/1\', hour=\'0\', minute=\'0\', second=\'0\']', '事件类型: JobExecutionEvent, 任务ID: 100, 任务名称: 文章每日生成, 执行于2025-03-06 00:00:00', '0', '', '2025-03-06 00:00:00');
INSERT INTO `sys_job_log` (`job_log_id`, `job_name`, `job_group`, `job_executor`, `invoke_target`, `job_args`, `job_kwargs`, `job_trigger`, `job_message`, `status`, `exception_info`, `create_time`) VALUES (348, '文章每日生成', 'default', 'default', 'module_task.scheduler_test:gen_article_job', '', '{}', 'cron[month=\'*\', day=\'1/1\', hour=\'0\', minute=\'0\', second=\'0\']', '事件类型: JobSubmissionEvent, 任务ID: 100, 任务名称: 文章每日生成, 执行于2025-03-06 00:02:24', '0', '', '2025-03-06 00:02:24');
INSERT INTO `sys_job_log` (`job_log_id`, `job_name`, `job_group`, `job_executor`, `invoke_target`, `job_args`, `job_kwargs`, `job_trigger`, `job_message`, `status`, `exception_info`, `create_time`) VALUES (349, '文章每日生成', 'default', 'default', 'module_task.scheduler_test:gen_article_job', '', '{}', 'cron[month=\'*\', day=\'1/1\', hour=\'0\', minute=\'0\', second=\'0\']', '事件类型: JobExecutionEvent, 任务ID: 100, 任务名称: 文章每日生成, 执行于2025-03-06 00:02:24', '0', '', '2025-03-06 00:02:25');
INSERT INTO `sys_job_log` (`job_log_id`, `job_name`, `job_group`, `job_executor`, `invoke_target`, `job_args`, `job_kwargs`, `job_trigger`, `job_message`, `status`, `exception_info`, `create_time`) VALUES (350, '文章每日生成', 'default', 'default', 'module_task.scheduler_test:gen_article_job', '', '{}', 'cron[month=\'*\', day=\'1/1\', hour=\'0\', minute=\'0\', second=\'0\']', '事件类型: JobSubmissionEvent, 任务ID: 100, 任务名称: 文章每日生成, 执行于2025-03-07 00:00:00', '0', '', '2025-03-07 00:00:00');
INSERT INTO `sys_job_log` (`job_log_id`, `job_name`, `job_group`, `job_executor`, `invoke_target`, `job_args`, `job_kwargs`, `job_trigger`, `job_message`, `status`, `exception_info`, `create_time`) VALUES (351, '文章每日生成', 'default', 'default', 'module_task.scheduler_test:gen_article_job', '', '{}', 'cron[month=\'*\', day=\'1/1\', hour=\'0\', minute=\'0\', second=\'0\']', '事件类型: JobExecutionEvent, 任务ID: 100, 任务名称: 文章每日生成, 执行于2025-03-07 00:00:00', '0', '', '2025-03-07 00:00:00');
INSERT INTO `sys_job_log` (`job_log_id`, `job_name`, `job_group`, `job_executor`, `invoke_target`, `job_args`, `job_kwargs`, `job_trigger`, `job_message`, `status`, `exception_info`, `create_time`) VALUES (352, '文章每日生成', 'default', 'default', 'module_task.scheduler_test:gen_article_job', '', '{}', 'cron[month=\'*\', day=\'1/1\', hour=\'0\', minute=\'0\', second=\'0\']', '事件类型: JobSubmissionEvent, 任务ID: 100, 任务名称: 文章每日生成, 执行于2025-03-07 00:06:54', '0', '', '2025-03-07 00:06:54');
INSERT INTO `sys_job_log` (`job_log_id`, `job_name`, `job_group`, `job_executor`, `invoke_target`, `job_args`, `job_kwargs`, `job_trigger`, `job_message`, `status`, `exception_info`, `create_time`) VALUES (353, '文章每日生成', 'default', 'default', 'module_task.scheduler_test:gen_article_job', '', '{}', 'cron[month=\'*\', day=\'1/1\', hour=\'0\', minute=\'0\', second=\'0\']', '事件类型: JobExecutionEvent, 任务ID: 100, 任务名称: 文章每日生成, 执行于2025-03-07 00:06:54', '0', '', '2025-03-07 00:06:55');
INSERT INTO `sys_job_log` (`job_log_id`, `job_name`, `job_group`, `job_executor`, `invoke_target`, `job_args`, `job_kwargs`, `job_trigger`, `job_message`, `status`, `exception_info`, `create_time`) VALUES (354, '文章每日生成', 'default', 'default', 'module_task.scheduler_test:gen_article_job', '', '{}', 'cron[month=\'*\', day=\'1/1\', hour=\'0\', minute=\'0\', second=\'0\']', '事件类型: JobSubmissionEvent, 任务ID: 100, 任务名称: 文章每日生成, 执行于2025-03-08 00:00:00', '0', '', '2025-03-08 00:00:00');
INSERT INTO `sys_job_log` (`job_log_id`, `job_name`, `job_group`, `job_executor`, `invoke_target`, `job_args`, `job_kwargs`, `job_trigger`, `job_message`, `status`, `exception_info`, `create_time`) VALUES (355, '文章每日生成', 'default', 'default', 'module_task.scheduler_test:gen_article_job', '', '{}', 'cron[month=\'*\', day=\'1/1\', hour=\'0\', minute=\'0\', second=\'0\']', '事件类型: JobExecutionEvent, 任务ID: 100, 任务名称: 文章每日生成, 执行于2025-03-08 00:00:00', '0', '', '2025-03-08 00:00:01');
INSERT INTO `sys_job_log` (`job_log_id`, `job_name`, `job_group`, `job_executor`, `invoke_target`, `job_args`, `job_kwargs`, `job_trigger`, `job_message`, `status`, `exception_info`, `create_time`) VALUES (356, '文章每日生成', 'default', 'default', 'module_task.scheduler_test:gen_article_job', '', '{}', 'cron[month=\'*\', day=\'1/1\', hour=\'0\', minute=\'0\', second=\'0\']', '事件类型: JobSubmissionEvent, 任务ID: 100, 任务名称: 文章每日生成, 执行于2025-03-08 00:00:18', '0', '', '2025-03-08 00:00:18');
INSERT INTO `sys_job_log` (`job_log_id`, `job_name`, `job_group`, `job_executor`, `invoke_target`, `job_args`, `job_kwargs`, `job_trigger`, `job_message`, `status`, `exception_info`, `create_time`) VALUES (357, '文章每日生成', 'default', 'default', 'module_task.scheduler_test:gen_article_job', '', '{}', 'cron[month=\'*\', day=\'1/1\', hour=\'0\', minute=\'0\', second=\'0\']', '事件类型: JobExecutionEvent, 任务ID: 100, 任务名称: 文章每日生成, 执行于2025-03-08 00:00:18', '0', '', '2025-03-08 00:00:19');
COMMIT;

-- ----------------------------
-- Table structure for sys_logininfor
-- ----------------------------
DROP TABLE IF EXISTS `sys_logininfor`;
CREATE TABLE `sys_logininfor` (
  `info_id` bigint(20) NOT NULL AUTO_INCREMENT COMMENT '访问ID',
  `user_name` varchar(50) DEFAULT '' COMMENT '用户账号',
  `ipaddr` varchar(128) DEFAULT '' COMMENT '登录IP地址',
  `login_location` varchar(255) DEFAULT '' COMMENT '登录地点',
  `browser` varchar(50) DEFAULT '' COMMENT '浏览器类型',
  `os` varchar(50) DEFAULT '' COMMENT '操作系统',
  `status` char(1) DEFAULT '0' COMMENT '登录状态（0成功 1失败）',
  `msg` varchar(255) DEFAULT '' COMMENT '提示消息',
  `login_time` datetime DEFAULT NULL COMMENT '访问时间',
  PRIMARY KEY (`info_id`) USING BTREE,
  KEY `idx_sys_logininfor_s` (`status`) USING BTREE,
  KEY `idx_sys_logininfor_lt` (`login_time`) USING BTREE
) ENGINE=InnoDB AUTO_INCREMENT=597 DEFAULT CHARSET=utf8mb4 COMMENT='系统访问记录';

-- ----------------------------
-- Records of sys_logininfor
-- ----------------------------
BEGIN;
INSERT INTO `sys_logininfor` (`info_id`, `user_name`, `ipaddr`, `login_location`, `browser`, `os`, `status`, `msg`, `login_time`) VALUES (185, 'admin', '', '内网IP', 'Chrome 131', 'Mac OS X 10', '0', '登录成功', '2025-01-13 13:47:45');
INSERT INTO `sys_logininfor` (`info_id`, `user_name`, `ipaddr`, `login_location`, `browser`, `os`, `status`, `msg`, `login_time`) VALUES (186, 'admin', '', '内网IP', 'Chrome 131', 'Mac OS X 10', '0', '登录成功', '2025-01-20 10:46:46');
INSERT INTO `sys_logininfor` (`info_id`, `user_name`, `ipaddr`, `login_location`, `browser`, `os`, `status`, `msg`, `login_time`) VALUES (187, 'admin', '', '内网IP', 'Chrome 131', 'Mac OS X 10', '0', '登录成功', '2025-01-20 16:15:55');
INSERT INTO `sys_logininfor` (`info_id`, `user_name`, `ipaddr`, `login_location`, `browser`, `os`, `status`, `msg`, `login_time`) VALUES (188, 'admin', '', '内网IP', 'Chrome 131', 'Mac OS X 10', '1', '密码错误', '2025-02-02 22:59:51');
INSERT INTO `sys_logininfor` (`info_id`, `user_name`, `ipaddr`, `login_location`, `browser`, `os`, `status`, `msg`, `login_time`) VALUES (189, 'admin', '', '内网IP', 'Chrome 131', 'Mac OS X 10', '1', '验证码错误', '2025-02-02 23:00:09');
INSERT INTO `sys_logininfor` (`info_id`, `user_name`, `ipaddr`, `login_location`, `browser`, `os`, `status`, `msg`, `login_time`) VALUES (190, 'admin', '', '内网IP', 'Chrome 131', 'Mac OS X 10', '1', '密码错误', '2025-02-02 23:00:20');
INSERT INTO `sys_logininfor` (`info_id`, `user_name`, `ipaddr`, `login_location`, `browser`, `os`, `status`, `msg`, `login_time`) VALUES (191, 'admin', '', '内网IP', 'Chrome 131', 'Mac OS X 10', '1', '密码错误', '2025-02-02 23:01:26');
INSERT INTO `sys_logininfor` (`info_id`, `user_name`, `ipaddr`, `login_location`, `browser`, `os`, `status`, `msg`, `login_time`) VALUES (192, 'admin', '', '内网IP', 'Chrome 131', 'Mac OS X 10', '1', '密码错误', '2025-02-02 23:02:13');
INSERT INTO `sys_logininfor` (`info_id`, `user_name`, `ipaddr`, `login_location`, `browser`, `os`, `status`, `msg`, `login_time`) VALUES (193, 'admin', '', '内网IP', 'Chrome 131', 'Mac OS X 10', '1', '密码错误', '2025-02-05 08:29:35');
INSERT INTO `sys_logininfor` (`info_id`, `user_name`, `ipaddr`, `login_location`, `browser`, `os`, `status`, `msg`, `login_time`) VALUES (194, 'admin', '', '内网IP', 'Chrome 131', 'Mac OS X 10', '1', '密码错误', '2025-02-05 08:29:47');
INSERT INTO `sys_logininfor` (`info_id`, `user_name`, `ipaddr`, `login_location`, `browser`, `os`, `status`, `msg`, `login_time`) VALUES (195, 'admin', '', '内网IP', 'Chrome 131', 'Mac OS X 10', '0', '登录成功', '2025-02-05 08:29:55');
INSERT INTO `sys_logininfor` (`info_id`, `user_name`, `ipaddr`, `login_location`, `browser`, `os`, `status`, `msg`, `login_time`) VALUES (196, 'admin', '', '内网IP', 'Chrome 132', 'Mac OS X 10', '1', '密码错误', '2025-02-10 11:08:40');
INSERT INTO `sys_logininfor` (`info_id`, `user_name`, `ipaddr`, `login_location`, `browser`, `os`, `status`, `msg`, `login_time`) VALUES (197, 'admin', '', '内网IP', 'Chrome 132', 'Mac OS X 10', '0', '登录成功', '2025-02-10 11:08:51');
INSERT INTO `sys_logininfor` (`info_id`, `user_name`, `ipaddr`, `login_location`, `browser`, `os`, `status`, `msg`, `login_time`) VALUES (198, 'richard', '', '内网IP', 'Chrome 133', 'Mac OS X 10', '0', '登录成功', '2025-02-18 21:53:46');
INSERT INTO `sys_logininfor` (`info_id`, `user_name`, `ipaddr`, `login_location`, `browser`, `os`, `status`, `msg`, `login_time`) VALUES (199, 'richard', '', '内网IP', 'Chrome 133', 'Mac OS X 10', '1', '验证码已失效', '2025-02-18 22:34:53');
INSERT INTO `sys_logininfor` (`info_id`, `user_name`, `ipaddr`, `login_location`, `browser`, `os`, `status`, `msg`, `login_time`) VALUES (200, 'richard', '', '内网IP', 'Chrome 133', 'Mac OS X 10', '0', '登录成功', '2025-02-18 22:34:58');
INSERT INTO `sys_logininfor` (`info_id`, `user_name`, `ipaddr`, `login_location`, `browser`, `os`, `status`, `msg`, `login_time`) VALUES (201, 'admin', '', '内网IP', 'Chrome 133', 'Mac OS X 10', '0', '登录成功', '2025-02-18 23:05:42');
INSERT INTO `sys_logininfor` (`info_id`, `user_name`, `ipaddr`, `login_location`, `browser`, `os`, `status`, `msg`, `login_time`) VALUES (202, 'richard', '', '内网IP', 'Chrome 133', 'Mac OS X 10', '0', '登录成功', '2025-02-18 23:16:24');
INSERT INTO `sys_logininfor` (`info_id`, `user_name`, `ipaddr`, `login_location`, `browser`, `os`, `status`, `msg`, `login_time`) VALUES (203, 'admin', '', '内网IP', 'Chrome 133', 'Mac OS X 10', '0', '登录成功', '2025-02-18 23:40:50');
INSERT INTO `sys_logininfor` (`info_id`, `user_name`, `ipaddr`, `login_location`, `browser`, `os`, `status`, `msg`, `login_time`) VALUES (204, 'admin', '', '内网IP', 'Chrome 133', 'Mac OS X 10', '0', '登录成功', '2025-02-19 00:00:11');
INSERT INTO `sys_logininfor` (`info_id`, `user_name`, `ipaddr`, `login_location`, `browser`, `os`, `status`, `msg`, `login_time`) VALUES (205, 'admin', '', '内网IP', 'Chrome 133', 'Mac OS X 10', '0', '登录成功', '2025-02-19 00:00:47');
INSERT INTO `sys_logininfor` (`info_id`, `user_name`, `ipaddr`, `login_location`, `browser`, `os`, `status`, `msg`, `login_time`) VALUES (206, 'richard', '', '内网IP', 'Chrome 133', 'Mac OS X 10', '0', '登录成功', '2025-02-19 00:01:05');
INSERT INTO `sys_logininfor` (`info_id`, `user_name`, `ipaddr`, `login_location`, `browser`, `os`, `status`, `msg`, `login_time`) VALUES (207, 'admin', '125.88.24.68', '内网IP', 'Chrome 133', 'Windows 10', '0', '登录成功', '2025-02-19 00:33:19');
INSERT INTO `sys_logininfor` (`info_id`, `user_name`, `ipaddr`, `login_location`, `browser`, `os`, `status`, `msg`, `login_time`) VALUES (208, 'admin', '124.227.180.89', '内网IP', 'Edge 133', 'Windows 10', '1', '密码错误', '2025-02-19 01:20:36');
INSERT INTO `sys_logininfor` (`info_id`, `user_name`, `ipaddr`, `login_location`, `browser`, `os`, `status`, `msg`, `login_time`) VALUES (209, 'admin', '124.227.180.89', '内网IP', 'Edge 133', 'Windows 10', '1', '密码错误', '2025-02-19 01:20:41');
INSERT INTO `sys_logininfor` (`info_id`, `user_name`, `ipaddr`, `login_location`, `browser`, `os`, `status`, `msg`, `login_time`) VALUES (210, 'admin', '124.227.180.89', '内网IP', 'Edge 133', 'Windows 10', '1', '验证码错误', '2025-02-19 01:20:53');
INSERT INTO `sys_logininfor` (`info_id`, `user_name`, `ipaddr`, `login_location`, `browser`, `os`, `status`, `msg`, `login_time`) VALUES (211, 'admin', '124.227.180.89', '内网IP', 'Edge 133', 'Windows 10', '0', '登录成功', '2025-02-19 01:20:55');
INSERT INTO `sys_logininfor` (`info_id`, `user_name`, `ipaddr`, `login_location`, `browser`, `os`, `status`, `msg`, `login_time`) VALUES (212, 'admin', '183.216.25.0', '内网IP', 'MiuiBrowser 19', 'Android 15', '0', '登录成功', '2025-02-19 03:25:25');
INSERT INTO `sys_logininfor` (`info_id`, `user_name`, `ipaddr`, `login_location`, `browser`, `os`, `status`, `msg`, `login_time`) VALUES (213, 'admin', '58.248.180.197', '内网IP', 'Chrome 133', 'Windows 10', '0', '登录成功', '2025-02-19 08:47:55');
INSERT INTO `sys_logininfor` (`info_id`, `user_name`, `ipaddr`, `login_location`, `browser`, `os`, `status`, `msg`, `login_time`) VALUES (214, 'admin', '45.91.81.141', '内网IP', 'Chrome 130', 'Mac OS X 10', '0', '登录成功', '2025-02-19 08:57:31');
INSERT INTO `sys_logininfor` (`info_id`, `user_name`, `ipaddr`, `login_location`, `browser`, `os`, `status`, `msg`, `login_time`) VALUES (215, 'admin', '163.142.111.54', '内网IP', 'Edge 131', 'Windows 10', '0', '登录成功', '2025-02-19 09:34:05');
INSERT INTO `sys_logininfor` (`info_id`, `user_name`, `ipaddr`, `login_location`, `browser`, `os`, `status`, `msg`, `login_time`) VALUES (216, 'admin', '103.127.219.59', '内网IP', 'Chrome 131', 'Linux', '0', '登录成功', '2025-02-19 09:54:03');
INSERT INTO `sys_logininfor` (`info_id`, `user_name`, `ipaddr`, `login_location`, `browser`, `os`, `status`, `msg`, `login_time`) VALUES (217, 'admin', '183.62.127.26', '内网IP', 'Chrome 117', 'Windows 10', '0', '登录成功', '2025-02-19 10:22:11');
INSERT INTO `sys_logininfor` (`info_id`, `user_name`, `ipaddr`, `login_location`, `browser`, `os`, `status`, `msg`, `login_time`) VALUES (218, 'admin', '218.7.150.243', '内网IP', 'Chrome 122', 'Windows 7', '0', '登录成功', '2025-02-19 10:32:50');
INSERT INTO `sys_logininfor` (`info_id`, `user_name`, `ipaddr`, `login_location`, `browser`, `os`, `status`, `msg`, `login_time`) VALUES (219, 'admin', '180.139.214.178', '内网IP', 'Sogou Explorer 1', 'Windows 10', '0', '登录成功', '2025-02-19 12:35:54');
INSERT INTO `sys_logininfor` (`info_id`, `user_name`, `ipaddr`, `login_location`, `browser`, `os`, `status`, `msg`, `login_time`) VALUES (220, 'admin', '124.64.234.39', '内网IP', 'Firefox 135', 'Windows 10', '0', '登录成功', '2025-02-19 13:03:49');
INSERT INTO `sys_logininfor` (`info_id`, `user_name`, `ipaddr`, `login_location`, `browser`, `os`, `status`, `msg`, `login_time`) VALUES (221, 'admin', '124.64.234.39', '内网IP', 'Firefox 135', 'Windows 10', '0', '登录成功', '2025-02-19 13:25:00');
INSERT INTO `sys_logininfor` (`info_id`, `user_name`, `ipaddr`, `login_location`, `browser`, `os`, `status`, `msg`, `login_time`) VALUES (222, 'admin', '124.64.234.39', '内网IP', 'Firefox 135', 'Windows 10', '0', '登录成功', '2025-02-19 13:30:47');
INSERT INTO `sys_logininfor` (`info_id`, `user_name`, `ipaddr`, `login_location`, `browser`, `os`, `status`, `msg`, `login_time`) VALUES (223, 'admin', '117.67.155.178', '内网IP', 'Chrome 133', 'Mac OS X 10', '0', '登录成功', '2025-02-19 13:56:13');
INSERT INTO `sys_logininfor` (`info_id`, `user_name`, `ipaddr`, `login_location`, `browser`, `os`, `status`, `msg`, `login_time`) VALUES (224, 'admin', '36.161.88.247', '内网IP', 'QQ Browser 13', 'Windows 10', '0', '登录成功', '2025-02-19 14:05:39');
INSERT INTO `sys_logininfor` (`info_id`, `user_name`, `ipaddr`, `login_location`, `browser`, `os`, `status`, `msg`, `login_time`) VALUES (225, 'admin', '113.84.136.199', '内网IP', 'Edge 133', 'Windows 10', '0', '登录成功', '2025-02-19 14:53:55');
INSERT INTO `sys_logininfor` (`info_id`, `user_name`, `ipaddr`, `login_location`, `browser`, `os`, `status`, `msg`, `login_time`) VALUES (226, 'admin', '119.126.114.59', '内网IP', 'Chrome 131', 'Windows 10', '0', '登录成功', '2025-02-19 15:21:31');
INSERT INTO `sys_logininfor` (`info_id`, `user_name`, `ipaddr`, `login_location`, `browser`, `os`, `status`, `msg`, `login_time`) VALUES (227, 'admin', '223.166.93.10', '内网IP', 'Chrome 133', 'Mac OS X 10', '0', '登录成功', '2025-02-19 15:38:27');
INSERT INTO `sys_logininfor` (`info_id`, `user_name`, `ipaddr`, `login_location`, `browser`, `os`, `status`, `msg`, `login_time`) VALUES (228, 'admin', '223.104.132.22', '内网IP', 'Edge 129', 'Windows 10', '0', '登录成功', '2025-02-19 15:39:53');
INSERT INTO `sys_logininfor` (`info_id`, `user_name`, `ipaddr`, `login_location`, `browser`, `os`, `status`, `msg`, `login_time`) VALUES (229, 'admin', '113.247.230.43', '内网IP', 'Chrome 116', 'Mac OS X 10', '0', '登录成功', '2025-02-19 16:25:08');
INSERT INTO `sys_logininfor` (`info_id`, `user_name`, `ipaddr`, `login_location`, `browser`, `os`, `status`, `msg`, `login_time`) VALUES (230, 'admin', '183.156.237.116', '内网IP', 'Chrome 133', 'Windows 10', '0', '登录成功', '2025-02-19 16:35:08');
INSERT INTO `sys_logininfor` (`info_id`, `user_name`, `ipaddr`, `login_location`, `browser`, `os`, `status`, `msg`, `login_time`) VALUES (231, 'admin', '125.69.0.113', '内网IP', 'Chrome 130', 'Windows 10', '0', '登录成功', '2025-02-19 17:21:11');
INSERT INTO `sys_logininfor` (`info_id`, `user_name`, `ipaddr`, `login_location`, `browser`, `os`, `status`, `msg`, `login_time`) VALUES (232, 'admin', '223.104.43.33', '内网IP', 'Edge 133', 'Windows 10', '0', '登录成功', '2025-02-19 17:44:16');
INSERT INTO `sys_logininfor` (`info_id`, `user_name`, `ipaddr`, `login_location`, `browser`, `os`, `status`, `msg`, `login_time`) VALUES (233, 'admin', '42.179.227.166', '内网IP', 'Chrome 127', 'Windows 10', '0', '登录成功', '2025-02-19 18:31:16');
INSERT INTO `sys_logininfor` (`info_id`, `user_name`, `ipaddr`, `login_location`, `browser`, `os`, `status`, `msg`, `login_time`) VALUES (234, 'admin', '117.160.30.60', '内网IP', 'Edge 133', 'Windows 10', '0', '登录成功', '2025-02-19 19:15:20');
INSERT INTO `sys_logininfor` (`info_id`, `user_name`, `ipaddr`, `login_location`, `browser`, `os`, `status`, `msg`, `login_time`) VALUES (235, 'admin', '39.183.168.14', '内网IP', 'Chrome 133', 'Windows 10', '1', '密码错误', '2025-02-19 19:36:08');
INSERT INTO `sys_logininfor` (`info_id`, `user_name`, `ipaddr`, `login_location`, `browser`, `os`, `status`, `msg`, `login_time`) VALUES (236, 'admin', '39.183.168.14', '内网IP', 'Chrome 133', 'Windows 10', '1', '验证码错误', '2025-02-19 19:36:15');
INSERT INTO `sys_logininfor` (`info_id`, `user_name`, `ipaddr`, `login_location`, `browser`, `os`, `status`, `msg`, `login_time`) VALUES (237, 'admin', '39.183.168.14', '内网IP', 'Chrome 133', 'Windows 10', '1', '验证码错误', '2025-02-19 19:36:21');
INSERT INTO `sys_logininfor` (`info_id`, `user_name`, `ipaddr`, `login_location`, `browser`, `os`, `status`, `msg`, `login_time`) VALUES (238, 'admin', '39.183.168.14', '内网IP', 'Chrome 133', 'Windows 10', '0', '登录成功', '2025-02-19 19:36:25');
INSERT INTO `sys_logininfor` (`info_id`, `user_name`, `ipaddr`, `login_location`, `browser`, `os`, `status`, `msg`, `login_time`) VALUES (239, 'admin', '60.177.84.206', '内网IP', 'Edge 132', 'Windows 10', '1', '密码错误', '2025-02-19 21:28:39');
INSERT INTO `sys_logininfor` (`info_id`, `user_name`, `ipaddr`, `login_location`, `browser`, `os`, `status`, `msg`, `login_time`) VALUES (240, 'admin', '60.177.84.206', '内网IP', 'Edge 132', 'Windows 10', '0', '登录成功', '2025-02-19 21:28:52');
INSERT INTO `sys_logininfor` (`info_id`, `user_name`, `ipaddr`, `login_location`, `browser`, `os`, `status`, `msg`, `login_time`) VALUES (241, 'admin', '111.55.13.103', '内网IP', 'Sogou Explorer 1', 'Windows 10', '1', '密码错误', '2025-02-19 21:34:45');
INSERT INTO `sys_logininfor` (`info_id`, `user_name`, `ipaddr`, `login_location`, `browser`, `os`, `status`, `msg`, `login_time`) VALUES (242, 'admin', '111.55.13.103', '内网IP', 'Sogou Explorer 1', 'Windows 10', '1', '密码错误', '2025-02-19 21:34:50');
INSERT INTO `sys_logininfor` (`info_id`, `user_name`, `ipaddr`, `login_location`, `browser`, `os`, `status`, `msg`, `login_time`) VALUES (243, 'admin', '111.55.13.103', '内网IP', 'Sogou Explorer 1', 'Windows 10', '0', '登录成功', '2025-02-19 21:34:59');
INSERT INTO `sys_logininfor` (`info_id`, `user_name`, `ipaddr`, `login_location`, `browser`, `os`, `status`, `msg`, `login_time`) VALUES (244, 'admin', '139.226.66.102', '内网IP', 'Edge 133', 'Mac OS X 10', '0', '登录成功', '2025-02-19 21:37:41');
INSERT INTO `sys_logininfor` (`info_id`, `user_name`, `ipaddr`, `login_location`, `browser`, `os`, `status`, `msg`, `login_time`) VALUES (245, 'admin', '111.76.19.36', '内网IP', 'Chrome 127', 'Windows 10', '0', '登录成功', '2025-02-19 21:55:24');
INSERT INTO `sys_logininfor` (`info_id`, `user_name`, `ipaddr`, `login_location`, `browser`, `os`, `status`, `msg`, `login_time`) VALUES (246, 'admin', '101.30.116.88', '内网IP', 'Chrome 133', 'Windows 10', '1', '密码错误', '2025-02-19 21:59:32');
INSERT INTO `sys_logininfor` (`info_id`, `user_name`, `ipaddr`, `login_location`, `browser`, `os`, `status`, `msg`, `login_time`) VALUES (247, 'admin', '101.30.116.88', '内网IP', 'Chrome 133', 'Windows 10', '0', '登录成功', '2025-02-19 21:59:43');
INSERT INTO `sys_logininfor` (`info_id`, `user_name`, `ipaddr`, `login_location`, `browser`, `os`, `status`, `msg`, `login_time`) VALUES (248, 'admin', '205.215.15.186', '内网IP', 'Chrome 133', 'Windows 10', '0', '登录成功', '2025-02-19 22:17:09');
INSERT INTO `sys_logininfor` (`info_id`, `user_name`, `ipaddr`, `login_location`, `browser`, `os`, `status`, `msg`, `login_time`) VALUES (249, 'admin', '120.235.47.147', '内网IP', 'Sogou Explorer 1', 'Windows 10', '0', '登录成功', '2025-02-19 22:51:17');
INSERT INTO `sys_logininfor` (`info_id`, `user_name`, `ipaddr`, `login_location`, `browser`, `os`, `status`, `msg`, `login_time`) VALUES (250, 'admin', '117.189.179.11', '内网IP', 'Edge 133', 'Windows 10', '0', '登录成功', '2025-02-20 05:07:52');
INSERT INTO `sys_logininfor` (`info_id`, `user_name`, `ipaddr`, `login_location`, `browser`, `os`, `status`, `msg`, `login_time`) VALUES (251, 'admin', '36.110.26.242', '内网IP', 'Chrome 133', 'Windows 10', '0', '登录成功', '2025-02-20 09:34:47');
INSERT INTO `sys_logininfor` (`info_id`, `user_name`, `ipaddr`, `login_location`, `browser`, `os`, `status`, `msg`, `login_time`) VALUES (252, 'admin', '117.176.241.51', '内网IP', 'Edge 131', 'Windows 10', '1', '验证码错误', '2025-02-20 10:11:42');
INSERT INTO `sys_logininfor` (`info_id`, `user_name`, `ipaddr`, `login_location`, `browser`, `os`, `status`, `msg`, `login_time`) VALUES (253, 'admin', '117.176.241.51', '内网IP', 'Edge 131', 'Windows 10', '0', '登录成功', '2025-02-20 10:11:45');
INSERT INTO `sys_logininfor` (`info_id`, `user_name`, `ipaddr`, `login_location`, `browser`, `os`, `status`, `msg`, `login_time`) VALUES (254, 'admin', '163.125.246.190', '内网IP', 'Chrome 122', 'Windows 10', '0', '登录成功', '2025-02-20 10:17:43');
INSERT INTO `sys_logininfor` (`info_id`, `user_name`, `ipaddr`, `login_location`, `browser`, `os`, `status`, `msg`, `login_time`) VALUES (255, 'admin', '118.81.240.205', '内网IP', 'Chrome 133', 'Windows 10', '0', '登录成功', '2025-02-20 10:25:21');
INSERT INTO `sys_logininfor` (`info_id`, `user_name`, `ipaddr`, `login_location`, `browser`, `os`, `status`, `msg`, `login_time`) VALUES (256, 'admin', '113.104.200.57', '内网IP', 'Edge 133', 'Windows 10', '0', '登录成功', '2025-02-20 10:40:17');
INSERT INTO `sys_logininfor` (`info_id`, `user_name`, `ipaddr`, `login_location`, `browser`, `os`, `status`, `msg`, `login_time`) VALUES (257, 'admin', '112.97.201.241', '内网IP', 'Chrome 133', 'Windows 10', '0', '登录成功', '2025-02-20 10:57:34');
INSERT INTO `sys_logininfor` (`info_id`, `user_name`, `ipaddr`, `login_location`, `browser`, `os`, `status`, `msg`, `login_time`) VALUES (258, 'admin', '113.116.195.95', '内网IP', 'Edge 133', 'Windows 10', '0', '登录成功', '2025-02-20 11:51:53');
INSERT INTO `sys_logininfor` (`info_id`, `user_name`, `ipaddr`, `login_location`, `browser`, `os`, `status`, `msg`, `login_time`) VALUES (259, 'admin', '113.116.195.95', '内网IP', 'Chrome 132', 'Windows 10', '0', '登录成功', '2025-02-20 11:56:30');
INSERT INTO `sys_logininfor` (`info_id`, `user_name`, `ipaddr`, `login_location`, `browser`, `os`, `status`, `msg`, `login_time`) VALUES (260, 'admin', '218.22.63.14', '内网IP', 'Chrome 133', 'Windows 10', '0', '登录成功', '2025-02-20 13:04:48');
INSERT INTO `sys_logininfor` (`info_id`, `user_name`, `ipaddr`, `login_location`, `browser`, `os`, `status`, `msg`, `login_time`) VALUES (261, 'admin', '58.48.226.176', '内网IP', 'Chrome 131', 'Windows 10', '0', '登录成功', '2025-02-20 15:07:55');
INSERT INTO `sys_logininfor` (`info_id`, `user_name`, `ipaddr`, `login_location`, `browser`, `os`, `status`, `msg`, `login_time`) VALUES (262, 'admin', '115.239.169.230', '内网IP', 'Chrome 131', 'Mac OS X 10', '0', '登录成功', '2025-02-20 16:22:56');
INSERT INTO `sys_logininfor` (`info_id`, `user_name`, `ipaddr`, `login_location`, `browser`, `os`, `status`, `msg`, `login_time`) VALUES (263, 'admin', '113.118.4.185', '内网IP', 'Firefox 135', 'Windows 10', '0', '登录成功', '2025-02-20 16:43:10');
INSERT INTO `sys_logininfor` (`info_id`, `user_name`, `ipaddr`, `login_location`, `browser`, `os`, `status`, `msg`, `login_time`) VALUES (264, 'admin', '112.80.122.77', '内网IP', 'Chrome 133', 'Mac OS X 10', '0', '登录成功', '2025-02-20 17:34:21');
INSERT INTO `sys_logininfor` (`info_id`, `user_name`, `ipaddr`, `login_location`, `browser`, `os`, `status`, `msg`, `login_time`) VALUES (265, 'admin', '113.104.200.57', '内网IP', 'Edge 133', 'Windows 10', '0', '登录成功', '2025-02-20 18:19:48');
INSERT INTO `sys_logininfor` (`info_id`, `user_name`, `ipaddr`, `login_location`, `browser`, `os`, `status`, `msg`, `login_time`) VALUES (266, 'admin', '118.81.240.205', '内网IP', 'Chrome 133', 'Windows 10', '0', '登录成功', '2025-02-20 18:44:29');
INSERT INTO `sys_logininfor` (`info_id`, `user_name`, `ipaddr`, `login_location`, `browser`, `os`, `status`, `msg`, `login_time`) VALUES (267, 'admin', '27.47.4.252', '内网IP', 'Chrome 135', 'Windows 10', '0', '登录成功', '2025-02-20 20:19:28');
INSERT INTO `sys_logininfor` (`info_id`, `user_name`, `ipaddr`, `login_location`, `browser`, `os`, `status`, `msg`, `login_time`) VALUES (268, 'richard', '111.16.87.95', '内网IP', 'Chrome 133', 'Mac OS X 10', '0', '登录成功', '2025-02-20 22:15:20');
INSERT INTO `sys_logininfor` (`info_id`, `user_name`, `ipaddr`, `login_location`, `browser`, `os`, `status`, `msg`, `login_time`) VALUES (269, 'niangao', '111.16.87.95', '内网IP', 'Chrome 133', 'Mac OS X 10', '0', '登录成功', '2025-02-20 22:27:23');
INSERT INTO `sys_logininfor` (`info_id`, `user_name`, `ipaddr`, `login_location`, `browser`, `os`, `status`, `msg`, `login_time`) VALUES (270, 'admin', '111.16.87.95', '内网IP', 'Chrome 133', 'Mac OS X 10', '1', '验证码错误', '2025-02-20 22:34:20');
INSERT INTO `sys_logininfor` (`info_id`, `user_name`, `ipaddr`, `login_location`, `browser`, `os`, `status`, `msg`, `login_time`) VALUES (271, 'admin', '111.16.87.95', '内网IP', 'Chrome 133', 'Mac OS X 10', '0', '登录成功', '2025-02-20 22:34:24');
INSERT INTO `sys_logininfor` (`info_id`, `user_name`, `ipaddr`, `login_location`, `browser`, `os`, `status`, `msg`, `login_time`) VALUES (272, 'niangao', '111.16.87.95', '内网IP', 'Chrome 133', 'Mac OS X 10', '0', '登录成功', '2025-02-20 22:35:20');
INSERT INTO `sys_logininfor` (`info_id`, `user_name`, `ipaddr`, `login_location`, `browser`, `os`, `status`, `msg`, `login_time`) VALUES (273, 'admin', '111.16.87.95', '内网IP', 'Chrome 133', 'Mac OS X 10', '0', '登录成功', '2025-02-20 22:59:04');
INSERT INTO `sys_logininfor` (`info_id`, `user_name`, `ipaddr`, `login_location`, `browser`, `os`, `status`, `msg`, `login_time`) VALUES (274, 'admin', '119.123.207.56', '内网IP', 'Chrome 132', 'Windows 10', '0', '登录成功', '2025-02-20 23:14:23');
INSERT INTO `sys_logininfor` (`info_id`, `user_name`, `ipaddr`, `login_location`, `browser`, `os`, `status`, `msg`, `login_time`) VALUES (275, 'admin', '223.104.77.196', '内网IP', 'Chrome Mobile 110', 'Android 15', '0', '登录成功', '2025-02-20 23:43:24');
INSERT INTO `sys_logininfor` (`info_id`, `user_name`, `ipaddr`, `login_location`, `browser`, `os`, `status`, `msg`, `login_time`) VALUES (276, 'admin', '61.184.8.51', '内网IP', 'Edge 133', 'Windows 10', '0', '登录成功', '2025-02-21 02:43:36');
INSERT INTO `sys_logininfor` (`info_id`, `user_name`, `ipaddr`, `login_location`, `browser`, `os`, `status`, `msg`, `login_time`) VALUES (277, 'admin', '117.189.181.84', '内网IP', 'Edge 133', 'Windows 10', '0', '登录成功', '2025-02-21 05:04:21');
INSERT INTO `sys_logininfor` (`info_id`, `user_name`, `ipaddr`, `login_location`, `browser`, `os`, `status`, `msg`, `login_time`) VALUES (278, 'admin', '140.250.214.3', '内网IP', 'Chrome 133', 'Mac OS X 10', '0', '登录成功', '2025-02-21 07:57:52');
INSERT INTO `sys_logininfor` (`info_id`, `user_name`, `ipaddr`, `login_location`, `browser`, `os`, `status`, `msg`, `login_time`) VALUES (279, 'admin', '163.142.111.54', '内网IP', 'Edge 131', 'Windows 10', '0', '登录成功', '2025-02-21 09:13:23');
INSERT INTO `sys_logininfor` (`info_id`, `user_name`, `ipaddr`, `login_location`, `browser`, `os`, `status`, `msg`, `login_time`) VALUES (280, 'admin', '119.184.124.3', '内网IP', 'Edge 131', 'Windows 10', '0', '登录成功', '2025-02-21 09:30:20');
INSERT INTO `sys_logininfor` (`info_id`, `user_name`, `ipaddr`, `login_location`, `browser`, `os`, `status`, `msg`, `login_time`) VALUES (281, 'admin', '119.137.2.216', '内网IP', 'Edge 133', 'Windows 10', '1', '验证码已失效', '2025-02-21 10:11:45');
INSERT INTO `sys_logininfor` (`info_id`, `user_name`, `ipaddr`, `login_location`, `browser`, `os`, `status`, `msg`, `login_time`) VALUES (282, 'admin', '119.137.2.216', '内网IP', 'Edge 133', 'Windows 10', '0', '登录成功', '2025-02-21 10:11:49');
INSERT INTO `sys_logininfor` (`info_id`, `user_name`, `ipaddr`, `login_location`, `browser`, `os`, `status`, `msg`, `login_time`) VALUES (283, 'admin', '221.217.155.178', '内网IP', 'Chrome 133', 'Windows 10', '0', '登录成功', '2025-02-21 10:20:18');
INSERT INTO `sys_logininfor` (`info_id`, `user_name`, `ipaddr`, `login_location`, `browser`, `os`, `status`, `msg`, `login_time`) VALUES (284, 'admin', '120.237.104.182', '内网IP', 'Chrome 133', 'Windows 10', '0', '登录成功', '2025-02-21 10:35:41');
INSERT INTO `sys_logininfor` (`info_id`, `user_name`, `ipaddr`, `login_location`, `browser`, `os`, `status`, `msg`, `login_time`) VALUES (285, 'admin', '61.147.250.9', '内网IP', 'Chrome 122', 'Windows 10', '0', '登录成功', '2025-02-21 10:43:44');
INSERT INTO `sys_logininfor` (`info_id`, `user_name`, `ipaddr`, `login_location`, `browser`, `os`, `status`, `msg`, `login_time`) VALUES (286, 'admin', '221.217.155.178', '内网IP', 'Chrome 133', 'Windows 10', '1', '验证码已失效', '2025-02-21 10:54:17');
INSERT INTO `sys_logininfor` (`info_id`, `user_name`, `ipaddr`, `login_location`, `browser`, `os`, `status`, `msg`, `login_time`) VALUES (287, 'admin', '221.217.155.178', '内网IP', 'Chrome 133', 'Windows 10', '0', '登录成功', '2025-02-21 10:54:26');
INSERT INTO `sys_logininfor` (`info_id`, `user_name`, `ipaddr`, `login_location`, `browser`, `os`, `status`, `msg`, `login_time`) VALUES (288, 'admin', '183.228.124.57', '内网IP', 'Chrome 126', 'Windows 10', '0', '登录成功', '2025-02-21 11:34:02');
INSERT INTO `sys_logininfor` (`info_id`, `user_name`, `ipaddr`, `login_location`, `browser`, `os`, `status`, `msg`, `login_time`) VALUES (289, 'admin', '183.93.224.184', '内网IP', 'Edge 133', 'Windows 10', '0', '登录成功', '2025-02-21 12:13:15');
INSERT INTO `sys_logininfor` (`info_id`, `user_name`, `ipaddr`, `login_location`, `browser`, `os`, `status`, `msg`, `login_time`) VALUES (290, 'admin', '194.39.218.23', '内网IP', 'Firefox 128', 'Windows 10', '0', '登录成功', '2025-02-21 12:55:47');
INSERT INTO `sys_logininfor` (`info_id`, `user_name`, `ipaddr`, `login_location`, `browser`, `os`, `status`, `msg`, `login_time`) VALUES (291, 'admin', '42.91.170.230', '内网IP', 'Edge 133', 'Windows 10', '0', '登录成功', '2025-02-21 13:04:01');
INSERT INTO `sys_logininfor` (`info_id`, `user_name`, `ipaddr`, `login_location`, `browser`, `os`, `status`, `msg`, `login_time`) VALUES (292, 'admin', '171.221.82.179', '内网IP', 'Chrome 133', 'Mac OS X 10', '0', '登录成功', '2025-02-21 13:31:22');
INSERT INTO `sys_logininfor` (`info_id`, `user_name`, `ipaddr`, `login_location`, `browser`, `os`, `status`, `msg`, `login_time`) VALUES (293, 'admin', '180.98.43.107', '内网IP', 'Chrome Mobile 131', 'Android 10', '0', '登录成功', '2025-02-21 13:38:40');
INSERT INTO `sys_logininfor` (`info_id`, `user_name`, `ipaddr`, `login_location`, `browser`, `os`, `status`, `msg`, `login_time`) VALUES (294, 'admin', '211.22.108.9', '内网IP', 'Chrome 120', 'Windows 10', '0', '登录成功', '2025-02-21 13:39:23');
INSERT INTO `sys_logininfor` (`info_id`, `user_name`, `ipaddr`, `login_location`, `browser`, `os`, `status`, `msg`, `login_time`) VALUES (295, 'admin', '114.230.53.188', '内网IP', 'Chrome 131', 'Windows 10', '0', '登录成功', '2025-02-21 14:48:09');
INSERT INTO `sys_logininfor` (`info_id`, `user_name`, `ipaddr`, `login_location`, `browser`, `os`, `status`, `msg`, `login_time`) VALUES (296, 'admin', '120.230.88.207', '内网IP', 'Safari 18', 'Mac OS X 10', '0', '登录成功', '2025-02-21 14:55:29');
INSERT INTO `sys_logininfor` (`info_id`, `user_name`, `ipaddr`, `login_location`, `browser`, `os`, `status`, `msg`, `login_time`) VALUES (297, 'admin', '39.129.40.219', '内网IP', 'Firefox 135', 'Ubuntu', '0', '登录成功', '2025-02-21 15:28:16');
INSERT INTO `sys_logininfor` (`info_id`, `user_name`, `ipaddr`, `login_location`, `browser`, `os`, `status`, `msg`, `login_time`) VALUES (298, 'admin', '124.227.180.89', '内网IP', 'Edge 133', 'Windows 10', '0', '登录成功', '2025-02-21 15:34:13');
INSERT INTO `sys_logininfor` (`info_id`, `user_name`, `ipaddr`, `login_location`, `browser`, `os`, `status`, `msg`, `login_time`) VALUES (299, 'admin', '61.188.244.165', '内网IP', 'Chrome 133', 'Windows 10', '0', '登录成功', '2025-02-21 15:52:02');
INSERT INTO `sys_logininfor` (`info_id`, `user_name`, `ipaddr`, `login_location`, `browser`, `os`, `status`, `msg`, `login_time`) VALUES (300, 'admin', '58.246.83.34', '内网IP', 'Edge 133', 'Windows 10', '0', '登录成功', '2025-02-21 17:57:43');
INSERT INTO `sys_logininfor` (`info_id`, `user_name`, `ipaddr`, `login_location`, `browser`, `os`, `status`, `msg`, `login_time`) VALUES (301, 'admin', '117.189.181.84', '内网IP', 'Edge 133', 'Windows 10', '0', '登录成功', '2025-02-21 18:59:21');
INSERT INTO `sys_logininfor` (`info_id`, `user_name`, `ipaddr`, `login_location`, `browser`, `os`, `status`, `msg`, `login_time`) VALUES (302, 'admin', '163.179.44.77', '内网IP', 'Edge 133', 'Windows 10', '0', '登录成功', '2025-02-21 20:34:59');
INSERT INTO `sys_logininfor` (`info_id`, `user_name`, `ipaddr`, `login_location`, `browser`, `os`, `status`, `msg`, `login_time`) VALUES (303, 'admin', '111.85.165.111', '内网IP', 'Edge 133', 'Windows 10', '0', '登录成功', '2025-02-21 21:59:58');
INSERT INTO `sys_logininfor` (`info_id`, `user_name`, `ipaddr`, `login_location`, `browser`, `os`, `status`, `msg`, `login_time`) VALUES (304, 'admin', '58.20.79.54', '内网IP', 'Chrome 135', 'Windows 10', '0', '登录成功', '2025-02-21 23:05:48');
INSERT INTO `sys_logininfor` (`info_id`, `user_name`, `ipaddr`, `login_location`, `browser`, `os`, `status`, `msg`, `login_time`) VALUES (305, 'admin', '111.85.165.111', '内网IP', 'Edge 133', 'Windows 10', '1', '验证码已失效', '2025-02-22 00:20:31');
INSERT INTO `sys_logininfor` (`info_id`, `user_name`, `ipaddr`, `login_location`, `browser`, `os`, `status`, `msg`, `login_time`) VALUES (306, 'admin', '111.85.165.111', '内网IP', 'Edge 133', 'Windows 10', '1', '验证码错误', '2025-02-22 00:20:33');
INSERT INTO `sys_logininfor` (`info_id`, `user_name`, `ipaddr`, `login_location`, `browser`, `os`, `status`, `msg`, `login_time`) VALUES (307, 'admin', '111.85.165.111', '内网IP', 'Edge 133', 'Windows 10', '1', '验证码错误', '2025-02-22 00:20:34');
INSERT INTO `sys_logininfor` (`info_id`, `user_name`, `ipaddr`, `login_location`, `browser`, `os`, `status`, `msg`, `login_time`) VALUES (308, 'admin', '111.85.165.111', '内网IP', 'Edge 133', 'Windows 10', '1', '验证码错误', '2025-02-22 00:20:34');
INSERT INTO `sys_logininfor` (`info_id`, `user_name`, `ipaddr`, `login_location`, `browser`, `os`, `status`, `msg`, `login_time`) VALUES (309, 'admin', '111.85.165.111', '内网IP', 'Edge 133', 'Windows 10', '1', '验证码错误', '2025-02-22 00:20:38');
INSERT INTO `sys_logininfor` (`info_id`, `user_name`, `ipaddr`, `login_location`, `browser`, `os`, `status`, `msg`, `login_time`) VALUES (310, 'admin', '111.85.165.111', '内网IP', 'Edge 133', 'Windows 10', '1', '密码错误', '2025-02-22 00:20:42');
INSERT INTO `sys_logininfor` (`info_id`, `user_name`, `ipaddr`, `login_location`, `browser`, `os`, `status`, `msg`, `login_time`) VALUES (311, 'admin', '111.85.165.111', '内网IP', 'Edge 133', 'Windows 10', '0', '登录成功', '2025-02-22 00:20:47');
INSERT INTO `sys_logininfor` (`info_id`, `user_name`, `ipaddr`, `login_location`, `browser`, `os`, `status`, `msg`, `login_time`) VALUES (312, 'admin', '171.37.15.221', '内网IP', 'Edge 126', 'Windows 10', '0', '登录成功', '2025-02-22 00:31:55');
INSERT INTO `sys_logininfor` (`info_id`, `user_name`, `ipaddr`, `login_location`, `browser`, `os`, `status`, `msg`, `login_time`) VALUES (313, 'admin', '61.188.244.165', '内网IP', 'Chrome 133', 'Windows 10', '0', '登录成功', '2025-02-22 08:59:31');
INSERT INTO `sys_logininfor` (`info_id`, `user_name`, `ipaddr`, `login_location`, `browser`, `os`, `status`, `msg`, `login_time`) VALUES (314, 'admin', '8.220.142.255', '内网IP', 'Chrome 133', 'Windows 10', '0', '登录成功', '2025-02-22 11:08:16');
INSERT INTO `sys_logininfor` (`info_id`, `user_name`, `ipaddr`, `login_location`, `browser`, `os`, `status`, `msg`, `login_time`) VALUES (315, 'admin', '223.74.103.172', '内网IP', 'Edge 133', 'Windows 10', '0', '登录成功', '2025-02-22 12:54:26');
INSERT INTO `sys_logininfor` (`info_id`, `user_name`, `ipaddr`, `login_location`, `browser`, `os`, `status`, `msg`, `login_time`) VALUES (316, 'admin', '112.230.23.168', '内网IP', 'Edge 132', 'Windows 10', '1', '验证码错误', '2025-02-22 15:47:29');
INSERT INTO `sys_logininfor` (`info_id`, `user_name`, `ipaddr`, `login_location`, `browser`, `os`, `status`, `msg`, `login_time`) VALUES (317, 'admin', '112.230.23.168', '内网IP', 'Edge 132', 'Windows 10', '0', '登录成功', '2025-02-22 15:47:32');
INSERT INTO `sys_logininfor` (`info_id`, `user_name`, `ipaddr`, `login_location`, `browser`, `os`, `status`, `msg`, `login_time`) VALUES (318, 'admin', '112.230.23.168', '内网IP', 'Edge 132', 'Windows 10', '0', '登录成功', '2025-02-22 16:10:07');
INSERT INTO `sys_logininfor` (`info_id`, `user_name`, `ipaddr`, `login_location`, `browser`, `os`, `status`, `msg`, `login_time`) VALUES (319, 'admin', '60.22.194.52', '内网IP', 'Chrome 133', 'Windows 10', '0', '登录成功', '2025-02-22 16:27:03');
INSERT INTO `sys_logininfor` (`info_id`, `user_name`, `ipaddr`, `login_location`, `browser`, `os`, `status`, `msg`, `login_time`) VALUES (320, 'admin', '121.207.204.197', '内网IP', 'Edge 133', 'Windows 10', '0', '登录成功', '2025-02-22 17:00:01');
INSERT INTO `sys_logininfor` (`info_id`, `user_name`, `ipaddr`, `login_location`, `browser`, `os`, `status`, `msg`, `login_time`) VALUES (321, 'admin', '121.207.204.197', '内网IP', 'Edge 133', 'Windows 10', '0', '登录成功', '2025-02-22 17:06:09');
INSERT INTO `sys_logininfor` (`info_id`, `user_name`, `ipaddr`, `login_location`, `browser`, `os`, `status`, `msg`, `login_time`) VALUES (322, 'admin', '218.17.207.70', '内网IP', 'Chrome 133', 'Windows 10', '1', '密码错误', '2025-02-22 20:25:03');
INSERT INTO `sys_logininfor` (`info_id`, `user_name`, `ipaddr`, `login_location`, `browser`, `os`, `status`, `msg`, `login_time`) VALUES (323, 'admin', '218.17.207.70', '内网IP', 'Chrome 133', 'Windows 10', '1', '密码错误', '2025-02-22 20:25:29');
INSERT INTO `sys_logininfor` (`info_id`, `user_name`, `ipaddr`, `login_location`, `browser`, `os`, `status`, `msg`, `login_time`) VALUES (324, 'admin', '218.17.207.70', '内网IP', 'Chrome 133', 'Windows 10', '0', '登录成功', '2025-02-22 20:25:37');
INSERT INTO `sys_logininfor` (`info_id`, `user_name`, `ipaddr`, `login_location`, `browser`, `os`, `status`, `msg`, `login_time`) VALUES (325, 'admin', '120.230.88.207', '内网IP', 'Safari 18', 'Mac OS X 10', '0', '登录成功', '2025-02-22 21:21:52');
INSERT INTO `sys_logininfor` (`info_id`, `user_name`, `ipaddr`, `login_location`, `browser`, `os`, `status`, `msg`, `login_time`) VALUES (326, 'admin', '112.96.227.146', '内网IP', 'Chrome 133', 'Mac OS X 10', '0', '登录成功', '2025-02-22 22:51:26');
INSERT INTO `sys_logininfor` (`info_id`, `user_name`, `ipaddr`, `login_location`, `browser`, `os`, `status`, `msg`, `login_time`) VALUES (327, 'admin', '175.19.87.216', '内网IP', 'Chrome Mobile WebView 114', 'Android 12', '0', '登录成功', '2025-02-22 23:40:26');
INSERT INTO `sys_logininfor` (`info_id`, `user_name`, `ipaddr`, `login_location`, `browser`, `os`, `status`, `msg`, `login_time`) VALUES (328, 'admin', '171.37.15.221', '内网IP', 'Edge 126', 'Windows 10', '0', '登录成功', '2025-02-23 00:23:03');
INSERT INTO `sys_logininfor` (`info_id`, `user_name`, `ipaddr`, `login_location`, `browser`, `os`, `status`, `msg`, `login_time`) VALUES (329, 'admin', '112.32.148.206', '内网IP', 'Chrome 133', 'Mac OS X 10', '0', '登录成功', '2025-02-23 00:53:43');
INSERT INTO `sys_logininfor` (`info_id`, `user_name`, `ipaddr`, `login_location`, `browser`, `os`, `status`, `msg`, `login_time`) VALUES (330, 'admin', '27.38.222.32', '内网IP', 'Firefox Mobile 137', 'Android 15', '0', '登录成功', '2025-02-23 02:23:17');
INSERT INTO `sys_logininfor` (`info_id`, `user_name`, `ipaddr`, `login_location`, `browser`, `os`, `status`, `msg`, `login_time`) VALUES (331, 'admin', '169.150.207.250', '内网IP', 'Chrome 133', 'Mac OS X 10', '0', '登录成功', '2025-02-23 09:52:47');
INSERT INTO `sys_logininfor` (`info_id`, `user_name`, `ipaddr`, `login_location`, `browser`, `os`, `status`, `msg`, `login_time`) VALUES (332, 'admin', '1.203.78.121', '内网IP', 'Edge 133', 'Linux', '0', '登录成功', '2025-02-23 11:17:39');
INSERT INTO `sys_logininfor` (`info_id`, `user_name`, `ipaddr`, `login_location`, `browser`, `os`, `status`, `msg`, `login_time`) VALUES (333, 'admin', '112.230.23.168', '内网IP', 'Edge 132', 'Windows 10', '1', '验证码错误', '2025-02-23 11:34:50');
INSERT INTO `sys_logininfor` (`info_id`, `user_name`, `ipaddr`, `login_location`, `browser`, `os`, `status`, `msg`, `login_time`) VALUES (334, 'admin', '112.230.23.168', '内网IP', 'Edge 132', 'Windows 10', '0', '登录成功', '2025-02-23 11:34:54');
INSERT INTO `sys_logininfor` (`info_id`, `user_name`, `ipaddr`, `login_location`, `browser`, `os`, `status`, `msg`, `login_time`) VALUES (335, 'admin', '183.213.82.117', '内网IP', 'Edge 131', 'Windows 10', '0', '登录成功', '2025-02-23 12:13:52');
INSERT INTO `sys_logininfor` (`info_id`, `user_name`, `ipaddr`, `login_location`, `browser`, `os`, `status`, `msg`, `login_time`) VALUES (336, 'admin', '183.195.97.146', '内网IP', 'Chrome 125', 'Windows 10', '0', '登录成功', '2025-02-23 13:43:03');
INSERT INTO `sys_logininfor` (`info_id`, `user_name`, `ipaddr`, `login_location`, `browser`, `os`, `status`, `msg`, `login_time`) VALUES (337, 'admin', '101.68.71.24', '内网IP', 'Chrome 133', 'Windows 10', '0', '登录成功', '2025-02-23 17:24:21');
INSERT INTO `sys_logininfor` (`info_id`, `user_name`, `ipaddr`, `login_location`, `browser`, `os`, `status`, `msg`, `login_time`) VALUES (338, 'admin', '124.79.101.189', '内网IP', 'Chrome 133', 'Windows 10', '0', '登录成功', '2025-02-23 17:29:02');
INSERT INTO `sys_logininfor` (`info_id`, `user_name`, `ipaddr`, `login_location`, `browser`, `os`, `status`, `msg`, `login_time`) VALUES (339, 'admin', '117.26.243.77', '内网IP', 'Chrome 133', 'Windows 10', '1', '验证码错误', '2025-02-23 17:29:49');
INSERT INTO `sys_logininfor` (`info_id`, `user_name`, `ipaddr`, `login_location`, `browser`, `os`, `status`, `msg`, `login_time`) VALUES (340, 'admin', '117.26.243.77', '内网IP', 'Chrome 133', 'Windows 10', '0', '登录成功', '2025-02-23 17:29:53');
INSERT INTO `sys_logininfor` (`info_id`, `user_name`, `ipaddr`, `login_location`, `browser`, `os`, `status`, `msg`, `login_time`) VALUES (341, 'admin', '120.229.69.71', '内网IP', 'Chrome 133', 'Windows 10', '0', '登录成功', '2025-02-23 17:32:26');
INSERT INTO `sys_logininfor` (`info_id`, `user_name`, `ipaddr`, `login_location`, `browser`, `os`, `status`, `msg`, `login_time`) VALUES (342, 'admin', '167.179.145.4', '内网IP', 'Chrome Mobile iOS 133', 'iOS 18', '0', '登录成功', '2025-02-23 20:50:17');
INSERT INTO `sys_logininfor` (`info_id`, `user_name`, `ipaddr`, `login_location`, `browser`, `os`, `status`, `msg`, `login_time`) VALUES (343, 'admin', '115.216.59.185', '内网IP', 'Edge 133', 'Windows 10', '0', '登录成功', '2025-02-23 22:19:09');
INSERT INTO `sys_logininfor` (`info_id`, `user_name`, `ipaddr`, `login_location`, `browser`, `os`, `status`, `msg`, `login_time`) VALUES (344, 'admin', '112.97.216.168', '内网IP', 'Chrome 131', 'Windows 10', '1', '验证码已失效', '2025-02-24 00:11:12');
INSERT INTO `sys_logininfor` (`info_id`, `user_name`, `ipaddr`, `login_location`, `browser`, `os`, `status`, `msg`, `login_time`) VALUES (345, 'admin', '112.97.216.168', '内网IP', 'Chrome 131', 'Windows 10', '0', '登录成功', '2025-02-24 00:11:16');
INSERT INTO `sys_logininfor` (`info_id`, `user_name`, `ipaddr`, `login_location`, `browser`, `os`, `status`, `msg`, `login_time`) VALUES (346, 'admin', '183.19.229.89', '内网IP', 'Edge 131', 'Windows 10', '0', '登录成功', '2025-02-24 02:53:43');
INSERT INTO `sys_logininfor` (`info_id`, `user_name`, `ipaddr`, `login_location`, `browser`, `os`, `status`, `msg`, `login_time`) VALUES (347, 'admin', '211.22.108.9', '内网IP', 'Chrome 120', 'Windows 10', '0', '登录成功', '2025-02-24 09:26:13');
INSERT INTO `sys_logininfor` (`info_id`, `user_name`, `ipaddr`, `login_location`, `browser`, `os`, `status`, `msg`, `login_time`) VALUES (348, 'admin', '58.240.52.73', '内网IP', 'Chrome 109', 'Windows 10', '0', '登录成功', '2025-02-24 09:44:03');
INSERT INTO `sys_logininfor` (`info_id`, `user_name`, `ipaddr`, `login_location`, `browser`, `os`, `status`, `msg`, `login_time`) VALUES (349, 'admin', '49.52.30.55', '内网IP', 'Chrome 133', 'Mac OS X 10', '0', '登录成功', '2025-02-24 10:01:40');
INSERT INTO `sys_logininfor` (`info_id`, `user_name`, `ipaddr`, `login_location`, `browser`, `os`, `status`, `msg`, `login_time`) VALUES (350, 'admin', '27.148.33.190', '内网IP', 'Chrome 133', 'Windows 10', '0', '登录成功', '2025-02-24 14:21:29');
INSERT INTO `sys_logininfor` (`info_id`, `user_name`, `ipaddr`, `login_location`, `browser`, `os`, `status`, `msg`, `login_time`) VALUES (351, 'admin', '183.228.124.57', '内网IP', 'Chrome 126', 'Windows 10', '0', '登录成功', '2025-02-24 14:56:20');
INSERT INTO `sys_logininfor` (`info_id`, `user_name`, `ipaddr`, `login_location`, `browser`, `os`, `status`, `msg`, `login_time`) VALUES (352, 'admin', '112.230.23.168', '内网IP', 'Edge 133', 'Windows 10', '0', '登录成功', '2025-02-24 15:19:38');
INSERT INTO `sys_logininfor` (`info_id`, `user_name`, `ipaddr`, `login_location`, `browser`, `os`, `status`, `msg`, `login_time`) VALUES (353, 'admin', '222.222.18.5', '内网IP', 'Edge 133', 'Windows 10', '0', '登录成功', '2025-02-24 15:45:55');
INSERT INTO `sys_logininfor` (`info_id`, `user_name`, `ipaddr`, `login_location`, `browser`, `os`, `status`, `msg`, `login_time`) VALUES (354, 'admin', '140.250.214.3', '内网IP', 'Chrome 133', 'Mac OS X 10', '1', '验证码已失效', '2025-02-24 16:49:29');
INSERT INTO `sys_logininfor` (`info_id`, `user_name`, `ipaddr`, `login_location`, `browser`, `os`, `status`, `msg`, `login_time`) VALUES (355, 'admin', '140.250.214.3', '内网IP', 'Chrome 133', 'Mac OS X 10', '0', '登录成功', '2025-02-24 16:49:33');
INSERT INTO `sys_logininfor` (`info_id`, `user_name`, `ipaddr`, `login_location`, `browser`, `os`, `status`, `msg`, `login_time`) VALUES (356, 'admin', '175.13.105.87', '内网IP', 'Chrome 132', 'Windows 10', '0', '登录成功', '2025-02-24 17:10:12');
INSERT INTO `sys_logininfor` (`info_id`, `user_name`, `ipaddr`, `login_location`, `browser`, `os`, `status`, `msg`, `login_time`) VALUES (357, 'admin', '111.46.9.7', '内网IP', 'Chrome 133', 'Windows 10', '0', '登录成功', '2025-02-24 17:38:08');
INSERT INTO `sys_logininfor` (`info_id`, `user_name`, `ipaddr`, `login_location`, `browser`, `os`, `status`, `msg`, `login_time`) VALUES (358, 'admin', '36.152.209.235', '内网IP', 'Chrome 133', 'Windows 10', '0', '登录成功', '2025-02-24 19:00:17');
INSERT INTO `sys_logininfor` (`info_id`, `user_name`, `ipaddr`, `login_location`, `browser`, `os`, `status`, `msg`, `login_time`) VALUES (359, 'admin', '117.129.67.174', '内网IP', 'Chrome 122', 'Windows 10', '0', '登录成功', '2025-02-24 19:25:24');
INSERT INTO `sys_logininfor` (`info_id`, `user_name`, `ipaddr`, `login_location`, `browser`, `os`, `status`, `msg`, `login_time`) VALUES (360, 'admin', '101.27.22.62', '内网IP', 'Chrome 133', 'Windows 10', '0', '登录成功', '2025-02-24 19:46:51');
INSERT INTO `sys_logininfor` (`info_id`, `user_name`, `ipaddr`, `login_location`, `browser`, `os`, `status`, `msg`, `login_time`) VALUES (361, 'admin', '116.171.4.213', '内网IP', 'Edge 133', 'Windows 10', '0', '登录成功', '2025-02-24 19:49:32');
INSERT INTO `sys_logininfor` (`info_id`, `user_name`, `ipaddr`, `login_location`, `browser`, `os`, `status`, `msg`, `login_time`) VALUES (362, 'admin', '112.20.68.40', '内网IP', 'Edge 133', 'Windows 10', '0', '登录成功', '2025-02-24 20:20:56');
INSERT INTO `sys_logininfor` (`info_id`, `user_name`, `ipaddr`, `login_location`, `browser`, `os`, `status`, `msg`, `login_time`) VALUES (363, 'admin', '223.104.78.85', '内网IP', 'Chrome 132', 'Windows 10', '0', '登录成功', '2025-02-24 22:06:33');
INSERT INTO `sys_logininfor` (`info_id`, `user_name`, `ipaddr`, `login_location`, `browser`, `os`, `status`, `msg`, `login_time`) VALUES (364, 'admin', '171.37.48.13', '内网IP', 'Edge 126', 'Windows 10', '0', '登录成功', '2025-02-24 23:13:58');
INSERT INTO `sys_logininfor` (`info_id`, `user_name`, `ipaddr`, `login_location`, `browser`, `os`, `status`, `msg`, `login_time`) VALUES (365, 'admin', '171.37.45.112', '内网IP', 'Chrome Mobile WebView 130', 'Android 15', '0', '登录成功', '2025-02-25 07:49:20');
INSERT INTO `sys_logininfor` (`info_id`, `user_name`, `ipaddr`, `login_location`, `browser`, `os`, `status`, `msg`, `login_time`) VALUES (366, 'admin', '117.30.72.207', '内网IP', 'Chrome 133', 'Windows 10', '0', '登录成功', '2025-02-25 09:44:24');
INSERT INTO `sys_logininfor` (`info_id`, `user_name`, `ipaddr`, `login_location`, `browser`, `os`, `status`, `msg`, `login_time`) VALUES (367, 'admin', '211.22.108.10', '内网IP', 'Chrome 120', 'Windows 10', '0', '登录成功', '2025-02-25 09:47:01');
INSERT INTO `sys_logininfor` (`info_id`, `user_name`, `ipaddr`, `login_location`, `browser`, `os`, `status`, `msg`, `login_time`) VALUES (368, 'admin', '110.49.32.22', '内网IP', 'Edge Mobile 132', 'Android 10', '0', '登录成功', '2025-02-25 10:58:37');
INSERT INTO `sys_logininfor` (`info_id`, `user_name`, `ipaddr`, `login_location`, `browser`, `os`, `status`, `msg`, `login_time`) VALUES (369, 'admin', '223.104.41.99', '内网IP', 'Chrome 133', 'Windows 10', '0', '登录成功', '2025-02-25 13:31:38');
INSERT INTO `sys_logininfor` (`info_id`, `user_name`, `ipaddr`, `login_location`, `browser`, `os`, `status`, `msg`, `login_time`) VALUES (370, 'admin', '119.147.10.206', '内网IP', 'Chrome 133', 'Windows 10', '0', '登录成功', '2025-02-25 14:28:31');
INSERT INTO `sys_logininfor` (`info_id`, `user_name`, `ipaddr`, `login_location`, `browser`, `os`, `status`, `msg`, `login_time`) VALUES (371, 'admin', '112.97.65.92', '内网IP', 'Chrome 124', 'Windows 10', '0', '登录成功', '2025-02-25 14:38:33');
INSERT INTO `sys_logininfor` (`info_id`, `user_name`, `ipaddr`, `login_location`, `browser`, `os`, `status`, `msg`, `login_time`) VALUES (372, 'admin', '113.88.146.63', '内网IP', 'Chrome 122', 'Windows 10', '1', '密码错误', '2025-02-25 14:38:41');
INSERT INTO `sys_logininfor` (`info_id`, `user_name`, `ipaddr`, `login_location`, `browser`, `os`, `status`, `msg`, `login_time`) VALUES (373, 'admin', '113.88.146.63', '内网IP', 'Chrome 122', 'Windows 10', '1', '密码错误', '2025-02-25 14:38:46');
INSERT INTO `sys_logininfor` (`info_id`, `user_name`, `ipaddr`, `login_location`, `browser`, `os`, `status`, `msg`, `login_time`) VALUES (374, 'admin', '113.88.146.63', '内网IP', 'Chrome 122', 'Windows 10', '0', '登录成功', '2025-02-25 14:39:00');
INSERT INTO `sys_logininfor` (`info_id`, `user_name`, `ipaddr`, `login_location`, `browser`, `os`, `status`, `msg`, `login_time`) VALUES (375, 'admin', '183.162.232.102', '内网IP', 'Chrome 132', 'Mac OS X 13', '1', '密码错误', '2025-02-25 15:10:29');
INSERT INTO `sys_logininfor` (`info_id`, `user_name`, `ipaddr`, `login_location`, `browser`, `os`, `status`, `msg`, `login_time`) VALUES (376, 'admin', '183.162.232.102', '内网IP', 'Chrome 132', 'Mac OS X 13', '0', '登录成功', '2025-02-25 15:10:45');
INSERT INTO `sys_logininfor` (`info_id`, `user_name`, `ipaddr`, `login_location`, `browser`, `os`, `status`, `msg`, `login_time`) VALUES (377, 'admin', '59.158.99.114', '内网IP', 'Chrome 133', 'Windows 10', '0', '登录成功', '2025-02-25 15:50:38');
INSERT INTO `sys_logininfor` (`info_id`, `user_name`, `ipaddr`, `login_location`, `browser`, `os`, `status`, `msg`, `login_time`) VALUES (378, 'admin', '111.201.54.76', '内网IP', 'Edge 133', 'Mac OS X 10', '0', '登录成功', '2025-02-25 16:05:59');
INSERT INTO `sys_logininfor` (`info_id`, `user_name`, `ipaddr`, `login_location`, `browser`, `os`, `status`, `msg`, `login_time`) VALUES (379, 'admin', '183.156.122.105', '内网IP', 'Edge Mobile 133', 'Android 10', '0', '登录成功', '2025-02-25 16:47:19');
INSERT INTO `sys_logininfor` (`info_id`, `user_name`, `ipaddr`, `login_location`, `browser`, `os`, `status`, `msg`, `login_time`) VALUES (380, 'admin', '112.32.203.224', '内网IP', 'Chrome 131', 'Windows 10', '1', '验证码错误', '2025-02-25 18:06:47');
INSERT INTO `sys_logininfor` (`info_id`, `user_name`, `ipaddr`, `login_location`, `browser`, `os`, `status`, `msg`, `login_time`) VALUES (381, 'admin', '112.32.203.224', '内网IP', 'Chrome 131', 'Windows 10', '1', '验证码错误', '2025-02-25 18:06:51');
INSERT INTO `sys_logininfor` (`info_id`, `user_name`, `ipaddr`, `login_location`, `browser`, `os`, `status`, `msg`, `login_time`) VALUES (382, 'admin', '112.32.203.224', '内网IP', 'Chrome 131', 'Windows 10', '0', '登录成功', '2025-02-25 18:06:55');
INSERT INTO `sys_logininfor` (`info_id`, `user_name`, `ipaddr`, `login_location`, `browser`, `os`, `status`, `msg`, `login_time`) VALUES (383, 'admin', '163.142.111.94', '内网IP', 'Edge 131', 'Windows 10', '0', '登录成功', '2025-02-25 18:13:54');
INSERT INTO `sys_logininfor` (`info_id`, `user_name`, `ipaddr`, `login_location`, `browser`, `os`, `status`, `msg`, `login_time`) VALUES (384, 'admin', '39.144.38.203', '内网IP', 'MiuiBrowser 19', 'Android 15', '0', '登录成功', '2025-02-25 18:40:25');
INSERT INTO `sys_logininfor` (`info_id`, `user_name`, `ipaddr`, `login_location`, `browser`, `os`, `status`, `msg`, `login_time`) VALUES (385, 'admin', '111.46.9.7', '内网IP', 'Chrome 133', 'Windows 10', '0', '登录成功', '2025-02-25 18:43:27');
INSERT INTO `sys_logininfor` (`info_id`, `user_name`, `ipaddr`, `login_location`, `browser`, `os`, `status`, `msg`, `login_time`) VALUES (386, 'admin', '220.248.229.238', '内网IP', 'Edge 133', 'Windows 10', '0', '登录成功', '2025-02-25 19:30:38');
INSERT INTO `sys_logininfor` (`info_id`, `user_name`, `ipaddr`, `login_location`, `browser`, `os`, `status`, `msg`, `login_time`) VALUES (387, 'admin', '14.154.46.67', '内网IP', 'Edge 132', 'Mac OS X 10', '0', '登录成功', '2025-02-25 19:35:45');
INSERT INTO `sys_logininfor` (`info_id`, `user_name`, `ipaddr`, `login_location`, `browser`, `os`, `status`, `msg`, `login_time`) VALUES (388, 'admin', '121.236.241.117', '内网IP', 'Chrome 133', 'Windows 10', '0', '登录成功', '2025-02-25 19:55:32');
INSERT INTO `sys_logininfor` (`info_id`, `user_name`, `ipaddr`, `login_location`, `browser`, `os`, `status`, `msg`, `login_time`) VALUES (389, 'admin', '39.91.1.147', '内网IP', 'Chrome 133', 'Mac OS X 10', '0', '登录成功', '2025-02-25 20:37:24');
INSERT INTO `sys_logininfor` (`info_id`, `user_name`, `ipaddr`, `login_location`, `browser`, `os`, `status`, `msg`, `login_time`) VALUES (390, 'admin', '112.93.156.225', '内网IP', 'Chrome 133', 'Windows 10', '1', '密码错误', '2025-02-25 22:03:00');
INSERT INTO `sys_logininfor` (`info_id`, `user_name`, `ipaddr`, `login_location`, `browser`, `os`, `status`, `msg`, `login_time`) VALUES (391, 'admin', '112.93.156.225', '内网IP', 'Chrome 133', 'Windows 10', '0', '登录成功', '2025-02-25 22:03:17');
INSERT INTO `sys_logininfor` (`info_id`, `user_name`, `ipaddr`, `login_location`, `browser`, `os`, `status`, `msg`, `login_time`) VALUES (392, 'admin', '111.175.40.133', '内网IP', 'Edge 133', 'Windows 10', '0', '登录成功', '2025-02-25 23:35:49');
INSERT INTO `sys_logininfor` (`info_id`, `user_name`, `ipaddr`, `login_location`, `browser`, `os`, `status`, `msg`, `login_time`) VALUES (393, 'admin', '171.37.15.22', '内网IP', 'Edge 126', 'Windows 10', '0', '登录成功', '2025-02-26 00:55:25');
INSERT INTO `sys_logininfor` (`info_id`, `user_name`, `ipaddr`, `login_location`, `browser`, `os`, `status`, `msg`, `login_time`) VALUES (394, 'admin', '124.227.181.155', '内网IP', 'Edge 133', 'Windows 10', '1', '验证码已失效', '2025-02-26 02:27:30');
INSERT INTO `sys_logininfor` (`info_id`, `user_name`, `ipaddr`, `login_location`, `browser`, `os`, `status`, `msg`, `login_time`) VALUES (395, 'admin', '124.227.181.155', '内网IP', 'Edge 133', 'Windows 10', '0', '登录成功', '2025-02-26 02:27:39');
INSERT INTO `sys_logininfor` (`info_id`, `user_name`, `ipaddr`, `login_location`, `browser`, `os`, `status`, `msg`, `login_time`) VALUES (396, 'admin', '117.189.189.167', '内网IP', 'Edge 133', 'Windows 10', '0', '登录成功', '2025-02-26 06:50:21');
INSERT INTO `sys_logininfor` (`info_id`, `user_name`, `ipaddr`, `login_location`, `browser`, `os`, `status`, `msg`, `login_time`) VALUES (397, 'admin', '111.46.9.7', '内网IP', 'Chrome 133', 'Windows 10', '0', '登录成功', '2025-02-26 08:01:54');
INSERT INTO `sys_logininfor` (`info_id`, `user_name`, `ipaddr`, `login_location`, `browser`, `os`, `status`, `msg`, `login_time`) VALUES (398, 'richard', '140.250.214.3', '内网IP', 'Chrome 133', 'Mac OS X 10', '0', '登录成功', '2025-02-26 08:07:34');
INSERT INTO `sys_logininfor` (`info_id`, `user_name`, `ipaddr`, `login_location`, `browser`, `os`, `status`, `msg`, `login_time`) VALUES (399, 'admin', '14.31.74.40', '内网IP', 'Edge 133', 'Windows 10', '1', '密码错误', '2025-02-26 09:02:06');
INSERT INTO `sys_logininfor` (`info_id`, `user_name`, `ipaddr`, `login_location`, `browser`, `os`, `status`, `msg`, `login_time`) VALUES (400, 'admin', '14.31.74.40', '内网IP', 'Edge 133', 'Windows 10', '1', '验证码错误', '2025-02-26 09:02:10');
INSERT INTO `sys_logininfor` (`info_id`, `user_name`, `ipaddr`, `login_location`, `browser`, `os`, `status`, `msg`, `login_time`) VALUES (401, 'admin', '14.31.74.40', '内网IP', 'Edge 133', 'Windows 10', '1', '验证码错误', '2025-02-26 09:02:15');
INSERT INTO `sys_logininfor` (`info_id`, `user_name`, `ipaddr`, `login_location`, `browser`, `os`, `status`, `msg`, `login_time`) VALUES (402, 'admin', '14.31.74.40', '内网IP', 'Edge 133', 'Windows 10', '1', '验证码错误', '2025-02-26 09:02:59');
INSERT INTO `sys_logininfor` (`info_id`, `user_name`, `ipaddr`, `login_location`, `browser`, `os`, `status`, `msg`, `login_time`) VALUES (403, 'admin', '14.31.74.40', '内网IP', 'Edge 133', 'Windows 10', '0', '登录成功', '2025-02-26 09:03:03');
INSERT INTO `sys_logininfor` (`info_id`, `user_name`, `ipaddr`, `login_location`, `browser`, `os`, `status`, `msg`, `login_time`) VALUES (404, 'admin', '140.250.214.3', '内网IP', 'Chrome 133', 'Mac OS X 10', '0', '登录成功', '2025-02-26 09:28:45');
INSERT INTO `sys_logininfor` (`info_id`, `user_name`, `ipaddr`, `login_location`, `browser`, `os`, `status`, `msg`, `login_time`) VALUES (405, 'admin', '140.250.214.3', '内网IP', 'Edge 133', 'Windows 10', '0', '登录成功', '2025-02-26 09:32:07');
INSERT INTO `sys_logininfor` (`info_id`, `user_name`, `ipaddr`, `login_location`, `browser`, `os`, `status`, `msg`, `login_time`) VALUES (406, 'admin', '118.78.90.250', '内网IP', 'Edge 126', 'Windows 10', '0', '登录成功', '2025-02-26 09:42:07');
INSERT INTO `sys_logininfor` (`info_id`, `user_name`, `ipaddr`, `login_location`, `browser`, `os`, `status`, `msg`, `login_time`) VALUES (407, 'admin', '222.95.109.195', '内网IP', 'QQ Browser 13', 'Windows 10', '0', '登录成功', '2025-02-26 09:45:59');
INSERT INTO `sys_logininfor` (`info_id`, `user_name`, `ipaddr`, `login_location`, `browser`, `os`, `status`, `msg`, `login_time`) VALUES (408, 'admin', '113.104.181.196', '内网IP', 'Edge 133', 'Windows 10', '0', '登录成功', '2025-02-26 11:09:32');
INSERT INTO `sys_logininfor` (`info_id`, `user_name`, `ipaddr`, `login_location`, `browser`, `os`, `status`, `msg`, `login_time`) VALUES (409, 'admin', '114.28.69.239', '内网IP', 'Chrome 133', 'Mac OS X 10', '1', '验证码错误', '2025-02-26 12:05:29');
INSERT INTO `sys_logininfor` (`info_id`, `user_name`, `ipaddr`, `login_location`, `browser`, `os`, `status`, `msg`, `login_time`) VALUES (410, 'admin', '114.28.69.239', '内网IP', 'Chrome 133', 'Mac OS X 10', '0', '登录成功', '2025-02-26 12:05:32');
INSERT INTO `sys_logininfor` (`info_id`, `user_name`, `ipaddr`, `login_location`, `browser`, `os`, `status`, `msg`, `login_time`) VALUES (411, 'admin', '218.199.207.113', '内网IP', 'Chrome 130', 'Windows 10', '0', '登录成功', '2025-02-26 12:08:11');
INSERT INTO `sys_logininfor` (`info_id`, `user_name`, `ipaddr`, `login_location`, `browser`, `os`, `status`, `msg`, `login_time`) VALUES (412, 'admin', '124.227.181.155', '内网IP', 'Edge 133', 'Windows 10', '1', '验证码错误', '2025-02-26 14:39:04');
INSERT INTO `sys_logininfor` (`info_id`, `user_name`, `ipaddr`, `login_location`, `browser`, `os`, `status`, `msg`, `login_time`) VALUES (413, 'admin', '124.227.181.155', '内网IP', 'Edge 133', 'Windows 10', '0', '登录成功', '2025-02-26 14:39:08');
INSERT INTO `sys_logininfor` (`info_id`, `user_name`, `ipaddr`, `login_location`, `browser`, `os`, `status`, `msg`, `login_time`) VALUES (414, 'admin', '61.189.159.184', '内网IP', 'Chrome 132', 'Windows 10', '0', '登录成功', '2025-02-26 16:03:22');
INSERT INTO `sys_logininfor` (`info_id`, `user_name`, `ipaddr`, `login_location`, `browser`, `os`, `status`, `msg`, `login_time`) VALUES (415, 'aaadad', '117.57.68.102', '内网IP', 'Chrome 133', 'Windows 10', '1', '用户不存在', '2025-02-26 16:32:43');
INSERT INTO `sys_logininfor` (`info_id`, `user_name`, `ipaddr`, `login_location`, `browser`, `os`, `status`, `msg`, `login_time`) VALUES (416, 'admin', '117.57.68.102', '内网IP', 'Chrome 133', 'Windows 10', '0', '登录成功', '2025-02-26 16:32:58');
INSERT INTO `sys_logininfor` (`info_id`, `user_name`, `ipaddr`, `login_location`, `browser`, `os`, `status`, `msg`, `login_time`) VALUES (417, 'admin', '117.93.12.78', '内网IP', 'Edge 133', 'Windows 10', '0', '登录成功', '2025-02-26 16:44:24');
INSERT INTO `sys_logininfor` (`info_id`, `user_name`, `ipaddr`, `login_location`, `browser`, `os`, `status`, `msg`, `login_time`) VALUES (418, 'admin', '183.93.173.113', '内网IP', 'Safari 18', 'Mac OS X 10', '0', '登录成功', '2025-02-26 16:54:34');
INSERT INTO `sys_logininfor` (`info_id`, `user_name`, `ipaddr`, `login_location`, `browser`, `os`, `status`, `msg`, `login_time`) VALUES (419, 'admin', '223.11.220.237', '内网IP', 'Chrome 133', 'Windows 10', '0', '登录成功', '2025-02-26 17:00:43');
INSERT INTO `sys_logininfor` (`info_id`, `user_name`, `ipaddr`, `login_location`, `browser`, `os`, `status`, `msg`, `login_time`) VALUES (420, 'admin', '124.227.181.155', '内网IP', 'Edge 133', 'Windows 10', '0', '登录成功', '2025-02-26 17:11:01');
INSERT INTO `sys_logininfor` (`info_id`, `user_name`, `ipaddr`, `login_location`, `browser`, `os`, `status`, `msg`, `login_time`) VALUES (421, 'admin', '183.95.249.56', '内网IP', 'QQ Browser 13', 'Windows 10', '0', '登录成功', '2025-02-26 18:29:26');
INSERT INTO `sys_logininfor` (`info_id`, `user_name`, `ipaddr`, `login_location`, `browser`, `os`, `status`, `msg`, `login_time`) VALUES (422, 'admin', '116.4.188.56', '内网IP', 'Edge 134', 'Windows 10', '0', '登录成功', '2025-02-26 20:25:39');
INSERT INTO `sys_logininfor` (`info_id`, `user_name`, `ipaddr`, `login_location`, `browser`, `os`, `status`, `msg`, `login_time`) VALUES (423, 'admin', '120.245.112.246', '内网IP', 'Safari 18', 'Mac OS X 10', '0', '登录成功', '2025-02-26 23:26:58');
INSERT INTO `sys_logininfor` (`info_id`, `user_name`, `ipaddr`, `login_location`, `browser`, `os`, `status`, `msg`, `login_time`) VALUES (424, 'admin', '171.37.15.22', '内网IP', 'Edge 126', 'Windows 10', '0', '登录成功', '2025-02-27 00:32:25');
INSERT INTO `sys_logininfor` (`info_id`, `user_name`, `ipaddr`, `login_location`, `browser`, `os`, `status`, `msg`, `login_time`) VALUES (425, 'admin', '110.86.200.78', '内网IP', 'Chrome Mobile 103', 'Android 12', '0', '登录成功', '2025-02-27 02:13:54');
INSERT INTO `sys_logininfor` (`info_id`, `user_name`, `ipaddr`, `login_location`, `browser`, `os`, `status`, `msg`, `login_time`) VALUES (426, 'admin', '115.46.142.120', '内网IP', 'Chrome Mobile 90', 'Android 11', '0', '登录成功', '2025-02-27 07:43:46');
INSERT INTO `sys_logininfor` (`info_id`, `user_name`, `ipaddr`, `login_location`, `browser`, `os`, `status`, `msg`, `login_time`) VALUES (427, 'admin', '117.57.68.102', '内网IP', 'Chrome 133', 'Windows 10', '1', '验证码已失效', '2025-02-27 08:00:27');
INSERT INTO `sys_logininfor` (`info_id`, `user_name`, `ipaddr`, `login_location`, `browser`, `os`, `status`, `msg`, `login_time`) VALUES (428, 'admin', '117.57.68.102', '内网IP', 'Chrome 133', 'Windows 10', '1', '验证码错误', '2025-02-27 08:00:37');
INSERT INTO `sys_logininfor` (`info_id`, `user_name`, `ipaddr`, `login_location`, `browser`, `os`, `status`, `msg`, `login_time`) VALUES (429, 'admin', '117.57.68.102', '内网IP', 'Chrome 133', 'Windows 10', '0', '登录成功', '2025-02-27 08:00:41');
INSERT INTO `sys_logininfor` (`info_id`, `user_name`, `ipaddr`, `login_location`, `browser`, `os`, `status`, `msg`, `login_time`) VALUES (430, 'admin', '180.233.81.36', '内网IP', 'Chrome 133', 'Windows 10', '0', '登录成功', '2025-02-27 10:34:55');
INSERT INTO `sys_logininfor` (`info_id`, `user_name`, `ipaddr`, `login_location`, `browser`, `os`, `status`, `msg`, `login_time`) VALUES (431, 'admin', '117.181.183.15', '内网IP', 'Chrome 133', 'Windows 10', '0', '登录成功', '2025-02-27 10:43:48');
INSERT INTO `sys_logininfor` (`info_id`, `user_name`, `ipaddr`, `login_location`, `browser`, `os`, `status`, `msg`, `login_time`) VALUES (432, 'admin', '113.87.83.237', '内网IP', 'Chrome 123', 'Windows 10', '0', '登录成功', '2025-02-27 11:59:11');
INSERT INTO `sys_logininfor` (`info_id`, `user_name`, `ipaddr`, `login_location`, `browser`, `os`, `status`, `msg`, `login_time`) VALUES (433, 'admin', '113.87.81.92', '内网IP', 'Chrome 132', 'Windows 10', '0', '登录成功', '2025-02-27 12:28:18');
INSERT INTO `sys_logininfor` (`info_id`, `user_name`, `ipaddr`, `login_location`, `browser`, `os`, `status`, `msg`, `login_time`) VALUES (434, 'admin', '112.2.254.120', '内网IP', 'Edge 133', 'Windows 10', '0', '登录成功', '2025-02-27 18:04:27');
INSERT INTO `sys_logininfor` (`info_id`, `user_name`, `ipaddr`, `login_location`, `browser`, `os`, `status`, `msg`, `login_time`) VALUES (435, 'admin', '116.169.71.150', '内网IP', 'Edge 133', 'Windows 10', '0', '登录成功', '2025-02-27 19:08:48');
INSERT INTO `sys_logininfor` (`info_id`, `user_name`, `ipaddr`, `login_location`, `browser`, `os`, `status`, `msg`, `login_time`) VALUES (436, 'admin', '223.73.185.109', '内网IP', 'Edge 133', 'Windows 10', '0', '登录成功', '2025-02-27 21:08:16');
INSERT INTO `sys_logininfor` (`info_id`, `user_name`, `ipaddr`, `login_location`, `browser`, `os`, `status`, `msg`, `login_time`) VALUES (437, 'admin', '180.233.81.36', '内网IP', 'Chrome 133', 'Windows 10', '0', '登录成功', '2025-02-27 23:52:10');
INSERT INTO `sys_logininfor` (`info_id`, `user_name`, `ipaddr`, `login_location`, `browser`, `os`, `status`, `msg`, `login_time`) VALUES (438, 'admin', '111.43.11.187', '内网IP', 'Chrome Mobile 98', 'Android 11', '1', '密码错误', '2025-02-28 01:51:54');
INSERT INTO `sys_logininfor` (`info_id`, `user_name`, `ipaddr`, `login_location`, `browser`, `os`, `status`, `msg`, `login_time`) VALUES (439, 'admin', '111.43.11.187', '内网IP', 'Chrome Mobile 98', 'Android 11', '1', '密码错误', '2025-02-28 01:54:31');
INSERT INTO `sys_logininfor` (`info_id`, `user_name`, `ipaddr`, `login_location`, `browser`, `os`, `status`, `msg`, `login_time`) VALUES (440, 'admin', '111.43.11.187', '内网IP', 'Chrome Mobile 98', 'Android 11', '1', '密码错误', '2025-02-28 01:54:53');
INSERT INTO `sys_logininfor` (`info_id`, `user_name`, `ipaddr`, `login_location`, `browser`, `os`, `status`, `msg`, `login_time`) VALUES (441, 'admin', '111.43.11.187', '内网IP', 'Chrome Mobile 98', 'Android 11', '0', '登录成功', '2025-02-28 01:55:55');
INSERT INTO `sys_logininfor` (`info_id`, `user_name`, `ipaddr`, `login_location`, `browser`, `os`, `status`, `msg`, `login_time`) VALUES (442, 'admin', '111.43.11.187', '内网IP', 'Edge 133', 'Windows 10', '0', '登录成功', '2025-02-28 02:07:42');
INSERT INTO `sys_logininfor` (`info_id`, `user_name`, `ipaddr`, `login_location`, `browser`, `os`, `status`, `msg`, `login_time`) VALUES (443, 'admin', '223.104.78.193', '内网IP', 'Chrome 114', 'Android 12', '0', '登录成功', '2025-02-28 03:04:47');
INSERT INTO `sys_logininfor` (`info_id`, `user_name`, `ipaddr`, `login_location`, `browser`, `os`, `status`, `msg`, `login_time`) VALUES (444, 'admin', '123.147.247.119', '内网IP', 'Chrome 133', 'Windows 10', '0', '登录成功', '2025-02-28 09:08:38');
INSERT INTO `sys_logininfor` (`info_id`, `user_name`, `ipaddr`, `login_location`, `browser`, `os`, `status`, `msg`, `login_time`) VALUES (445, 'admin', '113.104.181.196', '内网IP', 'Edge 133', 'Windows 10', '0', '登录成功', '2025-02-28 10:26:42');
INSERT INTO `sys_logininfor` (`info_id`, `user_name`, `ipaddr`, `login_location`, `browser`, `os`, `status`, `msg`, `login_time`) VALUES (446, 'admin', '120.230.104.177', '内网IP', 'Edge 133', 'Windows 10', '0', '登录成功', '2025-02-28 12:56:26');
INSERT INTO `sys_logininfor` (`info_id`, `user_name`, `ipaddr`, `login_location`, `browser`, `os`, `status`, `msg`, `login_time`) VALUES (447, 'admin', '125.70.181.18', '内网IP', 'Chrome 133', 'Windows 10', '0', '登录成功', '2025-02-28 13:36:22');
INSERT INTO `sys_logininfor` (`info_id`, `user_name`, `ipaddr`, `login_location`, `browser`, `os`, `status`, `msg`, `login_time`) VALUES (448, 'admin', '180.233.81.36', '内网IP', 'Chrome 133', 'Windows 10', '0', '登录成功', '2025-02-28 16:10:06');
INSERT INTO `sys_logininfor` (`info_id`, `user_name`, `ipaddr`, `login_location`, `browser`, `os`, `status`, `msg`, `login_time`) VALUES (449, 'admin', '123.114.236.244', '内网IP', 'Firefox 136', 'Windows 10', '0', '登录成功', '2025-02-28 16:27:09');
INSERT INTO `sys_logininfor` (`info_id`, `user_name`, `ipaddr`, `login_location`, `browser`, `os`, `status`, `msg`, `login_time`) VALUES (450, 'admin', '111.175.40.133', '内网IP', 'Edge 133', 'Windows 10', '1', '验证码已失效', '2025-02-28 16:55:41');
INSERT INTO `sys_logininfor` (`info_id`, `user_name`, `ipaddr`, `login_location`, `browser`, `os`, `status`, `msg`, `login_time`) VALUES (451, 'admin', '111.175.40.133', '内网IP', 'Edge 133', 'Windows 10', '0', '登录成功', '2025-02-28 16:55:45');
INSERT INTO `sys_logininfor` (`info_id`, `user_name`, `ipaddr`, `login_location`, `browser`, `os`, `status`, `msg`, `login_time`) VALUES (452, 'admin', '111.43.11.187', '内网IP', 'Edge 133', 'Windows 10', '0', '登录成功', '2025-02-28 22:41:13');
INSERT INTO `sys_logininfor` (`info_id`, `user_name`, `ipaddr`, `login_location`, `browser`, `os`, `status`, `msg`, `login_time`) VALUES (453, 'admin', '171.36.19.227', '内网IP', 'Edge 126', 'Windows 10', '0', '登录成功', '2025-02-28 23:25:31');
INSERT INTO `sys_logininfor` (`info_id`, `user_name`, `ipaddr`, `login_location`, `browser`, `os`, `status`, `msg`, `login_time`) VALUES (454, 'admin', '110.229.176.152', '内网IP', 'Chrome Mobile 133', 'Android 10', '1', '验证码错误', '2025-03-01 00:00:06');
INSERT INTO `sys_logininfor` (`info_id`, `user_name`, `ipaddr`, `login_location`, `browser`, `os`, `status`, `msg`, `login_time`) VALUES (455, 'admin', '110.229.176.152', '内网IP', 'Chrome Mobile 133', 'Android 10', '1', '验证码错误', '2025-03-01 00:00:08');
INSERT INTO `sys_logininfor` (`info_id`, `user_name`, `ipaddr`, `login_location`, `browser`, `os`, `status`, `msg`, `login_time`) VALUES (456, 'admin', '110.229.176.152', '内网IP', 'Chrome Mobile 133', 'Android 10', '0', '登录成功', '2025-03-01 00:00:13');
INSERT INTO `sys_logininfor` (`info_id`, `user_name`, `ipaddr`, `login_location`, `browser`, `os`, `status`, `msg`, `login_time`) VALUES (457, 'admin', '223.160.226.176', '内网IP', 'Chrome 127', 'Windows 10', '1', '密码错误', '2025-03-01 05:02:43');
INSERT INTO `sys_logininfor` (`info_id`, `user_name`, `ipaddr`, `login_location`, `browser`, `os`, `status`, `msg`, `login_time`) VALUES (458, 'FluxAdmin', '223.160.226.176', '内网IP', 'Chrome 127', 'Windows 10', '1', '用户不存在', '2025-03-01 05:02:50');
INSERT INTO `sys_logininfor` (`info_id`, `user_name`, `ipaddr`, `login_location`, `browser`, `os`, `status`, `msg`, `login_time`) VALUES (459, 'admin', '223.160.226.176', '内网IP', 'Chrome 127', 'Windows 10', '1', '验证码错误', '2025-03-01 05:02:55');
INSERT INTO `sys_logininfor` (`info_id`, `user_name`, `ipaddr`, `login_location`, `browser`, `os`, `status`, `msg`, `login_time`) VALUES (460, 'admin', '223.160.226.176', '内网IP', 'Chrome 127', 'Windows 10', '1', '密码错误', '2025-03-01 05:03:00');
INSERT INTO `sys_logininfor` (`info_id`, `user_name`, `ipaddr`, `login_location`, `browser`, `os`, `status`, `msg`, `login_time`) VALUES (461, 'admin', '223.160.226.176', '内网IP', 'Chrome 127', 'Windows 10', '1', '密码错误', '2025-03-01 05:03:07');
INSERT INTO `sys_logininfor` (`info_id`, `user_name`, `ipaddr`, `login_location`, `browser`, `os`, `status`, `msg`, `login_time`) VALUES (462, 'admin', '223.160.226.176', '内网IP', 'Chrome 127', 'Windows 10', '0', '登录成功', '2025-03-01 05:03:24');
INSERT INTO `sys_logininfor` (`info_id`, `user_name`, `ipaddr`, `login_location`, `browser`, `os`, `status`, `msg`, `login_time`) VALUES (463, 'admin', '61.143.126.254', '内网IP', 'Chrome 133', 'Windows 10', '0', '登录成功', '2025-03-01 07:57:47');
INSERT INTO `sys_logininfor` (`info_id`, `user_name`, `ipaddr`, `login_location`, `browser`, `os`, `status`, `msg`, `login_time`) VALUES (464, 'admin', '119.130.57.127', '内网IP', 'Edge 120', 'Windows 10', '1', '密码错误', '2025-03-01 08:27:41');
INSERT INTO `sys_logininfor` (`info_id`, `user_name`, `ipaddr`, `login_location`, `browser`, `os`, `status`, `msg`, `login_time`) VALUES (465, 'admin', '119.130.57.127', '内网IP', 'Edge 120', 'Windows 10', '1', '验证码错误', '2025-03-01 08:27:50');
INSERT INTO `sys_logininfor` (`info_id`, `user_name`, `ipaddr`, `login_location`, `browser`, `os`, `status`, `msg`, `login_time`) VALUES (466, 'admin', '119.130.57.127', '内网IP', 'Edge 120', 'Windows 10', '0', '登录成功', '2025-03-01 08:27:54');
INSERT INTO `sys_logininfor` (`info_id`, `user_name`, `ipaddr`, `login_location`, `browser`, `os`, `status`, `msg`, `login_time`) VALUES (467, 'admin', '113.66.117.103', '内网IP', 'Edge 133', 'Windows 10', '0', '登录成功', '2025-03-01 11:11:04');
INSERT INTO `sys_logininfor` (`info_id`, `user_name`, `ipaddr`, `login_location`, `browser`, `os`, `status`, `msg`, `login_time`) VALUES (468, 'admin', '14.150.129.22', '内网IP', 'Chrome 114', 'Android 12', '0', '登录成功', '2025-03-01 12:39:57');
INSERT INTO `sys_logininfor` (`info_id`, `user_name`, `ipaddr`, `login_location`, `browser`, `os`, `status`, `msg`, `login_time`) VALUES (469, 'admin', '182.88.132.124', '内网IP', 'Edge 126', 'Windows 10', '0', '登录成功', '2025-03-01 13:12:04');
INSERT INTO `sys_logininfor` (`info_id`, `user_name`, `ipaddr`, `login_location`, `browser`, `os`, `status`, `msg`, `login_time`) VALUES (470, 'admin', '223.74.177.243', '内网IP', 'Edge 131', 'Windows 10', '1', '验证码错误', '2025-03-01 14:36:44');
INSERT INTO `sys_logininfor` (`info_id`, `user_name`, `ipaddr`, `login_location`, `browser`, `os`, `status`, `msg`, `login_time`) VALUES (471, 'admin', '223.74.177.243', '内网IP', 'Edge 131', 'Windows 10', '0', '登录成功', '2025-03-01 14:36:47');
INSERT INTO `sys_logininfor` (`info_id`, `user_name`, `ipaddr`, `login_location`, `browser`, `os`, `status`, `msg`, `login_time`) VALUES (472, 'admin', '89.187.28.90', '内网IP', 'Chrome 133', 'Windows 10', '0', '登录成功', '2025-03-01 15:31:59');
INSERT INTO `sys_logininfor` (`info_id`, `user_name`, `ipaddr`, `login_location`, `browser`, `os`, `status`, `msg`, `login_time`) VALUES (473, 'admin', '124.93.196.9', '内网IP', 'Edge 133', 'Windows 10', '0', '登录成功', '2025-03-01 15:53:11');
INSERT INTO `sys_logininfor` (`info_id`, `user_name`, `ipaddr`, `login_location`, `browser`, `os`, `status`, `msg`, `login_time`) VALUES (474, 'admin', '124.93.196.9', '内网IP', 'Edge 133', 'Windows 10', '0', '登录成功', '2025-03-01 16:01:40');
INSERT INTO `sys_logininfor` (`info_id`, `user_name`, `ipaddr`, `login_location`, `browser`, `os`, `status`, `msg`, `login_time`) VALUES (475, 'admin', '120.244.184.125', '内网IP', 'Chrome 133', 'Mac OS X 10', '1', '密码错误', '2025-03-01 17:20:20');
INSERT INTO `sys_logininfor` (`info_id`, `user_name`, `ipaddr`, `login_location`, `browser`, `os`, `status`, `msg`, `login_time`) VALUES (476, 'admin', '120.244.184.125', '内网IP', 'Chrome 133', 'Mac OS X 10', '1', '验证码错误', '2025-03-01 17:20:27');
INSERT INTO `sys_logininfor` (`info_id`, `user_name`, `ipaddr`, `login_location`, `browser`, `os`, `status`, `msg`, `login_time`) VALUES (477, 'admin', '120.244.184.125', '内网IP', 'Chrome 133', 'Mac OS X 10', '1', '密码错误', '2025-03-01 17:20:37');
INSERT INTO `sys_logininfor` (`info_id`, `user_name`, `ipaddr`, `login_location`, `browser`, `os`, `status`, `msg`, `login_time`) VALUES (478, 'admin', '120.244.184.125', '内网IP', 'Chrome 133', 'Mac OS X 10', '1', '验证码错误', '2025-03-01 17:20:38');
INSERT INTO `sys_logininfor` (`info_id`, `user_name`, `ipaddr`, `login_location`, `browser`, `os`, `status`, `msg`, `login_time`) VALUES (479, 'admin', '120.244.184.125', '内网IP', 'Chrome 133', 'Mac OS X 10', '1', '验证码错误', '2025-03-01 17:20:38');
INSERT INTO `sys_logininfor` (`info_id`, `user_name`, `ipaddr`, `login_location`, `browser`, `os`, `status`, `msg`, `login_time`) VALUES (480, 'admin', '120.244.184.125', '内网IP', 'Chrome 133', 'Mac OS X 10', '1', '验证码错误', '2025-03-01 17:20:39');
INSERT INTO `sys_logininfor` (`info_id`, `user_name`, `ipaddr`, `login_location`, `browser`, `os`, `status`, `msg`, `login_time`) VALUES (481, 'admin', '120.244.184.125', '内网IP', 'Chrome 133', 'Mac OS X 10', '1', '验证码错误', '2025-03-01 17:20:39');
INSERT INTO `sys_logininfor` (`info_id`, `user_name`, `ipaddr`, `login_location`, `browser`, `os`, `status`, `msg`, `login_time`) VALUES (482, 'admin', '120.244.184.125', '内网IP', 'Chrome 133', 'Mac OS X 10', '1', '验证码错误', '2025-03-01 17:20:39');
INSERT INTO `sys_logininfor` (`info_id`, `user_name`, `ipaddr`, `login_location`, `browser`, `os`, `status`, `msg`, `login_time`) VALUES (483, 'admin', '120.244.184.125', '内网IP', 'Chrome 133', 'Mac OS X 10', '1', '验证码错误', '2025-03-01 17:20:40');
INSERT INTO `sys_logininfor` (`info_id`, `user_name`, `ipaddr`, `login_location`, `browser`, `os`, `status`, `msg`, `login_time`) VALUES (484, 'admin', '120.244.184.125', '内网IP', 'Chrome 133', 'Mac OS X 10', '1', '验证码错误', '2025-03-01 17:20:40');
INSERT INTO `sys_logininfor` (`info_id`, `user_name`, `ipaddr`, `login_location`, `browser`, `os`, `status`, `msg`, `login_time`) VALUES (485, 'admin', '120.244.184.125', '内网IP', 'Chrome 133', 'Mac OS X 10', '1', '验证码错误', '2025-03-01 17:20:40');
INSERT INTO `sys_logininfor` (`info_id`, `user_name`, `ipaddr`, `login_location`, `browser`, `os`, `status`, `msg`, `login_time`) VALUES (486, 'admin', '120.244.184.125', '内网IP', 'Chrome 133', 'Mac OS X 10', '1', '验证码错误', '2025-03-01 17:20:41');
INSERT INTO `sys_logininfor` (`info_id`, `user_name`, `ipaddr`, `login_location`, `browser`, `os`, `status`, `msg`, `login_time`) VALUES (487, 'admin', '110.229.176.152', '内网IP', 'Chrome 133', 'Linux', '0', '登录成功', '2025-03-01 19:42:24');
INSERT INTO `sys_logininfor` (`info_id`, `user_name`, `ipaddr`, `login_location`, `browser`, `os`, `status`, `msg`, `login_time`) VALUES (488, 'admin', '175.160.79.251', '内网IP', 'Chrome 133', 'Windows 10', '0', '登录成功', '2025-03-01 20:22:11');
INSERT INTO `sys_logininfor` (`info_id`, `user_name`, `ipaddr`, `login_location`, `browser`, `os`, `status`, `msg`, `login_time`) VALUES (489, 'admin', '183.206.172.176', '内网IP', 'Chrome 122', 'Windows 10', '0', '登录成功', '2025-03-01 21:35:55');
INSERT INTO `sys_logininfor` (`info_id`, `user_name`, `ipaddr`, `login_location`, `browser`, `os`, `status`, `msg`, `login_time`) VALUES (490, 'admin', '180.233.81.36', '内网IP', 'Chrome 133', 'Windows 10', '0', '登录成功', '2025-03-01 23:51:55');
INSERT INTO `sys_logininfor` (`info_id`, `user_name`, `ipaddr`, `login_location`, `browser`, `os`, `status`, `msg`, `login_time`) VALUES (491, 'admin', '120.231.206.73', '内网IP', 'Chrome 122', 'Windows 10', '0', '登录成功', '2025-03-02 01:28:39');
INSERT INTO `sys_logininfor` (`info_id`, `user_name`, `ipaddr`, `login_location`, `browser`, `os`, `status`, `msg`, `login_time`) VALUES (492, 'admin', '122.247.153.220', '内网IP', 'Edge 133', 'Mac OS X 10', '0', '登录成功', '2025-03-02 08:59:18');
INSERT INTO `sys_logininfor` (`info_id`, `user_name`, `ipaddr`, `login_location`, `browser`, `os`, `status`, `msg`, `login_time`) VALUES (493, 'admin', '60.255.181.30', '内网IP', 'Chrome 130', 'Mac OS X 10', '0', '登录成功', '2025-03-02 09:22:26');
INSERT INTO `sys_logininfor` (`info_id`, `user_name`, `ipaddr`, `login_location`, `browser`, `os`, `status`, `msg`, `login_time`) VALUES (494, 'admin', '117.28.126.204', '内网IP', 'Chrome 133', 'Windows 10', '0', '登录成功', '2025-03-02 10:58:27');
INSERT INTO `sys_logininfor` (`info_id`, `user_name`, `ipaddr`, `login_location`, `browser`, `os`, `status`, `msg`, `login_time`) VALUES (495, 'admin', '59.42.86.247', '内网IP', 'Edge 123', 'Windows 10', '0', '登录成功', '2025-03-02 12:06:27');
INSERT INTO `sys_logininfor` (`info_id`, `user_name`, `ipaddr`, `login_location`, `browser`, `os`, `status`, `msg`, `login_time`) VALUES (496, 'admin', '222.93.18.84', '内网IP', 'Edge 132', 'Mac OS X 10', '0', '登录成功', '2025-03-02 12:56:21');
INSERT INTO `sys_logininfor` (`info_id`, `user_name`, `ipaddr`, `login_location`, `browser`, `os`, `status`, `msg`, `login_time`) VALUES (497, 'admin', '36.142.52.61', '内网IP', 'Chrome 133', 'Windows 10', '0', '登录成功', '2025-03-02 12:57:56');
INSERT INTO `sys_logininfor` (`info_id`, `user_name`, `ipaddr`, `login_location`, `browser`, `os`, `status`, `msg`, `login_time`) VALUES (498, 'admin', '218.199.207.113', '内网IP', 'Chrome 130', 'Windows 10', '0', '登录成功', '2025-03-02 13:29:38');
INSERT INTO `sys_logininfor` (`info_id`, `user_name`, `ipaddr`, `login_location`, `browser`, `os`, `status`, `msg`, `login_time`) VALUES (499, 'admin', '218.199.207.113', '内网IP', 'Chrome 130', 'Windows 10', '0', '登录成功', '2025-03-02 13:32:41');
INSERT INTO `sys_logininfor` (`info_id`, `user_name`, `ipaddr`, `login_location`, `browser`, `os`, `status`, `msg`, `login_time`) VALUES (500, 'admin', '218.199.207.113', '内网IP', 'Chrome 130', 'Windows 10', '0', '登录成功', '2025-03-02 13:32:58');
INSERT INTO `sys_logininfor` (`info_id`, `user_name`, `ipaddr`, `login_location`, `browser`, `os`, `status`, `msg`, `login_time`) VALUES (501, 'admin', '120.8.120.44', '内网IP', 'Chrome 133', 'Mac OS X 10', '0', '登录成功', '2025-03-02 14:22:01');
INSERT INTO `sys_logininfor` (`info_id`, `user_name`, `ipaddr`, `login_location`, `browser`, `os`, `status`, `msg`, `login_time`) VALUES (502, 'admin', '113.248.63.151', '内网IP', 'Edge 133', 'Windows 10', '1', '验证码已失效', '2025-03-02 14:56:48');
INSERT INTO `sys_logininfor` (`info_id`, `user_name`, `ipaddr`, `login_location`, `browser`, `os`, `status`, `msg`, `login_time`) VALUES (503, 'admin', '113.248.63.151', '内网IP', 'Edge 133', 'Windows 10', '0', '登录成功', '2025-03-02 14:56:51');
INSERT INTO `sys_logininfor` (`info_id`, `user_name`, `ipaddr`, `login_location`, `browser`, `os`, `status`, `msg`, `login_time`) VALUES (504, 'admin', '112.83.97.83', '内网IP', 'Chrome 133', 'Mac OS X 10', '0', '登录成功', '2025-03-02 15:38:17');
INSERT INTO `sys_logininfor` (`info_id`, `user_name`, `ipaddr`, `login_location`, `browser`, `os`, `status`, `msg`, `login_time`) VALUES (505, 'admin', '223.88.17.8', '内网IP', 'Edge 133', 'Windows 10', '0', '登录成功', '2025-03-02 18:22:09');
INSERT INTO `sys_logininfor` (`info_id`, `user_name`, `ipaddr`, `login_location`, `browser`, `os`, `status`, `msg`, `login_time`) VALUES (506, 'admin', '220.200.126.252', '内网IP', 'Chrome 133', 'Windows 10', '1', '密码错误', '2025-03-02 23:41:48');
INSERT INTO `sys_logininfor` (`info_id`, `user_name`, `ipaddr`, `login_location`, `browser`, `os`, `status`, `msg`, `login_time`) VALUES (507, 'admin', '182.88.132.124', '内网IP', 'Edge 126', 'Windows 10', '0', '登录成功', '2025-03-03 00:33:34');
INSERT INTO `sys_logininfor` (`info_id`, `user_name`, `ipaddr`, `login_location`, `browser`, `os`, `status`, `msg`, `login_time`) VALUES (508, 'admin', '220.172.202.246', '内网IP', 'Chrome 122', 'Windows 10', '0', '登录成功', '2025-03-03 07:56:13');
INSERT INTO `sys_logininfor` (`info_id`, `user_name`, `ipaddr`, `login_location`, `browser`, `os`, `status`, `msg`, `login_time`) VALUES (509, 'admin', '49.74.195.58', '内网IP', 'Chrome 133', 'Mac OS X 10', '0', '登录成功', '2025-03-03 14:10:31');
INSERT INTO `sys_logininfor` (`info_id`, `user_name`, `ipaddr`, `login_location`, `browser`, `os`, `status`, `msg`, `login_time`) VALUES (510, 'admin', '175.11.105.170', '内网IP', 'Edge 133', 'Windows 10', '0', '登录成功', '2025-03-03 16:14:50');
INSERT INTO `sys_logininfor` (`info_id`, `user_name`, `ipaddr`, `login_location`, `browser`, `os`, `status`, `msg`, `login_time`) VALUES (511, 'admin', '58.20.59.179', '内网IP', 'Chrome 107', 'Windows 10', '0', '登录成功', '2025-03-03 16:17:46');
INSERT INTO `sys_logininfor` (`info_id`, `user_name`, `ipaddr`, `login_location`, `browser`, `os`, `status`, `msg`, `login_time`) VALUES (512, 'admin', '218.17.123.141', '内网IP', 'Chrome 133', 'Windows 10', '1', '验证码错误', '2025-03-03 17:06:23');
INSERT INTO `sys_logininfor` (`info_id`, `user_name`, `ipaddr`, `login_location`, `browser`, `os`, `status`, `msg`, `login_time`) VALUES (513, 'admin', '218.17.123.141', '内网IP', 'Chrome 133', 'Windows 10', '0', '登录成功', '2025-03-03 17:06:27');
INSERT INTO `sys_logininfor` (`info_id`, `user_name`, `ipaddr`, `login_location`, `browser`, `os`, `status`, `msg`, `login_time`) VALUES (514, 'admin', '219.220.236.39', '内网IP', 'Edge 133', 'Windows 10', '0', '登录成功', '2025-03-03 17:46:03');
INSERT INTO `sys_logininfor` (`info_id`, `user_name`, `ipaddr`, `login_location`, `browser`, `os`, `status`, `msg`, `login_time`) VALUES (515, 'admin', '106.61.249.139', '内网IP', 'Chrome Mobile WebView 130', 'Android 12', '1', '密码错误', '2025-03-03 19:02:32');
INSERT INTO `sys_logininfor` (`info_id`, `user_name`, `ipaddr`, `login_location`, `browser`, `os`, `status`, `msg`, `login_time`) VALUES (516, 'admin', '106.61.249.139', '内网IP', 'Chrome Mobile WebView 130', 'Android 12', '0', '登录成功', '2025-03-03 19:02:49');
INSERT INTO `sys_logininfor` (`info_id`, `user_name`, `ipaddr`, `login_location`, `browser`, `os`, `status`, `msg`, `login_time`) VALUES (517, 'admin', '114.219.141.6', '内网IP', 'Chrome 133', 'Mac OS X 10', '0', '登录成功', '2025-03-03 19:16:29');
INSERT INTO `sys_logininfor` (`info_id`, `user_name`, `ipaddr`, `login_location`, `browser`, `os`, `status`, `msg`, `login_time`) VALUES (518, 'admin', '163.125.218.90', '内网IP', 'Chrome 133', 'Windows 10', '0', '登录成功', '2025-03-03 20:24:16');
INSERT INTO `sys_logininfor` (`info_id`, `user_name`, `ipaddr`, `login_location`, `browser`, `os`, `status`, `msg`, `login_time`) VALUES (519, 'admin', '111.175.40.133', '内网IP', 'Edge 133', 'Windows 10', '1', '验证码已失效', '2025-03-03 20:45:10');
INSERT INTO `sys_logininfor` (`info_id`, `user_name`, `ipaddr`, `login_location`, `browser`, `os`, `status`, `msg`, `login_time`) VALUES (520, 'admin', '111.175.40.133', '内网IP', 'Edge 133', 'Windows 10', '0', '登录成功', '2025-03-03 20:45:13');
INSERT INTO `sys_logininfor` (`info_id`, `user_name`, `ipaddr`, `login_location`, `browser`, `os`, `status`, `msg`, `login_time`) VALUES (521, 'admin', '120.229.36.200', '内网IP', 'Edge 133', 'Windows 10', '0', '登录成功', '2025-03-03 23:55:23');
INSERT INTO `sys_logininfor` (`info_id`, `user_name`, `ipaddr`, `login_location`, `browser`, `os`, `status`, `msg`, `login_time`) VALUES (522, 'admin', '163.142.111.92', '内网IP', 'Edge 131', 'Windows 10', '1', '验证码错误', '2025-03-04 10:06:48');
INSERT INTO `sys_logininfor` (`info_id`, `user_name`, `ipaddr`, `login_location`, `browser`, `os`, `status`, `msg`, `login_time`) VALUES (523, 'admin', '163.142.111.92', '内网IP', 'Edge 131', 'Windows 10', '0', '登录成功', '2025-03-04 10:06:51');
INSERT INTO `sys_logininfor` (`info_id`, `user_name`, `ipaddr`, `login_location`, `browser`, `os`, `status`, `msg`, `login_time`) VALUES (524, 'admin', '120.8.120.44', '内网IP', 'Chrome 133', 'Mac OS X 10', '0', '登录成功', '2025-03-04 11:48:12');
INSERT INTO `sys_logininfor` (`info_id`, `user_name`, `ipaddr`, `login_location`, `browser`, `os`, `status`, `msg`, `login_time`) VALUES (525, 'admin', '103.172.81.132', '内网IP', 'Edge 133', 'Windows 10', '0', '登录成功', '2025-03-04 13:48:57');
INSERT INTO `sys_logininfor` (`info_id`, `user_name`, `ipaddr`, `login_location`, `browser`, `os`, `status`, `msg`, `login_time`) VALUES (526, 'admin', '110.229.176.152', '内网IP', 'Edge 133', 'Windows 10', '0', '登录成功', '2025-03-04 15:49:50');
INSERT INTO `sys_logininfor` (`info_id`, `user_name`, `ipaddr`, `login_location`, `browser`, `os`, `status`, `msg`, `login_time`) VALUES (527, 'test', '163.142.111.92', '内网IP', 'Edge 131', 'Windows 10', '1', '用户不存在', '2025-03-04 15:53:20');
INSERT INTO `sys_logininfor` (`info_id`, `user_name`, `ipaddr`, `login_location`, `browser`, `os`, `status`, `msg`, `login_time`) VALUES (528, 'niangao', '163.142.111.92', '内网IP', 'Edge 131', 'Windows 10', '1', '验证码错误', '2025-03-04 15:53:29');
INSERT INTO `sys_logininfor` (`info_id`, `user_name`, `ipaddr`, `login_location`, `browser`, `os`, `status`, `msg`, `login_time`) VALUES (529, 'niangao', '163.142.111.92', '内网IP', 'Edge 131', 'Windows 10', '0', '登录成功', '2025-03-04 15:53:31');
INSERT INTO `sys_logininfor` (`info_id`, `user_name`, `ipaddr`, `login_location`, `browser`, `os`, `status`, `msg`, `login_time`) VALUES (530, 'admin', '111.43.18.138', '内网IP', 'Edge 133', 'Windows 10', '0', '登录成功', '2025-03-04 16:17:27');
INSERT INTO `sys_logininfor` (`info_id`, `user_name`, `ipaddr`, `login_location`, `browser`, `os`, `status`, `msg`, `login_time`) VALUES (531, 'admin', '111.43.18.138', '内网IP', 'Edge 133', 'Windows 10', '0', '登录成功', '2025-03-04 16:30:26');
INSERT INTO `sys_logininfor` (`info_id`, `user_name`, `ipaddr`, `login_location`, `browser`, `os`, `status`, `msg`, `login_time`) VALUES (532, 'admin', '183.206.172.176', '内网IP', 'Chrome 122', 'Windows 10', '0', '登录成功', '2025-03-04 21:07:59');
INSERT INTO `sys_logininfor` (`info_id`, `user_name`, `ipaddr`, `login_location`, `browser`, `os`, `status`, `msg`, `login_time`) VALUES (533, 'admin', '110.184.151.231', '内网IP', 'Chrome 114', 'Windows 10', '0', '登录成功', '2025-03-04 21:54:25');
INSERT INTO `sys_logininfor` (`info_id`, `user_name`, `ipaddr`, `login_location`, `browser`, `os`, `status`, `msg`, `login_time`) VALUES (534, 'admin', '120.225.218.137', '内网IP', 'Chrome 114', 'Windows 10', '1', '密码错误', '2025-03-05 06:43:48');
INSERT INTO `sys_logininfor` (`info_id`, `user_name`, `ipaddr`, `login_location`, `browser`, `os`, `status`, `msg`, `login_time`) VALUES (535, 'admin', '120.225.218.137', '内网IP', 'Chrome 114', 'Windows 10', '0', '登录成功', '2025-03-05 06:44:09');
INSERT INTO `sys_logininfor` (`info_id`, `user_name`, `ipaddr`, `login_location`, `browser`, `os`, `status`, `msg`, `login_time`) VALUES (536, 'admin', '163.142.111.92', '内网IP', 'Edge 131', 'Windows 10', '0', '登录成功', '2025-03-05 10:29:01');
INSERT INTO `sys_logininfor` (`info_id`, `user_name`, `ipaddr`, `login_location`, `browser`, `os`, `status`, `msg`, `login_time`) VALUES (537, 'admin', '175.11.104.114', '内网IP', 'Edge 133', 'Windows 10', '0', '登录成功', '2025-03-05 11:23:36');
INSERT INTO `sys_logininfor` (`info_id`, `user_name`, `ipaddr`, `login_location`, `browser`, `os`, `status`, `msg`, `login_time`) VALUES (538, 'admin', '221.178.242.16', '内网IP', 'Edge 133', 'Windows 10', '1', '密码错误', '2025-03-05 11:57:07');
INSERT INTO `sys_logininfor` (`info_id`, `user_name`, `ipaddr`, `login_location`, `browser`, `os`, `status`, `msg`, `login_time`) VALUES (539, 'admin', '221.178.242.16', '内网IP', 'Edge 133', 'Windows 10', '1', '密码错误', '2025-03-05 11:57:16');
INSERT INTO `sys_logininfor` (`info_id`, `user_name`, `ipaddr`, `login_location`, `browser`, `os`, `status`, `msg`, `login_time`) VALUES (540, 'admin', '221.178.242.16', '内网IP', 'Edge 133', 'Windows 10', '0', '登录成功', '2025-03-05 11:57:40');
INSERT INTO `sys_logininfor` (`info_id`, `user_name`, `ipaddr`, `login_location`, `browser`, `os`, `status`, `msg`, `login_time`) VALUES (541, 'admin', '120.237.135.230', '内网IP', 'Chrome 133', 'Windows 10', '1', '验证码已失效', '2025-03-05 12:11:45');
INSERT INTO `sys_logininfor` (`info_id`, `user_name`, `ipaddr`, `login_location`, `browser`, `os`, `status`, `msg`, `login_time`) VALUES (542, 'admin', '120.237.135.230', '内网IP', 'Chrome 133', 'Windows 10', '0', '登录成功', '2025-03-05 12:11:49');
INSERT INTO `sys_logininfor` (`info_id`, `user_name`, `ipaddr`, `login_location`, `browser`, `os`, `status`, `msg`, `login_time`) VALUES (543, 'admin', '36.161.88.247', '内网IP', 'QQ Browser 13', 'Windows 10', '0', '登录成功', '2025-03-05 16:21:56');
INSERT INTO `sys_logininfor` (`info_id`, `user_name`, `ipaddr`, `login_location`, `browser`, `os`, `status`, `msg`, `login_time`) VALUES (544, 'admin', '120.4.134.26', '内网IP', 'Firefox 135', 'Windows 10', '1', '密码错误', '2025-03-05 17:38:10');
INSERT INTO `sys_logininfor` (`info_id`, `user_name`, `ipaddr`, `login_location`, `browser`, `os`, `status`, `msg`, `login_time`) VALUES (545, 'admin', '120.4.134.26', '内网IP', 'Firefox 135', 'Windows 10', '0', '登录成功', '2025-03-05 17:38:28');
INSERT INTO `sys_logininfor` (`info_id`, `user_name`, `ipaddr`, `login_location`, `browser`, `os`, `status`, `msg`, `login_time`) VALUES (546, 'admin', '211.145.54.65', '内网IP', 'Chrome 133', 'Windows 10', '0', '登录成功', '2025-03-05 18:11:27');
INSERT INTO `sys_logininfor` (`info_id`, `user_name`, `ipaddr`, `login_location`, `browser`, `os`, `status`, `msg`, `login_time`) VALUES (547, 'admin', '111.55.24.165', '内网IP', 'Chrome 133', 'Windows 10', '0', '登录成功', '2025-03-05 18:23:28');
INSERT INTO `sys_logininfor` (`info_id`, `user_name`, `ipaddr`, `login_location`, `browser`, `os`, `status`, `msg`, `login_time`) VALUES (548, 'admin', '112.96.49.139', '内网IP', 'Edge 133', 'Windows 10', '0', '登录成功', '2025-03-05 21:05:30');
INSERT INTO `sys_logininfor` (`info_id`, `user_name`, `ipaddr`, `login_location`, `browser`, `os`, `status`, `msg`, `login_time`) VALUES (549, 'admin', '14.19.73.115', '内网IP', 'Firefox 136', 'Windows 10', '0', '登录成功', '2025-03-05 21:31:08');
INSERT INTO `sys_logininfor` (`info_id`, `user_name`, `ipaddr`, `login_location`, `browser`, `os`, `status`, `msg`, `login_time`) VALUES (550, 'admin', '223.74.104.105', '内网IP', 'Chrome 134', 'Windows 10', '0', '登录成功', '2025-03-05 22:04:59');
INSERT INTO `sys_logininfor` (`info_id`, `user_name`, `ipaddr`, `login_location`, `browser`, `os`, `status`, `msg`, `login_time`) VALUES (551, 'admin', '14.154.207.100', '内网IP', 'Chrome 122', 'Windows 10', '0', '登录成功', '2025-03-05 22:16:26');
INSERT INTO `sys_logininfor` (`info_id`, `user_name`, `ipaddr`, `login_location`, `browser`, `os`, `status`, `msg`, `login_time`) VALUES (552, 'admin', '', '内网IP', 'Chrome 133', 'Mac OS X 10', '0', '登录成功', '2025-03-05 22:56:10');
INSERT INTO `sys_logininfor` (`info_id`, `user_name`, `ipaddr`, `login_location`, `browser`, `os`, `status`, `msg`, `login_time`) VALUES (553, 'admin', '14.31.17.36', '内网IP', 'MiuiBrowser 19', 'Android 15', '0', '登录成功', '2025-03-06 04:15:11');
INSERT INTO `sys_logininfor` (`info_id`, `user_name`, `ipaddr`, `login_location`, `browser`, `os`, `status`, `msg`, `login_time`) VALUES (554, 'admin', '106.84.24.198', '内网IP', 'Chrome 133', 'Windows 10', '0', '登录成功', '2025-03-06 09:07:36');
INSERT INTO `sys_logininfor` (`info_id`, `user_name`, `ipaddr`, `login_location`, `browser`, `os`, `status`, `msg`, `login_time`) VALUES (555, 'niangao', '163.142.111.38', '内网IP', 'Edge 131', 'Windows 10', '1', '验证码错误', '2025-03-06 10:12:03');
INSERT INTO `sys_logininfor` (`info_id`, `user_name`, `ipaddr`, `login_location`, `browser`, `os`, `status`, `msg`, `login_time`) VALUES (556, 'niangao', '163.142.111.38', '内网IP', 'Edge 131', 'Windows 10', '1', '验证码错误', '2025-03-06 10:12:05');
INSERT INTO `sys_logininfor` (`info_id`, `user_name`, `ipaddr`, `login_location`, `browser`, `os`, `status`, `msg`, `login_time`) VALUES (557, 'admin', '163.142.111.38', '内网IP', 'Edge 131', 'Windows 10', '1', '验证码错误', '2025-03-06 10:12:14');
INSERT INTO `sys_logininfor` (`info_id`, `user_name`, `ipaddr`, `login_location`, `browser`, `os`, `status`, `msg`, `login_time`) VALUES (558, 'admin', '163.142.111.38', '内网IP', 'Edge 131', 'Windows 10', '0', '登录成功', '2025-03-06 10:12:16');
INSERT INTO `sys_logininfor` (`info_id`, `user_name`, `ipaddr`, `login_location`, `browser`, `os`, `status`, `msg`, `login_time`) VALUES (559, 'admin', '175.11.104.51', '内网IP', 'Edge 133', 'Windows 10', '0', '登录成功', '2025-03-06 10:25:32');
INSERT INTO `sys_logininfor` (`info_id`, `user_name`, `ipaddr`, `login_location`, `browser`, `os`, `status`, `msg`, `login_time`) VALUES (560, 'admin', '175.11.104.51', '内网IP', 'Edge 133', 'iOS 16', '0', '登录成功', '2025-03-06 10:38:07');
INSERT INTO `sys_logininfor` (`info_id`, `user_name`, `ipaddr`, `login_location`, `browser`, `os`, `status`, `msg`, `login_time`) VALUES (561, 'admin', '149.102.240.85', '内网IP', 'Chrome 134', 'Windows 10', '0', '登录成功', '2025-03-06 11:13:08');
INSERT INTO `sys_logininfor` (`info_id`, `user_name`, `ipaddr`, `login_location`, `browser`, `os`, `status`, `msg`, `login_time`) VALUES (562, 'admin', '220.184.94.236', '内网IP', 'Chrome 132', 'Windows 10', '0', '登录成功', '2025-03-06 13:35:54');
INSERT INTO `sys_logininfor` (`info_id`, `user_name`, `ipaddr`, `login_location`, `browser`, `os`, `status`, `msg`, `login_time`) VALUES (563, 'admin', '211.70.208.146', '内网IP', 'Chrome 133', 'Windows 10', '0', '登录成功', '2025-03-06 16:26:09');
INSERT INTO `sys_logininfor` (`info_id`, `user_name`, `ipaddr`, `login_location`, `browser`, `os`, `status`, `msg`, `login_time`) VALUES (564, 'admin', '222.217.244.246', '内网IP', 'Edge 131', 'Windows 10', '0', '登录成功', '2025-03-06 17:34:25');
INSERT INTO `sys_logininfor` (`info_id`, `user_name`, `ipaddr`, `login_location`, `browser`, `os`, `status`, `msg`, `login_time`) VALUES (565, 'admin', '36.250.176.196', '内网IP', 'Chrome 122', 'Windows 10', '0', '登录成功', '2025-03-06 17:47:29');
INSERT INTO `sys_logininfor` (`info_id`, `user_name`, `ipaddr`, `login_location`, `browser`, `os`, `status`, `msg`, `login_time`) VALUES (566, 'admin', '111.193.25.236', '内网IP', 'Chrome 128', 'Windows 10', '0', '登录成功', '2025-03-06 18:21:43');
INSERT INTO `sys_logininfor` (`info_id`, `user_name`, `ipaddr`, `login_location`, `browser`, `os`, `status`, `msg`, `login_time`) VALUES (567, 'admin', '211.161.162.195', '内网IP', 'Chrome 125', 'Windows 10', '0', '登录成功', '2025-03-06 21:54:55');
INSERT INTO `sys_logininfor` (`info_id`, `user_name`, `ipaddr`, `login_location`, `browser`, `os`, `status`, `msg`, `login_time`) VALUES (568, 'admin', '113.90.133.23', '内网IP', 'Chrome 133', 'Windows 10', '0', '登录成功', '2025-03-06 22:51:29');
INSERT INTO `sys_logininfor` (`info_id`, `user_name`, `ipaddr`, `login_location`, `browser`, `os`, `status`, `msg`, `login_time`) VALUES (569, 'admin', '', '内网IP', 'Chrome 133', 'Mac OS X 10', '0', '登录成功', '2025-03-06 23:13:03');
INSERT INTO `sys_logininfor` (`info_id`, `user_name`, `ipaddr`, `login_location`, `browser`, `os`, `status`, `msg`, `login_time`) VALUES (570, 'admin', '182.88.132.137', '内网IP', 'Edge 126', 'Windows 10', '0', '登录成功', '2025-03-07 00:45:18');
INSERT INTO `sys_logininfor` (`info_id`, `user_name`, `ipaddr`, `login_location`, `browser`, `os`, `status`, `msg`, `login_time`) VALUES (571, 'admin', '175.150.77.229', '内网IP', 'Chrome 133', 'Windows 10', '0', '登录成功', '2025-03-07 08:44:18');
INSERT INTO `sys_logininfor` (`info_id`, `user_name`, `ipaddr`, `login_location`, `browser`, `os`, `status`, `msg`, `login_time`) VALUES (572, 'admin', '', '内网IP', 'Chrome 133', 'Mac OS X 10', '1', '验证码已失效', '2025-03-07 09:54:38');
INSERT INTO `sys_logininfor` (`info_id`, `user_name`, `ipaddr`, `login_location`, `browser`, `os`, `status`, `msg`, `login_time`) VALUES (573, 'admin', '', '内网IP', 'Chrome 133', 'Mac OS X 10', '0', '登录成功', '2025-03-07 09:54:42');
INSERT INTO `sys_logininfor` (`info_id`, `user_name`, `ipaddr`, `login_location`, `browser`, `os`, `status`, `msg`, `login_time`) VALUES (574, 'admin', '117.144.202.10', '内网IP', 'Edge 133', 'Windows 10', '0', '登录成功', '2025-03-07 13:31:19');
INSERT INTO `sys_logininfor` (`info_id`, `user_name`, `ipaddr`, `login_location`, `browser`, `os`, `status`, `msg`, `login_time`) VALUES (575, 'admin', '222.84.72.122', '内网IP', 'Firefox 135', 'Windows 10', '0', '登录成功', '2025-03-07 15:53:50');
INSERT INTO `sys_logininfor` (`info_id`, `user_name`, `ipaddr`, `login_location`, `browser`, `os`, `status`, `msg`, `login_time`) VALUES (576, 'admin', '222.84.72.122', '内网IP', 'Firefox 135', 'Windows 10', '0', '登录成功', '2025-03-07 15:54:35');
INSERT INTO `sys_logininfor` (`info_id`, `user_name`, `ipaddr`, `login_location`, `browser`, `os`, `status`, `msg`, `login_time`) VALUES (577, 'admin', '222.84.72.122', '内网IP', 'Firefox 135', 'Windows 10', '0', '登录成功', '2025-03-07 15:56:10');
INSERT INTO `sys_logininfor` (`info_id`, `user_name`, `ipaddr`, `login_location`, `browser`, `os`, `status`, `msg`, `login_time`) VALUES (578, 'admin', '202.99.16.1', '内网IP', 'Chrome 134', 'Mac OS X 10', '0', '登录成功', '2025-03-07 16:07:23');
INSERT INTO `sys_logininfor` (`info_id`, `user_name`, `ipaddr`, `login_location`, `browser`, `os`, `status`, `msg`, `login_time`) VALUES (579, 'admin', '222.180.250.42', '内网IP', 'Edge 133', 'Windows 10', '0', '登录成功', '2025-03-07 16:31:38');
INSERT INTO `sys_logininfor` (`info_id`, `user_name`, `ipaddr`, `login_location`, `browser`, `os`, `status`, `msg`, `login_time`) VALUES (580, 'admin', '112.227.19.164', '内网IP', 'Edge 133', 'Windows 10', '0', '登录成功', '2025-03-07 16:49:36');
INSERT INTO `sys_logininfor` (`info_id`, `user_name`, `ipaddr`, `login_location`, `browser`, `os`, `status`, `msg`, `login_time`) VALUES (581, 'admin', '1.202.240.150', '内网IP', 'Chrome 131', 'Windows 10', '0', '登录成功', '2025-03-07 17:17:03');
INSERT INTO `sys_logininfor` (`info_id`, `user_name`, `ipaddr`, `login_location`, `browser`, `os`, `status`, `msg`, `login_time`) VALUES (582, 'admin', '211.161.162.195', '内网IP', 'Chrome 125', 'Windows 10', '0', '登录成功', '2025-03-07 22:24:13');
INSERT INTO `sys_logininfor` (`info_id`, `user_name`, `ipaddr`, `login_location`, `browser`, `os`, `status`, `msg`, `login_time`) VALUES (583, 'admin', '', '内网IP', 'Chrome 133', 'Mac OS X 10', '0', '登录成功', '2025-03-07 22:34:03');
INSERT INTO `sys_logininfor` (`info_id`, `user_name`, `ipaddr`, `login_location`, `browser`, `os`, `status`, `msg`, `login_time`) VALUES (584, 'admin', '', '内网IP', 'Chrome 133', 'Mac OS X 10', '0', '登录成功', '2025-03-07 23:05:37');
INSERT INTO `sys_logininfor` (`info_id`, `user_name`, `ipaddr`, `login_location`, `browser`, `os`, `status`, `msg`, `login_time`) VALUES (585, 'admin', '', '内网IP', 'Chrome 133', 'Mac OS X 10', '0', '登录成功', '2025-03-07 23:19:21');
INSERT INTO `sys_logininfor` (`info_id`, `user_name`, `ipaddr`, `login_location`, `browser`, `os`, `status`, `msg`, `login_time`) VALUES (586, 'admin', '', '内网IP', 'Chrome 133', 'Mac OS X 10', '1', '验证码已失效', '2025-03-08 08:13:47');
INSERT INTO `sys_logininfor` (`info_id`, `user_name`, `ipaddr`, `login_location`, `browser`, `os`, `status`, `msg`, `login_time`) VALUES (587, 'admin', '', '内网IP', 'Chrome 133', 'Mac OS X 10', '0', '登录成功', '2025-03-08 08:13:50');
INSERT INTO `sys_logininfor` (`info_id`, `user_name`, `ipaddr`, `login_location`, `browser`, `os`, `status`, `msg`, `login_time`) VALUES (588, 'admin', '120.245.114.95', '内网IP', 'Chrome 133', 'Mac OS X 10', '0', '登录成功', '2025-03-08 11:02:01');
INSERT INTO `sys_logininfor` (`info_id`, `user_name`, `ipaddr`, `login_location`, `browser`, `os`, `status`, `msg`, `login_time`) VALUES (589, 'admin', '218.19.137.40', '内网IP', 'Chrome 133', 'Windows 10', '0', '登录成功', '2025-03-08 12:43:57');
INSERT INTO `sys_logininfor` (`info_id`, `user_name`, `ipaddr`, `login_location`, `browser`, `os`, `status`, `msg`, `login_time`) VALUES (590, 'admin', '16.163.104.21', '内网IP', 'Chrome 127', 'Windows 10', '0', '登录成功', '2025-03-08 13:22:21');
INSERT INTO `sys_logininfor` (`info_id`, `user_name`, `ipaddr`, `login_location`, `browser`, `os`, `status`, `msg`, `login_time`) VALUES (591, 'admin', '39.144.73.155', '内网IP', 'Chrome 133', 'Windows 10', '0', '登录成功', '2025-03-08 13:51:44');
INSERT INTO `sys_logininfor` (`info_id`, `user_name`, `ipaddr`, `login_location`, `browser`, `os`, `status`, `msg`, `login_time`) VALUES (592, 'admin', '140.250.208.131', '内网IP', 'Chrome 133', 'Mac OS X 10', '0', '登录成功', '2025-03-08 14:51:56');
INSERT INTO `sys_logininfor` (`info_id`, `user_name`, `ipaddr`, `login_location`, `browser`, `os`, `status`, `msg`, `login_time`) VALUES (593, 'admin', '49.79.214.51', '内网IP', 'Edge 133', 'Windows 10', '0', '登录成功', '2025-03-08 14:56:17');
INSERT INTO `sys_logininfor` (`info_id`, `user_name`, `ipaddr`, `login_location`, `browser`, `os`, `status`, `msg`, `login_time`) VALUES (594, 'admin', '183.195.9.67', '内网IP', 'Edge 134', 'Windows 10', '0', '登录成功', '2025-03-08 15:49:36');
INSERT INTO `sys_logininfor` (`info_id`, `user_name`, `ipaddr`, `login_location`, `browser`, `os`, `status`, `msg`, `login_time`) VALUES (595, 'admin', '', '内网IP', 'Chrome 133', 'Mac OS X 10', '1', '验证码错误', '2025-03-08 16:09:36');
INSERT INTO `sys_logininfor` (`info_id`, `user_name`, `ipaddr`, `login_location`, `browser`, `os`, `status`, `msg`, `login_time`) VALUES (596, 'admin', '', '内网IP', 'Chrome 133', 'Mac OS X 10', '0', '登录成功', '2025-03-08 16:09:40');
COMMIT;

-- ----------------------------
-- Table structure for sys_menu
-- ----------------------------
DROP TABLE IF EXISTS `sys_menu`;
CREATE TABLE `sys_menu` (
  `menu_id` bigint(20) NOT NULL AUTO_INCREMENT COMMENT '菜单ID',
  `menu_name` varchar(50) NOT NULL COMMENT '菜单名称',
  `parent_id` bigint(20) DEFAULT '0' COMMENT '父菜单ID',
  `order_num` int(11) DEFAULT '0' COMMENT '显示顺序',
  `path` varchar(200) DEFAULT '' COMMENT '路由地址',
  `component` varchar(255) DEFAULT NULL COMMENT '组件路径',
  `query` varchar(255) DEFAULT NULL COMMENT '路由参数',
  `route_name` varchar(50) DEFAULT '' COMMENT '路由名称',
  `is_frame` int(11) DEFAULT '1' COMMENT '是否为外链（0是 1否）',
  `is_cache` int(11) DEFAULT '0' COMMENT '是否缓存（0缓存 1不缓存）',
  `menu_type` char(1) DEFAULT '' COMMENT '菜单类型（M目录 C菜单 F按钮）',
  `visible` char(1) DEFAULT '0' COMMENT '菜单状态（0显示 1隐藏）',
  `status` char(1) DEFAULT '0' COMMENT '菜单状态（0正常 1停用）',
  `perms` varchar(100) DEFAULT NULL COMMENT '权限标识',
  `icon` varchar(100) DEFAULT '#' COMMENT '菜单图标',
  `create_by` varchar(64) DEFAULT '' COMMENT '创建者',
  `create_time` datetime DEFAULT NULL COMMENT '创建时间',
  `update_by` varchar(64) DEFAULT '' COMMENT '更新者',
  `update_time` datetime DEFAULT NULL COMMENT '更新时间',
  `remark` varchar(500) DEFAULT '' COMMENT '备注',
  PRIMARY KEY (`menu_id`) USING BTREE
) ENGINE=InnoDB AUTO_INCREMENT=2090 DEFAULT CHARSET=utf8mb4 COMMENT='菜单权限表';

-- ----------------------------
-- Records of sys_menu
-- ----------------------------
BEGIN;
INSERT INTO `sys_menu` (`menu_id`, `menu_name`, `parent_id`, `order_num`, `path`, `component`, `query`, `route_name`, `is_frame`, `is_cache`, `menu_type`, `visible`, `status`, `perms`, `icon`, `create_by`, `create_time`, `update_by`, `update_time`, `remark`) VALUES (1, '系统管理', 0, 1, 'system', NULL, '', '', 1, 0, 'M', '0', '0', '', 'system', 'admin', '2024-11-13 14:12:02', '', NULL, '系统管理目录');
INSERT INTO `sys_menu` (`menu_id`, `menu_name`, `parent_id`, `order_num`, `path`, `component`, `query`, `route_name`, `is_frame`, `is_cache`, `menu_type`, `visible`, `status`, `perms`, `icon`, `create_by`, `create_time`, `update_by`, `update_time`, `remark`) VALUES (2, '系统监控', 0, 2, 'monitor', NULL, '', '', 1, 0, 'M', '0', '0', '', 'monitor', 'admin', '2024-11-13 14:12:02', '', NULL, '系统监控目录');
INSERT INTO `sys_menu` (`menu_id`, `menu_name`, `parent_id`, `order_num`, `path`, `component`, `query`, `route_name`, `is_frame`, `is_cache`, `menu_type`, `visible`, `status`, `perms`, `icon`, `create_by`, `create_time`, `update_by`, `update_time`, `remark`) VALUES (3, '系统工具', 0, 3, 'tool', NULL, '', '', 1, 0, 'M', '0', '0', '', 'tool', 'admin', '2024-11-13 14:12:02', '', NULL, '系统工具目录');
INSERT INTO `sys_menu` (`menu_id`, `menu_name`, `parent_id`, `order_num`, `path`, `component`, `query`, `route_name`, `is_frame`, `is_cache`, `menu_type`, `visible`, `status`, `perms`, `icon`, `create_by`, `create_time`, `update_by`, `update_time`, `remark`) VALUES (100, '用户管理', 1, 1, 'user', 'system/user/index', '', '', 1, 0, 'C', '0', '0', 'system:user:list', 'user', 'admin', '2024-11-13 14:12:02', '', NULL, '用户管理菜单');
INSERT INTO `sys_menu` (`menu_id`, `menu_name`, `parent_id`, `order_num`, `path`, `component`, `query`, `route_name`, `is_frame`, `is_cache`, `menu_type`, `visible`, `status`, `perms`, `icon`, `create_by`, `create_time`, `update_by`, `update_time`, `remark`) VALUES (101, '角色管理', 1, 2, 'role', 'system/role/index', '', '', 1, 0, 'C', '0', '0', 'system:role:list', 'peoples', 'admin', '2024-11-13 14:12:02', '', NULL, '角色管理菜单');
INSERT INTO `sys_menu` (`menu_id`, `menu_name`, `parent_id`, `order_num`, `path`, `component`, `query`, `route_name`, `is_frame`, `is_cache`, `menu_type`, `visible`, `status`, `perms`, `icon`, `create_by`, `create_time`, `update_by`, `update_time`, `remark`) VALUES (102, '菜单管理', 1, 3, 'menu', 'system/menu/index', '', '', 1, 0, 'C', '0', '0', 'system:menu:list', 'tree-table', 'admin', '2024-11-13 14:12:02', '', NULL, '菜单管理菜单');
INSERT INTO `sys_menu` (`menu_id`, `menu_name`, `parent_id`, `order_num`, `path`, `component`, `query`, `route_name`, `is_frame`, `is_cache`, `menu_type`, `visible`, `status`, `perms`, `icon`, `create_by`, `create_time`, `update_by`, `update_time`, `remark`) VALUES (103, '部门管理', 1, 4, 'dept', 'system/dept/index', '', '', 1, 0, 'C', '0', '0', 'system:dept:list', 'tree', 'admin', '2024-11-13 14:12:02', '', NULL, '部门管理菜单');
INSERT INTO `sys_menu` (`menu_id`, `menu_name`, `parent_id`, `order_num`, `path`, `component`, `query`, `route_name`, `is_frame`, `is_cache`, `menu_type`, `visible`, `status`, `perms`, `icon`, `create_by`, `create_time`, `update_by`, `update_time`, `remark`) VALUES (104, '岗位管理', 1, 5, 'post', 'system/post/index', '', '', 1, 0, 'C', '0', '0', 'system:post:list', 'post', 'admin', '2024-11-13 14:12:02', '', NULL, '岗位管理菜单');
INSERT INTO `sys_menu` (`menu_id`, `menu_name`, `parent_id`, `order_num`, `path`, `component`, `query`, `route_name`, `is_frame`, `is_cache`, `menu_type`, `visible`, `status`, `perms`, `icon`, `create_by`, `create_time`, `update_by`, `update_time`, `remark`) VALUES (105, '字典管理', 1, 6, 'dict', 'system/dict/index', '', '', 1, 0, 'C', '0', '0', 'system:dict:list', 'dict', 'admin', '2024-11-13 14:12:02', '', NULL, '字典管理菜单');
INSERT INTO `sys_menu` (`menu_id`, `menu_name`, `parent_id`, `order_num`, `path`, `component`, `query`, `route_name`, `is_frame`, `is_cache`, `menu_type`, `visible`, `status`, `perms`, `icon`, `create_by`, `create_time`, `update_by`, `update_time`, `remark`) VALUES (106, '参数设置', 1, 7, 'config', 'system/config/index', '', '', 1, 0, 'C', '0', '0', 'system:config:list', 'edit', 'admin', '2024-11-13 14:12:02', '', NULL, '参数设置菜单');
INSERT INTO `sys_menu` (`menu_id`, `menu_name`, `parent_id`, `order_num`, `path`, `component`, `query`, `route_name`, `is_frame`, `is_cache`, `menu_type`, `visible`, `status`, `perms`, `icon`, `create_by`, `create_time`, `update_by`, `update_time`, `remark`) VALUES (107, '通知公告', 1, 8, 'notice', 'system/notice/index', '', '', 1, 0, 'C', '0', '0', 'system:notice:list', 'message', 'admin', '2024-11-13 14:12:02', '', NULL, '通知公告菜单');
INSERT INTO `sys_menu` (`menu_id`, `menu_name`, `parent_id`, `order_num`, `path`, `component`, `query`, `route_name`, `is_frame`, `is_cache`, `menu_type`, `visible`, `status`, `perms`, `icon`, `create_by`, `create_time`, `update_by`, `update_time`, `remark`) VALUES (108, '日志管理', 1, 9, 'log', '', '', '', 1, 0, 'M', '0', '0', '', 'log', 'admin', '2024-11-13 14:12:02', '', NULL, '日志管理菜单');
INSERT INTO `sys_menu` (`menu_id`, `menu_name`, `parent_id`, `order_num`, `path`, `component`, `query`, `route_name`, `is_frame`, `is_cache`, `menu_type`, `visible`, `status`, `perms`, `icon`, `create_by`, `create_time`, `update_by`, `update_time`, `remark`) VALUES (109, '在线用户', 2, 1, 'online', 'monitor/online/index', '', '', 1, 0, 'C', '0', '0', 'monitor:online:list', 'online', 'admin', '2024-11-13 14:12:02', '', NULL, '在线用户菜单');
INSERT INTO `sys_menu` (`menu_id`, `menu_name`, `parent_id`, `order_num`, `path`, `component`, `query`, `route_name`, `is_frame`, `is_cache`, `menu_type`, `visible`, `status`, `perms`, `icon`, `create_by`, `create_time`, `update_by`, `update_time`, `remark`) VALUES (110, '定时任务', 2, 2, 'job', 'monitor/job/index', '', '', 1, 0, 'C', '0', '0', 'monitor:job:list', 'job', 'admin', '2024-11-13 14:12:02', '', NULL, '定时任务菜单');
INSERT INTO `sys_menu` (`menu_id`, `menu_name`, `parent_id`, `order_num`, `path`, `component`, `query`, `route_name`, `is_frame`, `is_cache`, `menu_type`, `visible`, `status`, `perms`, `icon`, `create_by`, `create_time`, `update_by`, `update_time`, `remark`) VALUES (111, '数据监控', 2, 3, 'druid', 'monitor/druid/index', '', '', 1, 0, 'C', '0', '0', 'monitor:druid:list', 'druid', 'admin', '2024-11-13 14:12:02', '', NULL, '数据监控菜单');
INSERT INTO `sys_menu` (`menu_id`, `menu_name`, `parent_id`, `order_num`, `path`, `component`, `query`, `route_name`, `is_frame`, `is_cache`, `menu_type`, `visible`, `status`, `perms`, `icon`, `create_by`, `create_time`, `update_by`, `update_time`, `remark`) VALUES (112, '服务监控', 2, 4, 'server', 'monitor/server/index', '', '', 1, 0, 'C', '0', '0', 'monitor:server:list', 'server', 'admin', '2024-11-13 14:12:02', '', NULL, '服务监控菜单');
INSERT INTO `sys_menu` (`menu_id`, `menu_name`, `parent_id`, `order_num`, `path`, `component`, `query`, `route_name`, `is_frame`, `is_cache`, `menu_type`, `visible`, `status`, `perms`, `icon`, `create_by`, `create_time`, `update_by`, `update_time`, `remark`) VALUES (113, '缓存监控', 2, 5, 'cache', 'monitor/cache/index', '', '', 1, 0, 'C', '0', '0', 'monitor:cache:list', 'redis', 'admin', '2024-11-13 14:12:02', '', NULL, '缓存监控菜单');
INSERT INTO `sys_menu` (`menu_id`, `menu_name`, `parent_id`, `order_num`, `path`, `component`, `query`, `route_name`, `is_frame`, `is_cache`, `menu_type`, `visible`, `status`, `perms`, `icon`, `create_by`, `create_time`, `update_by`, `update_time`, `remark`) VALUES (114, '缓存列表', 2, 6, 'cacheList', 'monitor/cache/list', '', '', 1, 0, 'C', '0', '0', 'monitor:cache:list', 'redis-list', 'admin', '2024-11-13 14:12:02', '', NULL, '缓存列表菜单');
INSERT INTO `sys_menu` (`menu_id`, `menu_name`, `parent_id`, `order_num`, `path`, `component`, `query`, `route_name`, `is_frame`, `is_cache`, `menu_type`, `visible`, `status`, `perms`, `icon`, `create_by`, `create_time`, `update_by`, `update_time`, `remark`) VALUES (115, '表单构建', 3, 1, 'build', 'tool/build/index', '', '', 1, 0, 'C', '0', '0', 'tool:build:list', 'build', 'admin', '2024-11-13 14:12:02', '', NULL, '表单构建菜单');
INSERT INTO `sys_menu` (`menu_id`, `menu_name`, `parent_id`, `order_num`, `path`, `component`, `query`, `route_name`, `is_frame`, `is_cache`, `menu_type`, `visible`, `status`, `perms`, `icon`, `create_by`, `create_time`, `update_by`, `update_time`, `remark`) VALUES (116, '代码生成', 3, 2, 'gen', 'tool/gen/index', '', '', 1, 0, 'C', '0', '0', 'tool:gen:list', 'code', 'admin', '2024-11-13 14:12:02', '', NULL, '代码生成菜单');
INSERT INTO `sys_menu` (`menu_id`, `menu_name`, `parent_id`, `order_num`, `path`, `component`, `query`, `route_name`, `is_frame`, `is_cache`, `menu_type`, `visible`, `status`, `perms`, `icon`, `create_by`, `create_time`, `update_by`, `update_time`, `remark`) VALUES (117, '系统接口', 3, 3, 'swagger', 'tool/swagger/index', '', '', 1, 0, 'C', '0', '0', 'tool:swagger:list', 'swagger', 'admin', '2024-11-13 14:12:02', '', NULL, '系统接口菜单');
INSERT INTO `sys_menu` (`menu_id`, `menu_name`, `parent_id`, `order_num`, `path`, `component`, `query`, `route_name`, `is_frame`, `is_cache`, `menu_type`, `visible`, `status`, `perms`, `icon`, `create_by`, `create_time`, `update_by`, `update_time`, `remark`) VALUES (500, '操作日志', 108, 1, 'operlog', 'monitor/operlog/index', '', '', 1, 0, 'C', '0', '0', 'monitor:operlog:list', 'form', 'admin', '2024-11-13 14:12:02', '', NULL, '操作日志菜单');
INSERT INTO `sys_menu` (`menu_id`, `menu_name`, `parent_id`, `order_num`, `path`, `component`, `query`, `route_name`, `is_frame`, `is_cache`, `menu_type`, `visible`, `status`, `perms`, `icon`, `create_by`, `create_time`, `update_by`, `update_time`, `remark`) VALUES (501, '登录日志', 108, 2, 'logininfor', 'monitor/logininfor/index', '', '', 1, 0, 'C', '0', '0', 'monitor:logininfor:list', 'logininfor', 'admin', '2024-11-13 14:12:02', '', NULL, '登录日志菜单');
INSERT INTO `sys_menu` (`menu_id`, `menu_name`, `parent_id`, `order_num`, `path`, `component`, `query`, `route_name`, `is_frame`, `is_cache`, `menu_type`, `visible`, `status`, `perms`, `icon`, `create_by`, `create_time`, `update_by`, `update_time`, `remark`) VALUES (1000, '用户查询', 100, 1, '', '', '', '', 1, 0, 'F', '0', '0', 'system:user:query', '#', 'admin', '2024-11-13 14:12:02', '', NULL, '');
INSERT INTO `sys_menu` (`menu_id`, `menu_name`, `parent_id`, `order_num`, `path`, `component`, `query`, `route_name`, `is_frame`, `is_cache`, `menu_type`, `visible`, `status`, `perms`, `icon`, `create_by`, `create_time`, `update_by`, `update_time`, `remark`) VALUES (1001, '用户新增', 100, 2, '', '', '', '', 1, 0, 'F', '0', '0', 'system:user:add', '#', 'admin', '2024-11-13 14:12:02', '', NULL, '');
INSERT INTO `sys_menu` (`menu_id`, `menu_name`, `parent_id`, `order_num`, `path`, `component`, `query`, `route_name`, `is_frame`, `is_cache`, `menu_type`, `visible`, `status`, `perms`, `icon`, `create_by`, `create_time`, `update_by`, `update_time`, `remark`) VALUES (1002, '用户修改', 100, 3, '', '', '', '', 1, 0, 'F', '0', '0', 'system:user:edit', '#', 'admin', '2024-11-13 14:12:02', '', NULL, '');
INSERT INTO `sys_menu` (`menu_id`, `menu_name`, `parent_id`, `order_num`, `path`, `component`, `query`, `route_name`, `is_frame`, `is_cache`, `menu_type`, `visible`, `status`, `perms`, `icon`, `create_by`, `create_time`, `update_by`, `update_time`, `remark`) VALUES (1003, '用户删除', 100, 4, '', '', '', '', 1, 0, 'F', '0', '0', 'system:user:remove', '#', 'admin', '2024-11-13 14:12:02', '', NULL, '');
INSERT INTO `sys_menu` (`menu_id`, `menu_name`, `parent_id`, `order_num`, `path`, `component`, `query`, `route_name`, `is_frame`, `is_cache`, `menu_type`, `visible`, `status`, `perms`, `icon`, `create_by`, `create_time`, `update_by`, `update_time`, `remark`) VALUES (1004, '用户导出', 100, 5, '', '', '', '', 1, 0, 'F', '0', '0', 'system:user:export', '#', 'admin', '2024-11-13 14:12:02', '', NULL, '');
INSERT INTO `sys_menu` (`menu_id`, `menu_name`, `parent_id`, `order_num`, `path`, `component`, `query`, `route_name`, `is_frame`, `is_cache`, `menu_type`, `visible`, `status`, `perms`, `icon`, `create_by`, `create_time`, `update_by`, `update_time`, `remark`) VALUES (1005, '用户导入', 100, 6, '', '', '', '', 1, 0, 'F', '0', '0', 'system:user:import', '#', 'admin', '2024-11-13 14:12:02', '', NULL, '');
INSERT INTO `sys_menu` (`menu_id`, `menu_name`, `parent_id`, `order_num`, `path`, `component`, `query`, `route_name`, `is_frame`, `is_cache`, `menu_type`, `visible`, `status`, `perms`, `icon`, `create_by`, `create_time`, `update_by`, `update_time`, `remark`) VALUES (1006, '重置密码', 100, 7, '', '', '', '', 1, 0, 'F', '0', '0', 'system:user:resetPwd', '#', 'admin', '2024-11-13 14:12:02', '', NULL, '');
INSERT INTO `sys_menu` (`menu_id`, `menu_name`, `parent_id`, `order_num`, `path`, `component`, `query`, `route_name`, `is_frame`, `is_cache`, `menu_type`, `visible`, `status`, `perms`, `icon`, `create_by`, `create_time`, `update_by`, `update_time`, `remark`) VALUES (1007, '角色查询', 101, 1, '', '', '', '', 1, 0, 'F', '0', '0', 'system:role:query', '#', 'admin', '2024-11-13 14:12:02', '', NULL, '');
INSERT INTO `sys_menu` (`menu_id`, `menu_name`, `parent_id`, `order_num`, `path`, `component`, `query`, `route_name`, `is_frame`, `is_cache`, `menu_type`, `visible`, `status`, `perms`, `icon`, `create_by`, `create_time`, `update_by`, `update_time`, `remark`) VALUES (1008, '角色新增', 101, 2, '', '', '', '', 1, 0, 'F', '0', '0', 'system:role:add', '#', 'admin', '2024-11-13 14:12:02', '', NULL, '');
INSERT INTO `sys_menu` (`menu_id`, `menu_name`, `parent_id`, `order_num`, `path`, `component`, `query`, `route_name`, `is_frame`, `is_cache`, `menu_type`, `visible`, `status`, `perms`, `icon`, `create_by`, `create_time`, `update_by`, `update_time`, `remark`) VALUES (1009, '角色修改', 101, 3, '', '', '', '', 1, 0, 'F', '0', '0', 'system:role:edit', '#', 'admin', '2024-11-13 14:12:02', '', NULL, '');
INSERT INTO `sys_menu` (`menu_id`, `menu_name`, `parent_id`, `order_num`, `path`, `component`, `query`, `route_name`, `is_frame`, `is_cache`, `menu_type`, `visible`, `status`, `perms`, `icon`, `create_by`, `create_time`, `update_by`, `update_time`, `remark`) VALUES (1010, '角色删除', 101, 4, '', '', '', '', 1, 0, 'F', '0', '0', 'system:role:remove', '#', 'admin', '2024-11-13 14:12:02', '', NULL, '');
INSERT INTO `sys_menu` (`menu_id`, `menu_name`, `parent_id`, `order_num`, `path`, `component`, `query`, `route_name`, `is_frame`, `is_cache`, `menu_type`, `visible`, `status`, `perms`, `icon`, `create_by`, `create_time`, `update_by`, `update_time`, `remark`) VALUES (1011, '角色导出', 101, 5, '', '', '', '', 1, 0, 'F', '0', '0', 'system:role:export', '#', 'admin', '2024-11-13 14:12:02', '', NULL, '');
INSERT INTO `sys_menu` (`menu_id`, `menu_name`, `parent_id`, `order_num`, `path`, `component`, `query`, `route_name`, `is_frame`, `is_cache`, `menu_type`, `visible`, `status`, `perms`, `icon`, `create_by`, `create_time`, `update_by`, `update_time`, `remark`) VALUES (1012, '菜单查询', 102, 1, '', '', '', '', 1, 0, 'F', '0', '0', 'system:menu:query', '#', 'admin', '2024-11-13 14:12:02', '', NULL, '');
INSERT INTO `sys_menu` (`menu_id`, `menu_name`, `parent_id`, `order_num`, `path`, `component`, `query`, `route_name`, `is_frame`, `is_cache`, `menu_type`, `visible`, `status`, `perms`, `icon`, `create_by`, `create_time`, `update_by`, `update_time`, `remark`) VALUES (1013, '菜单新增', 102, 2, '', '', '', '', 1, 0, 'F', '0', '0', 'system:menu:add', '#', 'admin', '2024-11-13 14:12:02', '', NULL, '');
INSERT INTO `sys_menu` (`menu_id`, `menu_name`, `parent_id`, `order_num`, `path`, `component`, `query`, `route_name`, `is_frame`, `is_cache`, `menu_type`, `visible`, `status`, `perms`, `icon`, `create_by`, `create_time`, `update_by`, `update_time`, `remark`) VALUES (1014, '菜单修改', 102, 3, '', '', '', '', 1, 0, 'F', '0', '0', 'system:menu:edit', '#', 'admin', '2024-11-13 14:12:02', '', NULL, '');
INSERT INTO `sys_menu` (`menu_id`, `menu_name`, `parent_id`, `order_num`, `path`, `component`, `query`, `route_name`, `is_frame`, `is_cache`, `menu_type`, `visible`, `status`, `perms`, `icon`, `create_by`, `create_time`, `update_by`, `update_time`, `remark`) VALUES (1015, '菜单删除', 102, 4, '', '', '', '', 1, 0, 'F', '0', '0', 'system:menu:remove', '#', 'admin', '2024-11-13 14:12:02', '', NULL, '');
INSERT INTO `sys_menu` (`menu_id`, `menu_name`, `parent_id`, `order_num`, `path`, `component`, `query`, `route_name`, `is_frame`, `is_cache`, `menu_type`, `visible`, `status`, `perms`, `icon`, `create_by`, `create_time`, `update_by`, `update_time`, `remark`) VALUES (1016, '部门查询', 103, 1, '', '', '', '', 1, 0, 'F', '0', '0', 'system:dept:query', '#', 'admin', '2024-11-13 14:12:02', '', NULL, '');
INSERT INTO `sys_menu` (`menu_id`, `menu_name`, `parent_id`, `order_num`, `path`, `component`, `query`, `route_name`, `is_frame`, `is_cache`, `menu_type`, `visible`, `status`, `perms`, `icon`, `create_by`, `create_time`, `update_by`, `update_time`, `remark`) VALUES (1017, '部门新增', 103, 2, '', '', '', '', 1, 0, 'F', '0', '0', 'system:dept:add', '#', 'admin', '2024-11-13 14:12:02', '', NULL, '');
INSERT INTO `sys_menu` (`menu_id`, `menu_name`, `parent_id`, `order_num`, `path`, `component`, `query`, `route_name`, `is_frame`, `is_cache`, `menu_type`, `visible`, `status`, `perms`, `icon`, `create_by`, `create_time`, `update_by`, `update_time`, `remark`) VALUES (1018, '部门修改', 103, 3, '', '', '', '', 1, 0, 'F', '0', '0', 'system:dept:edit', '#', 'admin', '2024-11-13 14:12:02', '', NULL, '');
INSERT INTO `sys_menu` (`menu_id`, `menu_name`, `parent_id`, `order_num`, `path`, `component`, `query`, `route_name`, `is_frame`, `is_cache`, `menu_type`, `visible`, `status`, `perms`, `icon`, `create_by`, `create_time`, `update_by`, `update_time`, `remark`) VALUES (1019, '部门删除', 103, 4, '', '', '', '', 1, 0, 'F', '0', '0', 'system:dept:remove', '#', 'admin', '2024-11-13 14:12:02', '', NULL, '');
INSERT INTO `sys_menu` (`menu_id`, `menu_name`, `parent_id`, `order_num`, `path`, `component`, `query`, `route_name`, `is_frame`, `is_cache`, `menu_type`, `visible`, `status`, `perms`, `icon`, `create_by`, `create_time`, `update_by`, `update_time`, `remark`) VALUES (1020, '岗位查询', 104, 1, '', '', '', '', 1, 0, 'F', '0', '0', 'system:post:query', '#', 'admin', '2024-11-13 14:12:02', '', NULL, '');
INSERT INTO `sys_menu` (`menu_id`, `menu_name`, `parent_id`, `order_num`, `path`, `component`, `query`, `route_name`, `is_frame`, `is_cache`, `menu_type`, `visible`, `status`, `perms`, `icon`, `create_by`, `create_time`, `update_by`, `update_time`, `remark`) VALUES (1021, '岗位新增', 104, 2, '', '', '', '', 1, 0, 'F', '0', '0', 'system:post:add', '#', 'admin', '2024-11-13 14:12:02', '', NULL, '');
INSERT INTO `sys_menu` (`menu_id`, `menu_name`, `parent_id`, `order_num`, `path`, `component`, `query`, `route_name`, `is_frame`, `is_cache`, `menu_type`, `visible`, `status`, `perms`, `icon`, `create_by`, `create_time`, `update_by`, `update_time`, `remark`) VALUES (1022, '岗位修改', 104, 3, '', '', '', '', 1, 0, 'F', '0', '0', 'system:post:edit', '#', 'admin', '2024-11-13 14:12:02', '', NULL, '');
INSERT INTO `sys_menu` (`menu_id`, `menu_name`, `parent_id`, `order_num`, `path`, `component`, `query`, `route_name`, `is_frame`, `is_cache`, `menu_type`, `visible`, `status`, `perms`, `icon`, `create_by`, `create_time`, `update_by`, `update_time`, `remark`) VALUES (1023, '岗位删除', 104, 4, '', '', '', '', 1, 0, 'F', '0', '0', 'system:post:remove', '#', 'admin', '2024-11-13 14:12:02', '', NULL, '');
INSERT INTO `sys_menu` (`menu_id`, `menu_name`, `parent_id`, `order_num`, `path`, `component`, `query`, `route_name`, `is_frame`, `is_cache`, `menu_type`, `visible`, `status`, `perms`, `icon`, `create_by`, `create_time`, `update_by`, `update_time`, `remark`) VALUES (1024, '岗位导出', 104, 5, '', '', '', '', 1, 0, 'F', '0', '0', 'system:post:export', '#', 'admin', '2024-11-13 14:12:02', '', NULL, '');
INSERT INTO `sys_menu` (`menu_id`, `menu_name`, `parent_id`, `order_num`, `path`, `component`, `query`, `route_name`, `is_frame`, `is_cache`, `menu_type`, `visible`, `status`, `perms`, `icon`, `create_by`, `create_time`, `update_by`, `update_time`, `remark`) VALUES (1025, '字典查询', 105, 1, '#', '', '', '', 1, 0, 'F', '0', '0', 'system:dict:query', '#', 'admin', '2024-11-13 14:12:02', '', NULL, '');
INSERT INTO `sys_menu` (`menu_id`, `menu_name`, `parent_id`, `order_num`, `path`, `component`, `query`, `route_name`, `is_frame`, `is_cache`, `menu_type`, `visible`, `status`, `perms`, `icon`, `create_by`, `create_time`, `update_by`, `update_time`, `remark`) VALUES (1026, '字典新增', 105, 2, '#', '', '', '', 1, 0, 'F', '0', '0', 'system:dict:add', '#', 'admin', '2024-11-13 14:12:02', '', NULL, '');
INSERT INTO `sys_menu` (`menu_id`, `menu_name`, `parent_id`, `order_num`, `path`, `component`, `query`, `route_name`, `is_frame`, `is_cache`, `menu_type`, `visible`, `status`, `perms`, `icon`, `create_by`, `create_time`, `update_by`, `update_time`, `remark`) VALUES (1027, '字典修改', 105, 3, '#', '', '', '', 1, 0, 'F', '0', '0', 'system:dict:edit', '#', 'admin', '2024-11-13 14:12:02', '', NULL, '');
INSERT INTO `sys_menu` (`menu_id`, `menu_name`, `parent_id`, `order_num`, `path`, `component`, `query`, `route_name`, `is_frame`, `is_cache`, `menu_type`, `visible`, `status`, `perms`, `icon`, `create_by`, `create_time`, `update_by`, `update_time`, `remark`) VALUES (1028, '字典删除', 105, 4, '#', '', '', '', 1, 0, 'F', '0', '0', 'system:dict:remove', '#', 'admin', '2024-11-13 14:12:02', '', NULL, '');
INSERT INTO `sys_menu` (`menu_id`, `menu_name`, `parent_id`, `order_num`, `path`, `component`, `query`, `route_name`, `is_frame`, `is_cache`, `menu_type`, `visible`, `status`, `perms`, `icon`, `create_by`, `create_time`, `update_by`, `update_time`, `remark`) VALUES (1029, '字典导出', 105, 5, '#', '', '', '', 1, 0, 'F', '0', '0', 'system:dict:export', '#', 'admin', '2024-11-13 14:12:02', '', NULL, '');
INSERT INTO `sys_menu` (`menu_id`, `menu_name`, `parent_id`, `order_num`, `path`, `component`, `query`, `route_name`, `is_frame`, `is_cache`, `menu_type`, `visible`, `status`, `perms`, `icon`, `create_by`, `create_time`, `update_by`, `update_time`, `remark`) VALUES (1030, '参数查询', 106, 1, '#', '', '', '', 1, 0, 'F', '0', '0', 'system:config:query', '#', 'admin', '2024-11-13 14:12:02', '', NULL, '');
INSERT INTO `sys_menu` (`menu_id`, `menu_name`, `parent_id`, `order_num`, `path`, `component`, `query`, `route_name`, `is_frame`, `is_cache`, `menu_type`, `visible`, `status`, `perms`, `icon`, `create_by`, `create_time`, `update_by`, `update_time`, `remark`) VALUES (1031, '参数新增', 106, 2, '#', '', '', '', 1, 0, 'F', '0', '0', 'system:config:add', '#', 'admin', '2024-11-13 14:12:02', '', NULL, '');
INSERT INTO `sys_menu` (`menu_id`, `menu_name`, `parent_id`, `order_num`, `path`, `component`, `query`, `route_name`, `is_frame`, `is_cache`, `menu_type`, `visible`, `status`, `perms`, `icon`, `create_by`, `create_time`, `update_by`, `update_time`, `remark`) VALUES (1032, '参数修改', 106, 3, '#', '', '', '', 1, 0, 'F', '0', '0', 'system:config:edit', '#', 'admin', '2024-11-13 14:12:02', '', NULL, '');
INSERT INTO `sys_menu` (`menu_id`, `menu_name`, `parent_id`, `order_num`, `path`, `component`, `query`, `route_name`, `is_frame`, `is_cache`, `menu_type`, `visible`, `status`, `perms`, `icon`, `create_by`, `create_time`, `update_by`, `update_time`, `remark`) VALUES (1033, '参数删除', 106, 4, '#', '', '', '', 1, 0, 'F', '0', '0', 'system:config:remove', '#', 'admin', '2024-11-13 14:12:02', '', NULL, '');
INSERT INTO `sys_menu` (`menu_id`, `menu_name`, `parent_id`, `order_num`, `path`, `component`, `query`, `route_name`, `is_frame`, `is_cache`, `menu_type`, `visible`, `status`, `perms`, `icon`, `create_by`, `create_time`, `update_by`, `update_time`, `remark`) VALUES (1034, '参数导出', 106, 5, '#', '', '', '', 1, 0, 'F', '0', '0', 'system:config:export', '#', 'admin', '2024-11-13 14:12:02', '', NULL, '');
INSERT INTO `sys_menu` (`menu_id`, `menu_name`, `parent_id`, `order_num`, `path`, `component`, `query`, `route_name`, `is_frame`, `is_cache`, `menu_type`, `visible`, `status`, `perms`, `icon`, `create_by`, `create_time`, `update_by`, `update_time`, `remark`) VALUES (1035, '公告查询', 107, 1, '#', '', '', '', 1, 0, 'F', '0', '0', 'system:notice:query', '#', 'admin', '2024-11-13 14:12:02', '', NULL, '');
INSERT INTO `sys_menu` (`menu_id`, `menu_name`, `parent_id`, `order_num`, `path`, `component`, `query`, `route_name`, `is_frame`, `is_cache`, `menu_type`, `visible`, `status`, `perms`, `icon`, `create_by`, `create_time`, `update_by`, `update_time`, `remark`) VALUES (1036, '公告新增', 107, 2, '#', '', '', '', 1, 0, 'F', '0', '0', 'system:notice:add', '#', 'admin', '2024-11-13 14:12:02', '', NULL, '');
INSERT INTO `sys_menu` (`menu_id`, `menu_name`, `parent_id`, `order_num`, `path`, `component`, `query`, `route_name`, `is_frame`, `is_cache`, `menu_type`, `visible`, `status`, `perms`, `icon`, `create_by`, `create_time`, `update_by`, `update_time`, `remark`) VALUES (1037, '公告修改', 107, 3, '#', '', '', '', 1, 0, 'F', '0', '0', 'system:notice:edit', '#', 'admin', '2024-11-13 14:12:02', '', NULL, '');
INSERT INTO `sys_menu` (`menu_id`, `menu_name`, `parent_id`, `order_num`, `path`, `component`, `query`, `route_name`, `is_frame`, `is_cache`, `menu_type`, `visible`, `status`, `perms`, `icon`, `create_by`, `create_time`, `update_by`, `update_time`, `remark`) VALUES (1038, '公告删除', 107, 4, '#', '', '', '', 1, 0, 'F', '0', '0', 'system:notice:remove', '#', 'admin', '2024-11-13 14:12:02', '', NULL, '');
INSERT INTO `sys_menu` (`menu_id`, `menu_name`, `parent_id`, `order_num`, `path`, `component`, `query`, `route_name`, `is_frame`, `is_cache`, `menu_type`, `visible`, `status`, `perms`, `icon`, `create_by`, `create_time`, `update_by`, `update_time`, `remark`) VALUES (1039, '操作查询', 500, 1, '#', '', '', '', 1, 0, 'F', '0', '0', 'monitor:operlog:query', '#', 'admin', '2024-11-13 14:12:02', '', NULL, '');
INSERT INTO `sys_menu` (`menu_id`, `menu_name`, `parent_id`, `order_num`, `path`, `component`, `query`, `route_name`, `is_frame`, `is_cache`, `menu_type`, `visible`, `status`, `perms`, `icon`, `create_by`, `create_time`, `update_by`, `update_time`, `remark`) VALUES (1040, '操作删除', 500, 2, '#', '', '', '', 1, 0, 'F', '0', '0', 'monitor:operlog:remove', '#', 'admin', '2024-11-13 14:12:02', '', NULL, '');
INSERT INTO `sys_menu` (`menu_id`, `menu_name`, `parent_id`, `order_num`, `path`, `component`, `query`, `route_name`, `is_frame`, `is_cache`, `menu_type`, `visible`, `status`, `perms`, `icon`, `create_by`, `create_time`, `update_by`, `update_time`, `remark`) VALUES (1041, '日志导出', 500, 3, '#', '', '', '', 1, 0, 'F', '0', '0', 'monitor:operlog:export', '#', 'admin', '2024-11-13 14:12:02', '', NULL, '');
INSERT INTO `sys_menu` (`menu_id`, `menu_name`, `parent_id`, `order_num`, `path`, `component`, `query`, `route_name`, `is_frame`, `is_cache`, `menu_type`, `visible`, `status`, `perms`, `icon`, `create_by`, `create_time`, `update_by`, `update_time`, `remark`) VALUES (1042, '登录查询', 501, 1, '#', '', '', '', 1, 0, 'F', '0', '0', 'monitor:logininfor:query', '#', 'admin', '2024-11-13 14:12:02', '', NULL, '');
INSERT INTO `sys_menu` (`menu_id`, `menu_name`, `parent_id`, `order_num`, `path`, `component`, `query`, `route_name`, `is_frame`, `is_cache`, `menu_type`, `visible`, `status`, `perms`, `icon`, `create_by`, `create_time`, `update_by`, `update_time`, `remark`) VALUES (1043, '登录删除', 501, 2, '#', '', '', '', 1, 0, 'F', '0', '0', 'monitor:logininfor:remove', '#', 'admin', '2024-11-13 14:12:02', '', NULL, '');
INSERT INTO `sys_menu` (`menu_id`, `menu_name`, `parent_id`, `order_num`, `path`, `component`, `query`, `route_name`, `is_frame`, `is_cache`, `menu_type`, `visible`, `status`, `perms`, `icon`, `create_by`, `create_time`, `update_by`, `update_time`, `remark`) VALUES (1044, '日志导出', 501, 3, '#', '', '', '', 1, 0, 'F', '0', '0', 'monitor:logininfor:export', '#', 'admin', '2024-11-13 14:12:02', '', NULL, '');
INSERT INTO `sys_menu` (`menu_id`, `menu_name`, `parent_id`, `order_num`, `path`, `component`, `query`, `route_name`, `is_frame`, `is_cache`, `menu_type`, `visible`, `status`, `perms`, `icon`, `create_by`, `create_time`, `update_by`, `update_time`, `remark`) VALUES (1045, '账户解锁', 501, 4, '#', '', '', '', 1, 0, 'F', '0', '0', 'monitor:logininfor:unlock', '#', 'admin', '2024-11-13 14:12:02', '', NULL, '');
INSERT INTO `sys_menu` (`menu_id`, `menu_name`, `parent_id`, `order_num`, `path`, `component`, `query`, `route_name`, `is_frame`, `is_cache`, `menu_type`, `visible`, `status`, `perms`, `icon`, `create_by`, `create_time`, `update_by`, `update_time`, `remark`) VALUES (1046, '在线查询', 109, 1, '#', '', '', '', 1, 0, 'F', '0', '0', 'monitor:online:query', '#', 'admin', '2024-11-13 14:12:02', '', NULL, '');
INSERT INTO `sys_menu` (`menu_id`, `menu_name`, `parent_id`, `order_num`, `path`, `component`, `query`, `route_name`, `is_frame`, `is_cache`, `menu_type`, `visible`, `status`, `perms`, `icon`, `create_by`, `create_time`, `update_by`, `update_time`, `remark`) VALUES (1047, '批量强退', 109, 2, '#', '', '', '', 1, 0, 'F', '0', '0', 'monitor:online:batchLogout', '#', 'admin', '2024-11-13 14:12:02', '', NULL, '');
INSERT INTO `sys_menu` (`menu_id`, `menu_name`, `parent_id`, `order_num`, `path`, `component`, `query`, `route_name`, `is_frame`, `is_cache`, `menu_type`, `visible`, `status`, `perms`, `icon`, `create_by`, `create_time`, `update_by`, `update_time`, `remark`) VALUES (1048, '单条强退', 109, 3, '#', '', '', '', 1, 0, 'F', '0', '0', 'monitor:online:forceLogout', '#', 'admin', '2024-11-13 14:12:02', '', NULL, '');
INSERT INTO `sys_menu` (`menu_id`, `menu_name`, `parent_id`, `order_num`, `path`, `component`, `query`, `route_name`, `is_frame`, `is_cache`, `menu_type`, `visible`, `status`, `perms`, `icon`, `create_by`, `create_time`, `update_by`, `update_time`, `remark`) VALUES (1049, '任务查询', 110, 1, '#', '', '', '', 1, 0, 'F', '0', '0', 'monitor:job:query', '#', 'admin', '2024-11-13 14:12:02', '', NULL, '');
INSERT INTO `sys_menu` (`menu_id`, `menu_name`, `parent_id`, `order_num`, `path`, `component`, `query`, `route_name`, `is_frame`, `is_cache`, `menu_type`, `visible`, `status`, `perms`, `icon`, `create_by`, `create_time`, `update_by`, `update_time`, `remark`) VALUES (1050, '任务新增', 110, 2, '#', '', '', '', 1, 0, 'F', '0', '0', 'monitor:job:add', '#', 'admin', '2024-11-13 14:12:02', '', NULL, '');
INSERT INTO `sys_menu` (`menu_id`, `menu_name`, `parent_id`, `order_num`, `path`, `component`, `query`, `route_name`, `is_frame`, `is_cache`, `menu_type`, `visible`, `status`, `perms`, `icon`, `create_by`, `create_time`, `update_by`, `update_time`, `remark`) VALUES (1051, '任务修改', 110, 3, '#', '', '', '', 1, 0, 'F', '0', '0', 'monitor:job:edit', '#', 'admin', '2024-11-13 14:12:02', '', NULL, '');
INSERT INTO `sys_menu` (`menu_id`, `menu_name`, `parent_id`, `order_num`, `path`, `component`, `query`, `route_name`, `is_frame`, `is_cache`, `menu_type`, `visible`, `status`, `perms`, `icon`, `create_by`, `create_time`, `update_by`, `update_time`, `remark`) VALUES (1052, '任务删除', 110, 4, '#', '', '', '', 1, 0, 'F', '0', '0', 'monitor:job:remove', '#', 'admin', '2024-11-13 14:12:02', '', NULL, '');
INSERT INTO `sys_menu` (`menu_id`, `menu_name`, `parent_id`, `order_num`, `path`, `component`, `query`, `route_name`, `is_frame`, `is_cache`, `menu_type`, `visible`, `status`, `perms`, `icon`, `create_by`, `create_time`, `update_by`, `update_time`, `remark`) VALUES (1053, '状态修改', 110, 5, '#', '', '', '', 1, 0, 'F', '0', '0', 'monitor:job:changeStatus', '#', 'admin', '2024-11-13 14:12:02', '', NULL, '');
INSERT INTO `sys_menu` (`menu_id`, `menu_name`, `parent_id`, `order_num`, `path`, `component`, `query`, `route_name`, `is_frame`, `is_cache`, `menu_type`, `visible`, `status`, `perms`, `icon`, `create_by`, `create_time`, `update_by`, `update_time`, `remark`) VALUES (1054, '任务导出', 110, 6, '#', '', '', '', 1, 0, 'F', '0', '0', 'monitor:job:export', '#', 'admin', '2024-11-13 14:12:02', '', NULL, '');
INSERT INTO `sys_menu` (`menu_id`, `menu_name`, `parent_id`, `order_num`, `path`, `component`, `query`, `route_name`, `is_frame`, `is_cache`, `menu_type`, `visible`, `status`, `perms`, `icon`, `create_by`, `create_time`, `update_by`, `update_time`, `remark`) VALUES (1055, '生成查询', 116, 1, '#', '', '', '', 1, 0, 'F', '0', '0', 'tool:gen:query', '#', 'admin', '2024-11-13 14:12:02', '', NULL, '');
INSERT INTO `sys_menu` (`menu_id`, `menu_name`, `parent_id`, `order_num`, `path`, `component`, `query`, `route_name`, `is_frame`, `is_cache`, `menu_type`, `visible`, `status`, `perms`, `icon`, `create_by`, `create_time`, `update_by`, `update_time`, `remark`) VALUES (1056, '生成修改', 116, 2, '#', '', '', '', 1, 0, 'F', '0', '0', 'tool:gen:edit', '#', 'admin', '2024-11-13 14:12:02', '', NULL, '');
INSERT INTO `sys_menu` (`menu_id`, `menu_name`, `parent_id`, `order_num`, `path`, `component`, `query`, `route_name`, `is_frame`, `is_cache`, `menu_type`, `visible`, `status`, `perms`, `icon`, `create_by`, `create_time`, `update_by`, `update_time`, `remark`) VALUES (1057, '生成删除', 116, 3, '#', '', '', '', 1, 0, 'F', '0', '0', 'tool:gen:remove', '#', 'admin', '2024-11-13 14:12:02', '', NULL, '');
INSERT INTO `sys_menu` (`menu_id`, `menu_name`, `parent_id`, `order_num`, `path`, `component`, `query`, `route_name`, `is_frame`, `is_cache`, `menu_type`, `visible`, `status`, `perms`, `icon`, `create_by`, `create_time`, `update_by`, `update_time`, `remark`) VALUES (1058, '导入代码', 116, 4, '#', '', '', '', 1, 0, 'F', '0', '0', 'tool:gen:import', '#', 'admin', '2024-11-13 14:12:02', '', NULL, '');
INSERT INTO `sys_menu` (`menu_id`, `menu_name`, `parent_id`, `order_num`, `path`, `component`, `query`, `route_name`, `is_frame`, `is_cache`, `menu_type`, `visible`, `status`, `perms`, `icon`, `create_by`, `create_time`, `update_by`, `update_time`, `remark`) VALUES (1059, '预览代码', 116, 5, '#', '', '', '', 1, 0, 'F', '0', '0', 'tool:gen:preview', '#', 'admin', '2024-11-13 14:12:02', '', NULL, '');
INSERT INTO `sys_menu` (`menu_id`, `menu_name`, `parent_id`, `order_num`, `path`, `component`, `query`, `route_name`, `is_frame`, `is_cache`, `menu_type`, `visible`, `status`, `perms`, `icon`, `create_by`, `create_time`, `update_by`, `update_time`, `remark`) VALUES (1060, '生成代码', 116, 6, '#', '', '', '', 1, 0, 'F', '0', '0', 'tool:gen:code', '#', 'admin', '2024-11-13 14:12:02', '', NULL, '');
INSERT INTO `sys_menu` (`menu_id`, `menu_name`, `parent_id`, `order_num`, `path`, `component`, `query`, `route_name`, `is_frame`, `is_cache`, `menu_type`, `visible`, `status`, `perms`, `icon`, `create_by`, `create_time`, `update_by`, `update_time`, `remark`) VALUES (2028, '业务菜单', 0, 4, 'business', NULL, NULL, '', 1, 0, 'M', '0', '0', NULL, 'dict', 'admin', '2025-01-17 14:16:08', 'admin', '2025-01-17 14:16:08', '');
INSERT INTO `sys_menu` (`menu_id`, `menu_name`, `parent_id`, `order_num`, `path`, `component`, `query`, `route_name`, `is_frame`, `is_cache`, `menu_type`, `visible`, `status`, `perms`, `icon`, `create_by`, `create_time`, `update_by`, `update_time`, `remark`) VALUES (2053, '表格管理', 1, 1, 'sys_table', 'system/table/index', NULL, '', 1, 0, 'C', '0', '0', 'sys:table:list', 'chart', 'admin', '2025-02-11 11:03:27', 'admin', '2025-02-11 11:09:32', '表格管理菜单');
INSERT INTO `sys_menu` (`menu_id`, `menu_name`, `parent_id`, `order_num`, `path`, `component`, `query`, `route_name`, `is_frame`, `is_cache`, `menu_type`, `visible`, `status`, `perms`, `icon`, `create_by`, `create_time`, `update_by`, `update_time`, `remark`) VALUES (2054, '表格管理查询', 2053, 1, '#', '', NULL, '', 1, 0, 'F', '0', '0', 'sys:table:query', '#', 'admin', '2025-02-11 11:03:27', '', NULL, '');
INSERT INTO `sys_menu` (`menu_id`, `menu_name`, `parent_id`, `order_num`, `path`, `component`, `query`, `route_name`, `is_frame`, `is_cache`, `menu_type`, `visible`, `status`, `perms`, `icon`, `create_by`, `create_time`, `update_by`, `update_time`, `remark`) VALUES (2055, '表格管理新增', 2053, 2, '#', '', NULL, '', 1, 0, 'F', '0', '0', 'sys:table:add', '#', 'admin', '2025-02-11 11:03:27', '', NULL, '');
INSERT INTO `sys_menu` (`menu_id`, `menu_name`, `parent_id`, `order_num`, `path`, `component`, `query`, `route_name`, `is_frame`, `is_cache`, `menu_type`, `visible`, `status`, `perms`, `icon`, `create_by`, `create_time`, `update_by`, `update_time`, `remark`) VALUES (2056, '表格管理修改', 2053, 3, '#', '', NULL, '', 1, 0, 'F', '0', '0', 'sys:table:edit', '#', 'admin', '2025-02-11 11:03:27', '', NULL, '');
INSERT INTO `sys_menu` (`menu_id`, `menu_name`, `parent_id`, `order_num`, `path`, `component`, `query`, `route_name`, `is_frame`, `is_cache`, `menu_type`, `visible`, `status`, `perms`, `icon`, `create_by`, `create_time`, `update_by`, `update_time`, `remark`) VALUES (2057, '表格管理删除', 2053, 4, '#', '', NULL, '', 1, 0, 'F', '0', '0', 'sys:table:remove', '#', 'admin', '2025-02-11 11:03:27', '', NULL, '');
INSERT INTO `sys_menu` (`menu_id`, `menu_name`, `parent_id`, `order_num`, `path`, `component`, `query`, `route_name`, `is_frame`, `is_cache`, `menu_type`, `visible`, `status`, `perms`, `icon`, `create_by`, `create_time`, `update_by`, `update_time`, `remark`) VALUES (2058, '表格管理导出', 2053, 5, '#', '', NULL, '', 1, 0, 'F', '0', '0', 'sys:table:export', '#', 'admin', '2025-02-11 11:03:27', '', NULL, '');
INSERT INTO `sys_menu` (`menu_id`, `menu_name`, `parent_id`, `order_num`, `path`, `component`, `query`, `route_name`, `is_frame`, `is_cache`, `menu_type`, `visible`, `status`, `perms`, `icon`, `create_by`, `create_time`, `update_by`, `update_time`, `remark`) VALUES (2077, '司机信息', 2028, 1, 'car_driver', 'car/driver/index', NULL, '', 1, 0, 'C', '0', '0', 'car:driver:list', 'peoples', 'admin', '2025-02-18 23:56:27', 'admin', '2025-03-08 16:35:19', '司机信息菜单');
INSERT INTO `sys_menu` (`menu_id`, `menu_name`, `parent_id`, `order_num`, `path`, `component`, `query`, `route_name`, `is_frame`, `is_cache`, `menu_type`, `visible`, `status`, `perms`, `icon`, `create_by`, `create_time`, `update_by`, `update_time`, `remark`) VALUES (2078, '司机信息查询', 2077, 1, '#', '', NULL, '', 1, 0, 'F', '0', '0', 'car:driver:query', '#', 'admin', '2025-02-18 23:56:27', '', NULL, '');
INSERT INTO `sys_menu` (`menu_id`, `menu_name`, `parent_id`, `order_num`, `path`, `component`, `query`, `route_name`, `is_frame`, `is_cache`, `menu_type`, `visible`, `status`, `perms`, `icon`, `create_by`, `create_time`, `update_by`, `update_time`, `remark`) VALUES (2079, '司机信息新增', 2077, 2, '#', '', NULL, '', 1, 0, 'F', '0', '0', 'car:driver:add', '#', 'admin', '2025-02-18 23:56:27', '', NULL, '');
INSERT INTO `sys_menu` (`menu_id`, `menu_name`, `parent_id`, `order_num`, `path`, `component`, `query`, `route_name`, `is_frame`, `is_cache`, `menu_type`, `visible`, `status`, `perms`, `icon`, `create_by`, `create_time`, `update_by`, `update_time`, `remark`) VALUES (2080, '司机信息修改', 2077, 3, '#', '', NULL, '', 1, 0, 'F', '0', '0', 'car:driver:edit', '#', 'admin', '2025-02-18 23:56:27', '', NULL, '');
INSERT INTO `sys_menu` (`menu_id`, `menu_name`, `parent_id`, `order_num`, `path`, `component`, `query`, `route_name`, `is_frame`, `is_cache`, `menu_type`, `visible`, `status`, `perms`, `icon`, `create_by`, `create_time`, `update_by`, `update_time`, `remark`) VALUES (2081, '司机信息删除', 2077, 4, '#', '', NULL, '', 1, 0, 'F', '0', '0', 'car:driver:remove', '#', 'admin', '2025-02-18 23:56:27', '', NULL, '');
INSERT INTO `sys_menu` (`menu_id`, `menu_name`, `parent_id`, `order_num`, `path`, `component`, `query`, `route_name`, `is_frame`, `is_cache`, `menu_type`, `visible`, `status`, `perms`, `icon`, `create_by`, `create_time`, `update_by`, `update_time`, `remark`) VALUES (2082, '司机信息导出', 2077, 5, '#', '', NULL, '', 1, 0, 'F', '0', '0', 'car:driver:export', '#', 'admin', '2025-02-18 23:56:27', '', NULL, '');
INSERT INTO `sys_menu` (`menu_id`, `menu_name`, `parent_id`, `order_num`, `path`, `component`, `query`, `route_name`, `is_frame`, `is_cache`, `menu_type`, `visible`, `status`, `perms`, `icon`, `create_by`, `create_time`, `update_by`, `update_time`, `remark`) VALUES (2084, '系统表单查询', 115, 1, '#', '', NULL, '', 1, 0, 'F', '0', '0', 'sys:form:query', '#', 'admin', '2025-03-07 10:07:51', '', NULL, '');
INSERT INTO `sys_menu` (`menu_id`, `menu_name`, `parent_id`, `order_num`, `path`, `component`, `query`, `route_name`, `is_frame`, `is_cache`, `menu_type`, `visible`, `status`, `perms`, `icon`, `create_by`, `create_time`, `update_by`, `update_time`, `remark`) VALUES (2085, '系统表单新增', 115, 2, '#', '', NULL, '', 1, 0, 'F', '0', '0', 'sys:form:add', '#', 'admin', '2025-03-07 10:07:51', '', NULL, '');
INSERT INTO `sys_menu` (`menu_id`, `menu_name`, `parent_id`, `order_num`, `path`, `component`, `query`, `route_name`, `is_frame`, `is_cache`, `menu_type`, `visible`, `status`, `perms`, `icon`, `create_by`, `create_time`, `update_by`, `update_time`, `remark`) VALUES (2086, '系统表单修改', 115, 3, '#', '', NULL, '', 1, 0, 'F', '0', '0', 'sys:form:edit', '#', 'admin', '2025-03-07 10:07:51', '', NULL, '');
INSERT INTO `sys_menu` (`menu_id`, `menu_name`, `parent_id`, `order_num`, `path`, `component`, `query`, `route_name`, `is_frame`, `is_cache`, `menu_type`, `visible`, `status`, `perms`, `icon`, `create_by`, `create_time`, `update_by`, `update_time`, `remark`) VALUES (2087, '系统表单删除', 115, 4, '#', '', NULL, '', 1, 0, 'F', '0', '0', 'sys:form:remove', '#', 'admin', '2025-03-07 10:07:51', '', NULL, '');
INSERT INTO `sys_menu` (`menu_id`, `menu_name`, `parent_id`, `order_num`, `path`, `component`, `query`, `route_name`, `is_frame`, `is_cache`, `menu_type`, `visible`, `status`, `perms`, `icon`, `create_by`, `create_time`, `update_by`, `update_time`, `remark`) VALUES (2088, '系统表单导出', 115, 5, '#', '', NULL, '', 1, 0, 'F', '0', '0', 'sys:form:export', '#', 'admin', '2025-03-07 10:07:51', '', NULL, '');
INSERT INTO `sys_menu` (`menu_id`, `menu_name`, `parent_id`, `order_num`, `path`, `component`, `query`, `route_name`, `is_frame`, `is_cache`, `menu_type`, `visible`, `status`, `perms`, `icon`, `create_by`, `create_time`, `update_by`, `update_time`, `remark`) VALUES (2089, '测试表单', 2028, 2, 'jobIntent', 'form/jobIntent/index', NULL, '', 1, 0, 'C', '0', '0', NULL, 'dict', 'admin', '2025-03-08 16:33:25', 'admin', '2025-03-08 16:34:23', '');
COMMIT;

-- ----------------------------
-- Table structure for sys_notice
-- ----------------------------
DROP TABLE IF EXISTS `sys_notice`;
CREATE TABLE `sys_notice` (
  `notice_id` int(11) NOT NULL AUTO_INCREMENT COMMENT '公告ID',
  `notice_title` varchar(50) NOT NULL COMMENT '公告标题',
  `notice_type` char(1) NOT NULL COMMENT '公告类型（1通知 2公告）',
  `notice_content` longblob COMMENT '公告内容',
  `status` char(1) DEFAULT '0' COMMENT '公告状态（0正常 1关闭）',
  `create_by` varchar(64) DEFAULT '' COMMENT '创建者',
  `create_time` datetime DEFAULT NULL COMMENT '创建时间',
  `update_by` varchar(64) DEFAULT '' COMMENT '更新者',
  `update_time` datetime DEFAULT NULL COMMENT '更新时间',
  `remark` varchar(255) DEFAULT NULL COMMENT '备注',
  PRIMARY KEY (`notice_id`) USING BTREE
) ENGINE=InnoDB AUTO_INCREMENT=3 DEFAULT CHARSET=utf8mb4 COMMENT='通知公告表';

-- ----------------------------
-- Records of sys_notice
-- ----------------------------
BEGIN;
INSERT INTO `sys_notice` (`notice_id`, `notice_title`, `notice_type`, `notice_content`, `status`, `create_by`, `create_time`, `update_by`, `update_time`, `remark`) VALUES (1, '温馨提醒：2018-07-01 vfadmin新版本发布啦', '2', 0x3C703EE696B0E78988E69CACE58685E5AEB93C2F703E, '1', 'admin', '2024-11-13 14:12:03', 'admin', '2025-02-20 20:26:01', '管理员');
INSERT INTO `sys_notice` (`notice_id`, `notice_title`, `notice_type`, `notice_content`, `status`, `create_by`, `create_time`, `update_by`, `update_time`, `remark`) VALUES (2, '维护通知：2018-07-01 vfadmin系统凌晨维护', '1', 0xE7BBB4E68AA4E58685E5AEB9, '0', 'admin', '2024-11-13 14:12:03', '', NULL, '管理员');
COMMIT;

-- ----------------------------
-- Table structure for sys_oper_log
-- ----------------------------
DROP TABLE IF EXISTS `sys_oper_log`;
CREATE TABLE `sys_oper_log` (
  `oper_id` bigint(20) NOT NULL AUTO_INCREMENT COMMENT '日志主键',
  `title` varchar(50) DEFAULT '' COMMENT '模块标题',
  `business_type` int(11) DEFAULT '0' COMMENT '业务类型（0其它 1新增 2修改 3删除）',
  `method` varchar(100) DEFAULT '' COMMENT '方法名称',
  `request_method` varchar(10) DEFAULT '' COMMENT '请求方式',
  `operator_type` int(11) DEFAULT '0' COMMENT '操作类别（0其它 1后台用户 2手机端用户）',
  `oper_name` varchar(50) DEFAULT '' COMMENT '操作人员',
  `dept_name` varchar(50) DEFAULT '' COMMENT '部门名称',
  `oper_url` varchar(255) DEFAULT '' COMMENT '请求URL',
  `oper_ip` varchar(128) DEFAULT '' COMMENT '主机地址',
  `oper_location` varchar(255) DEFAULT '' COMMENT '操作地点',
  `oper_param` longtext COMMENT '请求参数',
  `json_result` longtext COMMENT '返回参数',
  `status` int(11) DEFAULT '0' COMMENT '操作状态（0正常 1异常）',
  `error_msg` longtext COMMENT '错误消息',
  `oper_time` datetime DEFAULT NULL COMMENT '操作时间',
  `cost_time` bigint(20) DEFAULT '0' COMMENT '消耗时间',
  PRIMARY KEY (`oper_id`) USING BTREE,
  KEY `idx_sys_oper_log_bt` (`business_type`) USING BTREE,
  KEY `idx_sys_oper_log_s` (`status`) USING BTREE,
  KEY `idx_sys_oper_log_ot` (`oper_time`) USING BTREE
) ENGINE=InnoDB AUTO_INCREMENT=1102 DEFAULT CHARSET=utf8mb4 COMMENT='操作日志记录';

-- ----------------------------
-- Records of sys_oper_log
-- ----------------------------
BEGIN;
INSERT INTO `sys_oper_log` (`oper_id`, `title`, `business_type`, `method`, `request_method`, `operator_type`, `oper_name`, `dept_name`, `oper_url`, `oper_ip`, `oper_location`, `oper_param`, `json_result`, `status`, `error_msg`, `oper_time`, `cost_time`) VALUES (1047, '操作日志', 9, 'module_admin/controller/log_controller.clear_system_operation_log()', 'DELETE', 1, 'admin', '研发部门', '/monitor/operlog/clean', '118.81.240.205', '内网IP', '{}', '{\"code\": 200, \"msg\": \"清除成功\", \"success\": true, \"time\": \"2025-02-20T10:30:34.174539\"}', 0, '', '2025-02-20 10:30:34', 17);
INSERT INTO `sys_oper_log` (`oper_id`, `title`, `business_type`, `method`, `request_method`, `operator_type`, `oper_name`, `dept_name`, `oper_url`, `oper_ip`, `oper_location`, `oper_param`, `json_result`, `status`, `error_msg`, `oper_time`, `cost_time`) VALUES (1048, 'car_driver', 5, 'module_admin/controller/car_driver_controller.export_car_driver()', 'POST', 1, 'admin', '研发部门', '/car/driver/export', '112.97.201.241', '内网IP', 'pageNum: 1\npageSize: 10', '{\"code\": 200, \"message\": \"获取成功\"}', 0, '', '2025-02-20 11:04:22', 14);
INSERT INTO `sys_oper_log` (`oper_id`, `title`, `business_type`, `method`, `request_method`, `operator_type`, `oper_name`, `dept_name`, `oper_url`, `oper_ip`, `oper_location`, `oper_param`, `json_result`, `status`, `error_msg`, `oper_time`, `cost_time`) VALUES (1049, '部门管理', 1, 'module_admin/controller/dept_controller.add_system_dept()', 'POST', 1, 'admin', '研发部门', '/system/dept', '218.22.63.14', '内网IP', '{\"parentId\": 201, \"deptName\": \"项目一组\", \"orderNum\": 1, \"status\": \"0\"}', '{\"code\": 200, \"msg\": \"操作成功\", \"data\": {\"is_success\": true, \"message\": \"新增成功\", \"result\": null}, \"success\": true, \"time\": \"2025-02-20T13:08:52.360211\"}', 0, '', '2025-02-20 13:08:52', 3);
INSERT INTO `sys_oper_log` (`oper_id`, `title`, `business_type`, `method`, `request_method`, `operator_type`, `oper_name`, `dept_name`, `oper_url`, `oper_ip`, `oper_location`, `oper_param`, `json_result`, `status`, `error_msg`, `oper_time`, `cost_time`) VALUES (1050, '字典类型', 2, 'module_admin/controller/dict_controller.refresh_system_dict()', 'DELETE', 1, 'admin', '研发部门', '/system/dict/type/refreshCache', '113.118.4.185', '内网IP', '{}', '{\"code\": 200, \"msg\": \"刷新成功\", \"success\": true, \"time\": \"2025-02-20T16:44:54.406884\"}', 0, '', '2025-02-20 16:44:54', 11);
INSERT INTO `sys_oper_log` (`oper_id`, `title`, `business_type`, `method`, `request_method`, `operator_type`, `oper_name`, `dept_name`, `oper_url`, `oper_ip`, `oper_location`, `oper_param`, `json_result`, `status`, `error_msg`, `oper_time`, `cost_time`) VALUES (1051, '字典类型', 2, 'module_admin/controller/dict_controller.refresh_system_dict()', 'DELETE', 1, 'admin', '研发部门', '/system/dict/type/refreshCache', '113.118.4.185', '内网IP', '{}', '{\"code\": 200, \"msg\": \"刷新成功\", \"success\": true, \"time\": \"2025-02-20T16:44:55.045483\"}', 0, '', '2025-02-20 16:44:55', 10);
INSERT INTO `sys_oper_log` (`oper_id`, `title`, `business_type`, `method`, `request_method`, `operator_type`, `oper_name`, `dept_name`, `oper_url`, `oper_ip`, `oper_location`, `oper_param`, `json_result`, `status`, `error_msg`, `oper_time`, `cost_time`) VALUES (1052, '字典类型', 2, 'module_admin/controller/dict_controller.refresh_system_dict()', 'DELETE', 1, 'admin', '研发部门', '/system/dict/type/refreshCache', '113.118.4.185', '内网IP', '{}', '{\"code\": 200, \"msg\": \"刷新成功\", \"success\": true, \"time\": \"2025-02-20T16:44:55.272547\"}', 0, '', '2025-02-20 16:44:55', 11);
INSERT INTO `sys_oper_log` (`oper_id`, `title`, `business_type`, `method`, `request_method`, `operator_type`, `oper_name`, `dept_name`, `oper_url`, `oper_ip`, `oper_location`, `oper_param`, `json_result`, `status`, `error_msg`, `oper_time`, `cost_time`) VALUES (1053, '通知公告', 2, 'module_admin/controller/notice_controller.edit_system_notice()', 'PUT', 1, 'admin', '研发部门', '/system/notice', '27.47.4.252', '内网IP', '{\"noticeId\": 1, \"noticeTitle\": \"温馨提醒：2018-07-01 vfadmin新版本发布啦\", \"noticeType\": \"2\", \"noticeContent\": \"<p>新版本内容</p>\", \"status\": \"1\", \"createBy\": \"admin\", \"createTime\": \"2024-11-13T14:12:03\", \"updateBy\": \"\", \"updateTime\": null, \"remark\": \"管理员\"}', '{\"code\": 200, \"msg\": \"更新成功\", \"success\": true, \"time\": \"2025-02-20T20:26:01.158449\"}', 0, '', '2025-02-20 20:26:01', 3);
INSERT INTO `sys_oper_log` (`oper_id`, `title`, `business_type`, `method`, `request_method`, `operator_type`, `oper_name`, `dept_name`, `oper_url`, `oper_ip`, `oper_location`, `oper_param`, `json_result`, `status`, `error_msg`, `oper_time`, `cost_time`) VALUES (1054, '角色管理', 5, 'module_admin/controller/role_controller.export_system_role_list()', 'POST', 1, 'admin', '研发部门', '/system/role/export', '27.47.4.252', '内网IP', 'pageNum: 1\npageSize: 10', '{\"code\": 200, \"message\": \"获取成功\"}', 0, '', '2025-02-20 20:26:46', 9);
INSERT INTO `sys_oper_log` (`oper_id`, `title`, `business_type`, `method`, `request_method`, `operator_type`, `oper_name`, `dept_name`, `oper_url`, `oper_ip`, `oper_location`, `oper_param`, `json_result`, `status`, `error_msg`, `oper_time`, `cost_time`) VALUES (1055, '角色管理', 5, 'module_admin/controller/role_controller.export_system_role_list()', 'POST', 1, 'admin', '研发部门', '/system/role/export', '27.47.4.252', '内网IP', 'pageNum: 1\npageSize: 10', '{\"code\": 200, \"message\": \"获取成功\"}', 0, '', '2025-02-20 20:26:49', 1);
INSERT INTO `sys_oper_log` (`oper_id`, `title`, `business_type`, `method`, `request_method`, `operator_type`, `oper_name`, `dept_name`, `oper_url`, `oper_ip`, `oper_location`, `oper_param`, `json_result`, `status`, `error_msg`, `oper_time`, `cost_time`) VALUES (1056, '用户管理', 5, 'module_admin/controller/user_controller.export_system_user_list()', 'POST', 1, 'admin', '研发部门', '/system/user/export', '27.47.4.252', '内网IP', 'pageNum: 1\npageSize: 10', '{\"code\": 200, \"message\": \"获取成功\"}', 0, '', '2025-02-20 20:26:54', 2);
INSERT INTO `sys_oper_log` (`oper_id`, `title`, `business_type`, `method`, `request_method`, `operator_type`, `oper_name`, `dept_name`, `oper_url`, `oper_ip`, `oper_location`, `oper_param`, `json_result`, `status`, `error_msg`, `oper_time`, `cost_time`) VALUES (1057, '用户管理', 2, 'module_admin/controller/user_controller.change_system_user_status()', 'PUT', 1, 'admin', '研发部门', '/system/user/changeStatus', '111.16.87.95', '内网IP', '{\"userId\": 115, \"status\": \"0\"}', '{\"code\": 200, \"msg\": \"更新成功\", \"success\": true, \"time\": \"2025-02-20T22:14:11.710580\"}', 0, '', '2025-02-20 22:14:12', 6);
INSERT INTO `sys_oper_log` (`oper_id`, `title`, `business_type`, `method`, `request_method`, `operator_type`, `oper_name`, `dept_name`, `oper_url`, `oper_ip`, `oper_location`, `oper_param`, `json_result`, `status`, `error_msg`, `oper_time`, `cost_time`) VALUES (1058, '角色管理', 4, 'module_admin/controller/role_controller.edit_system_role_datascope()', 'PUT', 1, 'admin', '研发部门', '/system/role/dataScope', '111.16.87.95', '内网IP', '{\"roleId\": 2, \"roleName\": \"普通角色\", \"roleKey\": \"common\", \"roleSort\": 2, \"dataScope\": \"3\", \"menuCheckStrictly\": true, \"deptCheckStrictly\": true, \"status\": \"0\", \"delFlag\": \"0\", \"createBy\": \"admin\", \"createTime\": \"2024-11-13T14:12:02\", \"updateBy\": \"admin\", \"updateTime\": \"2025-02-19T00:00:26\", \"remark\": \"普通角色\", \"admin\": false, \"deptIds\": []}', '{\"code\": 200, \"msg\": \"分配成功\", \"success\": true, \"time\": \"2025-02-20T22:15:04.895919\"}', 0, '', '2025-02-20 22:15:05', 3);
INSERT INTO `sys_oper_log` (`oper_id`, `title`, `business_type`, `method`, `request_method`, `operator_type`, `oper_name`, `dept_name`, `oper_url`, `oper_ip`, `oper_location`, `oper_param`, `json_result`, `status`, `error_msg`, `oper_time`, `cost_time`) VALUES (1059, '用户管理', 2, 'module_admin/controller/user_controller.reset_system_user_pwd()', 'PUT', 1, 'richard', '测试部门', '/system/user/resetPwd', '111.16.87.95', '内网IP', '{\"userId\": 2, \"password\": \"admin123\"}', '{\"code\": 200, \"msg\": \"更新成功\", \"success\": true, \"time\": \"2025-02-20T22:27:08.770643\"}', 0, '', '2025-02-20 22:27:08', 36);
INSERT INTO `sys_oper_log` (`oper_id`, `title`, `business_type`, `method`, `request_method`, `operator_type`, `oper_name`, `dept_name`, `oper_url`, `oper_ip`, `oper_location`, `oper_param`, `json_result`, `status`, `error_msg`, `oper_time`, `cost_time`) VALUES (1060, 'car_driver', 1, 'module_admin/controller/car_driver_controller.add_car_driver()', 'POST', 1, 'niangao', '测试部门', '/car/driver/add', '111.16.87.95', '内网IP', '{\"age\": \"30\", \"carType\": 1, \"createBy\": null, \"createTime\": null, \"delFlag\": null, \"deptId\": null, \"driverYears\": \"6\", \"id\": null, \"image\": \"https://jinqiao-product.oss-cn-beijing.aliyuncs.com/category_image/1740061967.9344876.jpeg\", \"location\": \"山东临沂\", \"name\": \"孙大圣\", \"price\": \"899\", \"updateTime\": null}', '{\"code\": 200, \"msg\": \"操作成功\", \"data\": {\"age\": null, \"carType\": null, \"createBy\": null, \"createTime\": null, \"delFlag\": null, \"deptId\": null, \"driverYears\": null, \"id\": null, \"image\": null, \"location\": null, \"name\": null, \"price\": null, \"updateTime\": null}, \"success\": true, \"time\": \"2025-02-20T22:33:07.350182\"}', 0, '', '2025-02-20 22:33:07', 2);
INSERT INTO `sys_oper_log` (`oper_id`, `title`, `business_type`, `method`, `request_method`, `operator_type`, `oper_name`, `dept_name`, `oper_url`, `oper_ip`, `oper_location`, `oper_param`, `json_result`, `status`, `error_msg`, `oper_time`, `cost_time`) VALUES (1061, '角色管理', 4, 'module_admin/controller/role_controller.edit_system_role_datascope()', 'PUT', 1, 'niangao', '测试部门', '/system/role/dataScope', '111.16.87.95', '内网IP', '{\"roleId\": 2, \"roleName\": \"普通角色\", \"roleKey\": \"common\", \"roleSort\": 2, \"dataScope\": \"5\", \"menuCheckStrictly\": true, \"deptCheckStrictly\": true, \"status\": \"0\", \"delFlag\": \"0\", \"createBy\": \"admin\", \"createTime\": \"2024-11-13T14:12:02\", \"updateBy\": \"admin\", \"updateTime\": \"2025-02-20T22:15:05\", \"remark\": \"普通角色\", \"admin\": false, \"deptIds\": []}', '{\"code\": 200, \"msg\": \"分配成功\", \"success\": true, \"time\": \"2025-02-20T22:33:43.896816\"}', 0, '', '2025-02-20 22:33:44', 3);
INSERT INTO `sys_oper_log` (`oper_id`, `title`, `business_type`, `method`, `request_method`, `operator_type`, `oper_name`, `dept_name`, `oper_url`, `oper_ip`, `oper_location`, `oper_param`, `json_result`, `status`, `error_msg`, `oper_time`, `cost_time`) VALUES (1062, '角色管理', 4, 'module_admin/controller/role_controller.edit_system_role_datascope()', 'PUT', 1, 'admin', '研发部门', '/system/role/dataScope', '111.16.87.95', '内网IP', '{\"roleId\": 2, \"roleName\": \"普通角色\", \"roleKey\": \"common\", \"roleSort\": 2, \"dataScope\": \"3\", \"menuCheckStrictly\": true, \"deptCheckStrictly\": true, \"status\": \"0\", \"delFlag\": \"0\", \"createBy\": \"admin\", \"createTime\": \"2024-11-13T14:12:02\", \"updateBy\": \"niangao\", \"updateTime\": \"2025-02-20T22:33:44\", \"remark\": \"普通角色\", \"admin\": false, \"deptIds\": []}', '{\"code\": 200, \"msg\": \"分配成功\", \"success\": true, \"time\": \"2025-02-20T22:34:48.394976\"}', 0, '', '2025-02-20 22:34:48', 3);
INSERT INTO `sys_oper_log` (`oper_id`, `title`, `business_type`, `method`, `request_method`, `operator_type`, `oper_name`, `dept_name`, `oper_url`, `oper_ip`, `oper_location`, `oper_param`, `json_result`, `status`, `error_msg`, `oper_time`, `cost_time`) VALUES (1063, '个人信息', 2, 'module_admin/controller/user_controller.change_system_user_profile_avatar()', 'POST', 1, 'niangao', '测试部门', '/system/user/profile/avatar', '111.16.87.95', '内网IP', 'avatarfile: UploadFile(filename=\'5bb4fd0d888bd97092a0ba4fdf3ce389.jpeg\', size=233340, headers=Headers({\'content-disposition\': \'form-data; name=\"avatarfile\"; filename=\"5bb4fd0d888bd97092a0ba4fdf3ce389.jpeg\"\', \'content-type\': \'image/png\'}))', '{\"code\": 200, \"msg\": \"更新成功\", \"imgUrl\": \"/profile/avatar/2025/02/20/avatar_20250220224630A784.png\", \"success\": true, \"time\": \"2025-02-20T22:46:30.687000\"}', 0, '', '2025-02-20 22:46:31', 5);
INSERT INTO `sys_oper_log` (`oper_id`, `title`, `business_type`, `method`, `request_method`, `operator_type`, `oper_name`, `dept_name`, `oper_url`, `oper_ip`, `oper_location`, `oper_param`, `json_result`, `status`, `error_msg`, `oper_time`, `cost_time`) VALUES (1064, '个人信息', 2, 'module_admin/controller/user_controller.change_system_user_profile_avatar()', 'POST', 1, 'admin', '研发部门', '/system/user/profile/avatar', '111.16.87.95', '内网IP', 'avatarfile: UploadFile(filename=\'5bb4fd0d888bd97092a0ba4fdf3ce389.jpeg\', size=234326, headers=Headers({\'content-disposition\': \'form-data; name=\"avatarfile\"; filename=\"5bb4fd0d888bd97092a0ba4fdf3ce389.jpeg\"\', \'content-type\': \'image/png\'}))', '{\"code\": 200, \"msg\": \"更新成功\", \"imgUrl\": \"/profile/avatar/2025/02/20/avatar_20250220225932A688.png\", \"success\": true, \"time\": \"2025-02-20T22:59:32.193520\"}', 0, '', '2025-02-20 22:59:32', 5);
INSERT INTO `sys_oper_log` (`oper_id`, `title`, `business_type`, `method`, `request_method`, `operator_type`, `oper_name`, `dept_name`, `oper_url`, `oper_ip`, `oper_location`, `oper_param`, `json_result`, `status`, `error_msg`, `oper_time`, `cost_time`) VALUES (1065, '在线用户', 7, 'module_admin/controller/online_controller.delete_monitor_online()', 'DELETE', 1, 'admin', '研发部门', '/monitor/online/a16b1939-4fd9-4ffb-a18e-a7c34741ffc7', '117.189.181.84', '内网IP', '{\"token_ids\": \"a16b1939-4fd9-4ffb-a18e-a7c34741ffc7\"}', '{\"code\": 200, \"msg\": \"强退成功\", \"success\": true, \"time\": \"2025-02-21T05:06:36.738492\"}', 0, '', '2025-02-21 05:06:37', 0);
INSERT INTO `sys_oper_log` (`oper_id`, `title`, `business_type`, `method`, `request_method`, `operator_type`, `oper_name`, `dept_name`, `oper_url`, `oper_ip`, `oper_location`, `oper_param`, `json_result`, `status`, `error_msg`, `oper_time`, `cost_time`) VALUES (1066, '个人信息', 2, 'module_admin/controller/user_controller.change_system_user_profile_info()', 'PUT', 1, 'admin', '研发部门', '/system/user/profile', '111.16.87.95', '内网IP', '{\"nickName\": \"超级管理员\", \"phonenumber\": \"18000006666\", \"email\": \"admin@163.com\", \"sex\": \"0\"}', '{\"code\": 200, \"msg\": \"更新成功\", \"success\": true, \"time\": \"2025-02-22T23:58:05.969337\"}', 0, '', '2025-02-22 23:58:06', 9);
INSERT INTO `sys_oper_log` (`oper_id`, `title`, `business_type`, `method`, `request_method`, `operator_type`, `oper_name`, `dept_name`, `oper_url`, `oper_ip`, `oper_location`, `oper_param`, `json_result`, `status`, `error_msg`, `oper_time`, `cost_time`) VALUES (1067, '个人信息', 2, 'module_admin/controller/user_controller.change_system_user_profile_info()', 'PUT', 1, 'admin', '研发部门', '/system/user/profile', '111.16.87.95', '内网IP', '{\"nickName\": \"超级管理员\", \"phonenumber\": \"18000006666\", \"email\": \"admin@163.com\", \"sex\": \"0\"}', '{\"code\": 200, \"msg\": \"更新成功\", \"success\": true, \"time\": \"2025-02-22T23:59:07.410060\"}', 0, '', '2025-02-22 23:59:07', 9);
INSERT INTO `sys_oper_log` (`oper_id`, `title`, `business_type`, `method`, `request_method`, `operator_type`, `oper_name`, `dept_name`, `oper_url`, `oper_ip`, `oper_location`, `oper_param`, `json_result`, `status`, `error_msg`, `oper_time`, `cost_time`) VALUES (1068, '个人信息', 2, 'module_admin/controller/user_controller.change_system_user_profile_info()', 'PUT', 1, 'admin', '研发部门', '/system/user/profile', '111.16.87.95', '内网IP', '{\"avatar\": \"https://jinqiao-product.oss-cn-beijing.aliyuncs.com/category_image/1740240521.441199.jpeg\"}', '{\"code\": 200, \"msg\": \"更新成功\", \"success\": true, \"time\": \"2025-02-23T00:08:41.747271\"}', 0, '', '2025-02-23 00:08:42', 7);
INSERT INTO `sys_oper_log` (`oper_id`, `title`, `business_type`, `method`, `request_method`, `operator_type`, `oper_name`, `dept_name`, `oper_url`, `oper_ip`, `oper_location`, `oper_param`, `json_result`, `status`, `error_msg`, `oper_time`, `cost_time`) VALUES (1069, '个人信息', 2, 'module_admin/controller/user_controller.change_system_user_profile_info()', 'PUT', 1, 'admin', '研发部门', '/system/user/profile', '111.16.87.95', '内网IP', '{\"avatar\": \"https://jinqiao-product.oss-cn-beijing.aliyuncs.com/category_image/1740240551.285219.jpg\"}', '{\"code\": 200, \"msg\": \"更新成功\", \"success\": true, \"time\": \"2025-02-23T00:09:11.542357\"}', 0, '', '2025-02-23 00:09:11', 7);
INSERT INTO `sys_oper_log` (`oper_id`, `title`, `business_type`, `method`, `request_method`, `operator_type`, `oper_name`, `dept_name`, `oper_url`, `oper_ip`, `oper_location`, `oper_param`, `json_result`, `status`, `error_msg`, `oper_time`, `cost_time`) VALUES (1070, 'car_driver', 2, 'module_admin/controller/car_driver_controller.update_car_driver()', 'PUT', 1, 'admin', '研发部门', '/car/driver/update', '140.250.214.3', '内网IP', '{\"age\": 30, \"carType\": 1, \"createBy\": 2, \"createTime\": \"2025-02-20T22:33:07\", \"delFlag\": \"0\", \"deptId\": 105, \"driverYears\": 6, \"id\": 18, \"image\": \"https://jinqiao-product.oss-cn-beijing.aliyuncs.com/category_image/1740061967.9344876.jpeg\", \"location\": \"山东临沂平邑\", \"name\": \"孙大圣\", \"price\": 899, \"updateTime\": \"2025-02-20T22:33:07\"}', '{\"code\": 200, \"msg\": \"操作成功\", \"data\": {\"age\": 30, \"carType\": 1, \"createBy\": 2, \"createTime\": \"2025-02-20T22:33:07\", \"delFlag\": \"0\", \"deptId\": 105, \"driverYears\": 6, \"id\": 18, \"image\": \"https://jinqiao-product.oss-cn-beijing.aliyuncs.com/category_image/1740061967.9344876.jpeg\", \"location\": \"山东临沂平邑\", \"name\": \"孙大圣\", \"price\": 899.0, \"updateTime\": \"2025-02-20T22:33:07\"}, \"success\": true, \"time\": \"2025-02-26T08:05:29.980455\"}', 0, '', '2025-02-26 08:05:30', 3);
INSERT INTO `sys_oper_log` (`oper_id`, `title`, `business_type`, `method`, `request_method`, `operator_type`, `oper_name`, `dept_name`, `oper_url`, `oper_ip`, `oper_location`, `oper_param`, `json_result`, `status`, `error_msg`, `oper_time`, `cost_time`) VALUES (1071, 'sys_table', 2, 'module_admin/controller/sys_table_controller.sys_table_column_sort()', 'POST', 1, 'admin', '研发部门', '/sys/table/column/sort', '', '内网IP', '{\"ids\": [88, 83, 84, 85, 86, 87, 89, 90]}', '{\"code\": 200, \"msg\": \"操作成功\", \"success\": true, \"time\": \"2025-03-07T10:13:51.145082\"}', 0, '', '2025-03-07 10:13:51', 28);
INSERT INTO `sys_oper_log` (`oper_id`, `title`, `business_type`, `method`, `request_method`, `operator_type`, `oper_name`, `dept_name`, `oper_url`, `oper_ip`, `oper_location`, `oper_param`, `json_result`, `status`, `error_msg`, `oper_time`, `cost_time`) VALUES (1072, 'sys_table', 2, 'module_admin/controller/sys_table_controller.sys_table_column_sort()', 'POST', 1, 'admin', '研发部门', '/sys/table/column/sort', '', '内网IP', '{\"ids\": [84, 88, 83, 85, 86, 87, 89, 90]}', '{\"code\": 200, \"msg\": \"操作成功\", \"success\": true, \"time\": \"2025-03-07T10:13:53.878037\"}', 0, '', '2025-03-07 10:13:54', 16);
INSERT INTO `sys_oper_log` (`oper_id`, `title`, `business_type`, `method`, `request_method`, `operator_type`, `oper_name`, `dept_name`, `oper_url`, `oper_ip`, `oper_location`, `oper_param`, `json_result`, `status`, `error_msg`, `oper_time`, `cost_time`) VALUES (1073, 'sys_table', 2, 'module_admin/controller/sys_table_controller.sys_table_column_sort()', 'POST', 1, 'admin', '研发部门', '/sys/table/column/sort', '', '内网IP', '{\"ids\": [88, 84, 83, 85, 86, 87, 89, 90]}', '{\"code\": 200, \"msg\": \"操作成功\", \"success\": true, \"time\": \"2025-03-07T10:13:55.485304\"}', 0, '', '2025-03-07 10:13:55', 14);
INSERT INTO `sys_oper_log` (`oper_id`, `title`, `business_type`, `method`, `request_method`, `operator_type`, `oper_name`, `dept_name`, `oper_url`, `oper_ip`, `oper_location`, `oper_param`, `json_result`, `status`, `error_msg`, `oper_time`, `cost_time`) VALUES (1074, 'sys_form', 1, 'module_admin/controller/sys_form_controller.add_sys_form()', 'POST', 1, 'admin', '研发部门', '/sys/form/add', '', '内网IP', '请求参数过长', '{\"code\": 200, \"msg\": \"操作成功\", \"data\": {\"content\": null, \"createBy\": null, \"createTime\": null, \"delFlag\": null, \"deptId\": null, \"formConf\": null, \"formData\": null, \"generateConf\": null, \"id\": null, \"name\": null, \"updateTime\": null}, \"success\": true, \"time\": \"2025-03-07T14:35:20.312922\"}', 0, '', '2025-03-07 14:35:20', 13);
INSERT INTO `sys_oper_log` (`oper_id`, `title`, `business_type`, `method`, `request_method`, `operator_type`, `oper_name`, `dept_name`, `oper_url`, `oper_ip`, `oper_location`, `oper_param`, `json_result`, `status`, `error_msg`, `oper_time`, `cost_time`) VALUES (1075, 'sys_table', 2, 'module_admin/controller/sys_table_controller.sys_table_column_sort()', 'POST', 1, 'admin', '研发部门', '/sys/table/column/sort', '', '内网IP', '{\"ids\": [88, 83, 85, 86, 87, 84, 89, 90]}', '{\"code\": 200, \"msg\": \"操作成功\", \"success\": true, \"time\": \"2025-03-07T14:35:47.596408\"}', 0, '', '2025-03-07 14:35:47', 22);
INSERT INTO `sys_oper_log` (`oper_id`, `title`, `business_type`, `method`, `request_method`, `operator_type`, `oper_name`, `dept_name`, `oper_url`, `oper_ip`, `oper_location`, `oper_param`, `json_result`, `status`, `error_msg`, `oper_time`, `cost_time`) VALUES (1076, 'sys_form', 1, 'module_admin/controller/sys_form_controller.add_sys_form()', 'POST', 1, 'admin', '研发部门', '/sys/form/add', '', '内网IP', '请求参数过长', '{\"code\": 200, \"msg\": \"操作成功\", \"data\": {\"content\": null, \"createBy\": null, \"createTime\": null, \"delFlag\": null, \"deptId\": null, \"formConf\": null, \"formData\": null, \"generateConf\": null, \"drawingList\": null, \"id\": null, \"name\": null, \"updateTime\": null}, \"success\": true, \"time\": \"2025-03-08T10:34:45.176195\"}', 0, '', '2025-03-08 10:34:45', 11);
INSERT INTO `sys_oper_log` (`oper_id`, `title`, `business_type`, `method`, `request_method`, `operator_type`, `oper_name`, `dept_name`, `oper_url`, `oper_ip`, `oper_location`, `oper_param`, `json_result`, `status`, `error_msg`, `oper_time`, `cost_time`) VALUES (1077, 'sys_form', 1, 'module_admin/controller/sys_form_controller.add_sys_form()', 'POST', 1, 'admin', '研发部门', '/sys/form/add', '', '内网IP', '请求参数过长', '{\"code\": 200, \"msg\": \"操作成功\", \"data\": {\"content\": null, \"createBy\": null, \"createTime\": null, \"delFlag\": null, \"deptId\": null, \"formConf\": null, \"formData\": null, \"generateConf\": null, \"drawingList\": null, \"id\": null, \"name\": null, \"updateTime\": null}, \"success\": true, \"time\": \"2025-03-08T10:37:54.741942\"}', 0, '', '2025-03-08 10:37:55', 10);
INSERT INTO `sys_oper_log` (`oper_id`, `title`, `business_type`, `method`, `request_method`, `operator_type`, `oper_name`, `dept_name`, `oper_url`, `oper_ip`, `oper_location`, `oper_param`, `json_result`, `status`, `error_msg`, `oper_time`, `cost_time`) VALUES (1078, 'sys_form', 3, 'module_admin/controller/sys_form_controller.del_sys_form()', 'DELETE', 1, 'admin', '研发部门', '/sys/form/delete/21', '', '内网IP', '{\"sysFormIds\": \"21\"}', '{\"code\": 200, \"msg\": \"操作成功\", \"success\": true, \"time\": \"2025-03-08T11:39:37.048909\"}', 0, '', '2025-03-08 11:39:37', 8);
INSERT INTO `sys_oper_log` (`oper_id`, `title`, `business_type`, `method`, `request_method`, `operator_type`, `oper_name`, `dept_name`, `oper_url`, `oper_ip`, `oper_location`, `oper_param`, `json_result`, `status`, `error_msg`, `oper_time`, `cost_time`) VALUES (1079, 'sys_table', 1, 'module_admin/controller/sys_table_controller.add_sys_table()', 'POST', 1, 'admin', '研发部门', '/sys/table/add', '', '内网IP', '{\"align\": \"left\", \"createTime\": null, \"delFlag\": null, \"fieldName\": \"data_count\", \"fixed\": \"0\", \"id\": null, \"label\": \"数据量\", \"labelTip\": null, \"prop\": \"dataCount\", \"show\": \"1\", \"sortable\": \"1\", \"tableName\": \"sys_form\", \"tooltip\": \"1\", \"updateTime\": null, \"width\": \"80\"}', '{\"code\": 200, \"msg\": \"操作成功\", \"data\": {\"align\": null, \"createTime\": null, \"delFlag\": null, \"fieldName\": null, \"fixed\": null, \"id\": null, \"label\": null, \"labelTip\": null, \"prop\": null, \"show\": null, \"sortable\": null, \"tableName\": null, \"tooltip\": null, \"updateBy\": null, \"updateByName\": null, \"updateTime\": null, \"width\": null, \"sequence\": null}, \"success\": true, \"time\": \"2025-03-08T14:59:21.389664\"}', 0, '', '2025-03-08 14:59:21', 9);
INSERT INTO `sys_oper_log` (`oper_id`, `title`, `business_type`, `method`, `request_method`, `operator_type`, `oper_name`, `dept_name`, `oper_url`, `oper_ip`, `oper_location`, `oper_param`, `json_result`, `status`, `error_msg`, `oper_time`, `cost_time`) VALUES (1080, 'sys_table', 2, 'module_admin/controller/sys_table_controller.update_sys_table()', 'PUT', 1, 'admin', '研发部门', '/sys/table/update', '', '内网IP', '{\"align\": \"left\", \"createTime\": \"2025-03-08T14:59:21\", \"delFlag\": \"0\", \"fieldName\": \"data_count\", \"fixed\": \"0\", \"id\": 91, \"label\": \"数据量\", \"labelTip\": null, \"prop\": \"dataCount\", \"show\": \"1\", \"sortable\": \"0\", \"tableName\": \"sys_form\", \"tooltip\": \"1\", \"updateBy\": null, \"updateByName\": null, \"updateTime\": \"2025-03-08T14:59:21\", \"width\": 80, \"sequence\": 0}', '{\"code\": 200, \"msg\": \"操作成功\", \"data\": {\"align\": \"left\", \"createTime\": \"2025-03-08T14:59:21\", \"delFlag\": \"0\", \"fieldName\": \"data_count\", \"fixed\": \"0\", \"id\": 91, \"label\": \"数据量\", \"labelTip\": null, \"prop\": \"dataCount\", \"show\": \"1\", \"sortable\": \"0\", \"tableName\": \"sys_form\", \"tooltip\": \"1\", \"updateBy\": null, \"updateByName\": null, \"updateTime\": \"2025-03-08T14:59:21\", \"width\": 80, \"sequence\": 0}, \"success\": true, \"time\": \"2025-03-08T15:00:15.258312\"}', 0, '', '2025-03-08 15:00:15', 12);
INSERT INTO `sys_oper_log` (`oper_id`, `title`, `business_type`, `method`, `request_method`, `operator_type`, `oper_name`, `dept_name`, `oper_url`, `oper_ip`, `oper_location`, `oper_param`, `json_result`, `status`, `error_msg`, `oper_time`, `cost_time`) VALUES (1081, 'sys_form', 3, 'module_admin/controller/sys_form_controller.del_sys_form()', 'DELETE', 1, 'admin', '研发部门', '/sys/form/delete/20', '', '内网IP', '{\"sysFormIds\": \"20\"}', '{\"code\": 200, \"msg\": \"操作成功\", \"success\": true, \"time\": \"2025-03-08T15:36:14.847697\"}', 0, '', '2025-03-08 15:36:15', 9);
INSERT INTO `sys_oper_log` (`oper_id`, `title`, `business_type`, `method`, `request_method`, `operator_type`, `oper_name`, `dept_name`, `oper_url`, `oper_ip`, `oper_location`, `oper_param`, `json_result`, `status`, `error_msg`, `oper_time`, `cost_time`) VALUES (1082, 'sys_form', 1, 'module_admin/controller/sys_form_controller.add_sys_form()', 'POST', 1, 'admin', '研发部门', '/sys/form/add', '', '内网IP', '请求参数过长', '{\"code\": 200, \"msg\": \"操作成功\", \"data\": {\"content\": null, \"createBy\": null, \"createTime\": null, \"delFlag\": null, \"deptId\": null, \"formConf\": null, \"formData\": null, \"generateConf\": null, \"drawingList\": null, \"id\": null, \"name\": null, \"updateTime\": null}, \"success\": true, \"time\": \"2025-03-08T16:15:08.053871\"}', 0, '', '2025-03-08 16:15:08', 14);
INSERT INTO `sys_oper_log` (`oper_id`, `title`, `business_type`, `method`, `request_method`, `operator_type`, `oper_name`, `dept_name`, `oper_url`, `oper_ip`, `oper_location`, `oper_param`, `json_result`, `status`, `error_msg`, `oper_time`, `cost_time`) VALUES (1083, 'sys_form', 2, 'module_admin/controller/sys_form_controller.update_sys_form()', 'PUT', 1, 'admin', '研发部门', '/sys/form/update', '', '内网IP', '请求参数过长', '{\"code\": 200, \"msg\": \"操作成功\", \"data\": {\"content\": \"<template>\\n  <div class=\\\"app-container\\\">\\n    <el-dialog v-model=\\\"dialogVisible\\\" @open=\\\"onOpen\\\" @close=\\\"onClose\\\" title=\\\"Dialog Titile\\\">\\n      <el-form ref=\\\"formRef\\\" :model=\\\"formData\\\" :rules=\\\"rules\\\" size=\\\"default\\\" label-width=\\\"100px\\\">\\n        <el-form-item label=\\\"手机号\\\" prop=\\\"mobile\\\">\\n          <el-input v-model=\\\"formData.mobile\\\" placeholder=\\\"请输入手机号\\\" :maxlength=\\\"11\\\" show-word-limit clearable\\n            prefix-icon=\'Cellphone\' :style=\\\"{width: \'100%\'}\\\"></el-input>\\n        </el-form-item>\\n        <el-form-item label=\\\"姓名\\\" prop=\\\"name\\\">\\n          <el-input v-model=\\\"formData.name\\\" type=\\\"text\\\" placeholder=\\\"请输入姓名\\\" clearable\\n            :style=\\\"{width: \'100%\'}\\\"></el-input>\\n        </el-form-item>\\n        <el-form-item label=\\\"年龄\\\" prop=\\\"age\\\">\\n          <el-input v-model=\\\"formData.age\\\" type=\\\"text\\\" placeholder=\\\"请输入年龄\\\" clearable\\n            :style=\\\"{width: \'100%\'}\\\"></el-input>\\n        </el-form-item>\\n        <el-form-item label=\\\"期望薪资\\\" prop=\\\"salary\\\">\\n          <el-input v-model=\\\"formData.salary\\\" type=\\\"text\\\" placeholder=\\\"请输入期望薪资\\\" clearable\\n            :style=\\\"{width: \'100%\'}\\\"></el-input>\\n        </el-form-item>\\n        <el-form-item label=\\\"入职时间\\\" prop=\\\"joinDate\\\">\\n          <el-date-picker v-model=\\\"formData.joinDate\\\" format=\\\"YYYY-MM-DD\\\" value-format=\\\"YYYY-MM-DD\\\"\\n            :style=\\\"{width: \'100%\'}\\\" placeholder=\\\"请选择入职时间\\\" clearable></el-date-picker>\\n        </el-form-item>\\n      </el-form>\\n      <template #footer>\\n        <el-button @click=\\\"close\\\">取消</el-button>\\n        <el-button type=\\\"primary\\\" @click=\\\"handelConfirm\\\">确定</el-button>\\n      </template>\\n    </el-dialog>\\n  </div>\\n</template>\\n<script setup>\\nconst {\\n  proxy\\n} = getCurrentInstance()\\nconst formRef = ref()\\nconst data = reactive({\\n  formData: {\\n    mobile: \'\',\\n    name: undefined,\\n    age: undefined,\\n    salary: undefined,\\n    joinDate: null,\\n  },\\n  rules: {\\n    mobile: [{\\n      required: true,\\n      message: \'请输入手机号\',\\n      trigger: \'blur\'\\n    }, {\\n      pattern: new RegExp(/^1(3|4|5|7|8|9)\\\\d{9}$/),\\n      message: \'手机号格式错误\',\\n      trigger: \'blur\'\\n    }],\\n    name: [{\\n      required: true,\\n      message: \'请输入姓名\',\\n      trigger: \'blur\'\\n    }],\\n    age: [{\\n      required: true,\\n      message: \'请输入年龄\',\\n      trigger: \'blur\'\\n    }],\\n    salary: [{\\n      required: true,\\n      message: \'请输入期望薪资\',\\n      trigger: \'blur\'\\n    }],\\n    joinDate: [{\\n      required: true,\\n      message: \'请选择入职时间\',\\n      trigger: \'change\'\\n    }],\\n  }\\n})\\nconst {\\n  formData,\\n  rules\\n} = toRefs(data)\\n// 弹窗设置\\nconst dialogVisible = defineModel()\\n// 弹窗确认回调\\nconst emit = defineEmits([\'confirm\'])\\n/**\\n * @name: 弹窗打开后执行\\n * @description: 弹窗打开后执行方法\\n * @return {*}\\n */\\nfunction onOpen() {}\\n/**\\n * @name: 弹窗关闭时执行\\n * @description: 弹窗关闭方法，重置表单\\n * @return {*}\\n */\\nfunction onClose() {\\n  formRef.value.resetFields()\\n}\\n/**\\n * @name: 弹窗取消\\n * @description: 弹窗取消方法\\n * @return {*}\\n */\\nfunction close() {\\n  dialogVisible.value = false\\n}\\n/**\\n * @name: 弹窗表单提交\\n * @description: 弹窗表单提交方法\\n * @return {*}\\n */\\nfunction handelConfirm() {\\n  formRef.value.validate((valid) => {\\n    if (!valid) return\\n    // 提交表单\\n    addForm_data(formData).then((response) => {\\n      proxy.$modal.msgSuccess(\'新增成功\')\\n      close()\\n      // 回调父级组件\\n      emit(\'confirm\')\\n    })\\n  })\\n}\\n\\n</script>\\n<style>\\n</style>\\n\", \"createBy\": 1, \"createTime\": \"2025-03-08T16:15:08\", \"delFlag\": \"0\", \"deptId\": 103, \"formConf\": \"{\\\"formRef\\\":\\\"formRef\\\",\\\"formModel\\\":\\\"formData\\\",\\\"size\\\":\\\"default\\\",\\\"labelPosition\\\":\\\"right\\\",\\\"labelWidth\\\":100,\\\"formRules\\\":\\\"rules\\\",\\\"gutter\\\":15,\\\"disabled\\\":false,\\\"span\\\":24,\\\"formBtns\\\":true,\\\"remark\\\":\\\"求职意向\\\"}\", \"formData\": \"{\\\"fields\\\":[{\\\"layout\\\":\\\"colFormItem\\\",\\\"tagIcon\\\":\\\"input\\\",\\\"label\\\":\\\"手机号\\\",\\\"vModel\\\":\\\"mobile\\\",\\\"formId\\\":6,\\\"tag\\\":\\\"el-input\\\",\\\"placeholder\\\":\\\"请输入手机号\\\",\\\"defaultValue\\\":\\\"\\\",\\\"span\\\":24,\\\"style\\\":{\\\"width\\\":\\\"100%\\\"},\\\"clearable\\\":true,\\\"prepend\\\":\\\"\\\",\\\"append\\\":\\\"\\\",\\\"prefix-icon\\\":\\\"Cellphone\\\",\\\"suffix-icon\\\":\\\"\\\",\\\"maxlength\\\":11,\\\"show-word-limit\\\":true,\\\"readonly\\\":false,\\\"disabled\\\":false,\\\"required\\\":true,\\\"changeTag\\\":true,\\\"regList\\\":[{\\\"pattern\\\":\\\"/^1(3|4|5|7|8|9)\\\\\\\\d{9}$/\\\",\\\"message\\\":\\\"手机号格式错误\\\"}]},{\\\"label\\\":\\\"姓名\\\",\\\"tag\\\":\\\"el-input\\\",\\\"tagIcon\\\":\\\"input\\\",\\\"type\\\":\\\"text\\\",\\\"placeholder\\\":\\\"请输入姓名\\\",\\\"span\\\":24,\\\"labelWidth\\\":null,\\\"style\\\":{\\\"width\\\":\\\"100%\\\"},\\\"clearable\\\":true,\\\"prepend\\\":\\\"\\\",\\\"append\\\":\\\"\\\",\\\"prefix-icon\\\":\\\"\\\",\\\"suffix-icon\\\":\\\"\\\",\\\"maxlength\\\":null,\\\"show-word-limit\\\":false,\\\"readonly\\\":false,\\\"disabled\\\":false,\\\"required\\\":true,\\\"regList\\\":[],\\\"changeTag\\\":true,\\\"document\\\":\\\"https://element-plus.org/zh-CN/component/input\\\",\\\"formId\\\":101,\\\"renderKey\\\":1741421612633,\\\"layout\\\":\\\"colFormItem\\\",\\\"vModel\\\":\\\"name\\\"},{\\\"label\\\":\\\"年龄\\\",\\\"tag\\\":\\\"el-input\\\",\\\"tagIcon\\\":\\\"input\\\",\\\"type\\\":\\\"text\\\",\\\"placeholder\\\":\\\"请输入年龄\\\",\\\"span\\\":24,\\\"labelWidth\\\":null,\\\"style\\\":{\\\"width\\\":\\\"100%\\\"},\\\"clearable\\\":true,\\\"prepend\\\":\\\"\\\",\\\"append\\\":\\\"\\\",\\\"prefix-icon\\\":\\\"\\\",\\\"suffix-icon\\\":\\\"\\\",\\\"maxlength\\\":null,\\\"show-word-limit\\\":false,\\\"readonly\\\":false,\\\"disabled\\\":false,\\\"required\\\":true,\\\"regList\\\":[],\\\"changeTag\\\":true,\\\"document\\\":\\\"https://element-plus.org/zh-CN/component/input\\\",\\\"formId\\\":102,\\\"renderKey\\\":1741421625219,\\\"layout\\\":\\\"colFormItem\\\",\\\"vModel\\\":\\\"age\\\"},{\\\"label\\\":\\\"期望薪资\\\",\\\"tag\\\":\\\"el-input\\\",\\\"tagIcon\\\":\\\"input\\\",\\\"type\\\":\\\"text\\\",\\\"placeholder\\\":\\\"请输入期望薪资\\\",\\\"span\\\":24,\\\"labelWidth\\\":null,\\\"style\\\":{\\\"width\\\":\\\"100%\\\"},\\\"clearable\\\":true,\\\"prepend\\\":\\\"\\\",\\\"append\\\":\\\"\\\",\\\"prefix-icon\\\":\\\"\\\",\\\"suffix-icon\\\":\\\"\\\",\\\"maxlength\\\":null,\\\"show-word-limit\\\":false,\\\"readonly\\\":false,\\\"disabled\\\":false,\\\"required\\\":true,\\\"regList\\\":[],\\\"changeTag\\\":true,\\\"document\\\":\\\"https://element-plus.org/zh-CN/component/input\\\",\\\"formId\\\":103,\\\"renderKey\\\":1741421648331,\\\"layout\\\":\\\"colFormItem\\\",\\\"vModel\\\":\\\"salary\\\"},{\\\"label\\\":\\\"入职时间\\\",\\\"tag\\\":\\\"el-date-picker\\\",\\\"tagIcon\\\":\\\"date\\\",\\\"placeholder\\\":\\\"请选择入职时间\\\",\\\"defaultValue\\\":null,\\\"type\\\":\\\"date\\\",\\\"span\\\":24,\\\"labelWidth\\\":null,\\\"style\\\":{\\\"width\\\":\\\"100%\\\"},\\\"disabled\\\":false,\\\"clearable\\\":true,\\\"required\\\":true,\\\"format\\\":\\\"YYYY-MM-DD\\\",\\\"value-format\\\":\\\"YYYY-MM-DD\\\",\\\"readonly\\\":false,\\\"regList\\\":[],\\\"changeTag\\\":true,\\\"document\\\":\\\"https://element-plus.org/zh-CN/component/date-picker\\\",\\\"formId\\\":105,\\\"renderKey\\\":1741421688014,\\\"layout\\\":\\\"colFormItem\\\",\\\"vModel\\\":\\\"joinDate\\\"}],\\\"formRef\\\":\\\"formRef\\\",\\\"formModel\\\":\\\"formData\\\",\\\"size\\\":\\\"default\\\",\\\"labelPosition\\\":\\\"right\\\",\\\"labelWidth\\\":100,\\\"formRules\\\":\\\"rules\\\",\\\"gutter\\\":15,\\\"disabled\\\":false,\\\"span\\\":24,\\\"formBtns\\\":true,\\\"remark\\\":\\\"求职意向\\\"}\", \"generateConf\": \"{\\\"type\\\":\\\"dialog\\\"}\", \"drawingList\": \"[{\\\"layout\\\":\\\"colFormItem\\\",\\\"tagIcon\\\":\\\"input\\\",\\\"label\\\":\\\"手机号\\\",\\\"vModel\\\":\\\"mobile\\\",\\\"formId\\\":6,\\\"tag\\\":\\\"el-input\\\",\\\"placeholder\\\":\\\"请输入手机号\\\",\\\"defaultValue\\\":\\\"\\\",\\\"span\\\":24,\\\"style\\\":{\\\"width\\\":\\\"100%\\\"},\\\"clearable\\\":true,\\\"prepend\\\":\\\"\\\",\\\"append\\\":\\\"\\\",\\\"prefix-icon\\\":\\\"Cellphone\\\",\\\"suffix-icon\\\":\\\"\\\",\\\"maxlength\\\":11,\\\"show-word-limit\\\":true,\\\"readonly\\\":false,\\\"disabled\\\":false,\\\"required\\\":true,\\\"changeTag\\\":true,\\\"regList\\\":[{\\\"pattern\\\":\\\"/^1(3|4|5|7|8|9)\\\\\\\\d{9}$/\\\",\\\"message\\\":\\\"手机号格式错误\\\"}]},{\\\"label\\\":\\\"姓名\\\",\\\"tag\\\":\\\"el-input\\\",\\\"tagIcon\\\":\\\"input\\\",\\\"type\\\":\\\"text\\\",\\\"placeholder\\\":\\\"请输入姓名\\\",\\\"span\\\":24,\\\"labelWidth\\\":null,\\\"style\\\":{\\\"width\\\":\\\"100%\\\"},\\\"clearable\\\":true,\\\"prepend\\\":\\\"\\\",\\\"append\\\":\\\"\\\",\\\"prefix-icon\\\":\\\"\\\",\\\"suffix-icon\\\":\\\"\\\",\\\"maxlength\\\":null,\\\"show-word-limit\\\":false,\\\"readonly\\\":false,\\\"disabled\\\":false,\\\"required\\\":true,\\\"regList\\\":[],\\\"changeTag\\\":true,\\\"document\\\":\\\"https://element-plus.org/zh-CN/component/input\\\",\\\"formId\\\":101,\\\"renderKey\\\":1741421612633,\\\"layout\\\":\\\"colFormItem\\\",\\\"vModel\\\":\\\"name\\\"},{\\\"label\\\":\\\"年龄\\\",\\\"tag\\\":\\\"el-input\\\",\\\"tagIcon\\\":\\\"input\\\",\\\"type\\\":\\\"text\\\",\\\"placeholder\\\":\\\"请输入年龄\\\",\\\"span\\\":24,\\\"labelWidth\\\":null,\\\"style\\\":{\\\"width\\\":\\\"100%\\\"},\\\"clearable\\\":true,\\\"prepend\\\":\\\"\\\",\\\"append\\\":\\\"\\\",\\\"prefix-icon\\\":\\\"\\\",\\\"suffix-icon\\\":\\\"\\\",\\\"maxlength\\\":null,\\\"show-word-limit\\\":false,\\\"readonly\\\":false,\\\"disabled\\\":false,\\\"required\\\":true,\\\"regList\\\":[],\\\"changeTag\\\":true,\\\"document\\\":\\\"https://element-plus.org/zh-CN/component/input\\\",\\\"formId\\\":102,\\\"renderKey\\\":1741421625219,\\\"layout\\\":\\\"colFormItem\\\",\\\"vModel\\\":\\\"age\\\"},{\\\"label\\\":\\\"期望薪资\\\",\\\"tag\\\":\\\"el-input\\\",\\\"tagIcon\\\":\\\"input\\\",\\\"type\\\":\\\"text\\\",\\\"placeholder\\\":\\\"请输入期望薪资\\\",\\\"span\\\":24,\\\"labelWidth\\\":null,\\\"style\\\":{\\\"width\\\":\\\"100%\\\"},\\\"clearable\\\":true,\\\"prepend\\\":\\\"\\\",\\\"append\\\":\\\"\\\",\\\"prefix-icon\\\":\\\"\\\",\\\"suffix-icon\\\":\\\"\\\",\\\"maxlength\\\":null,\\\"show-word-limit\\\":false,\\\"readonly\\\":false,\\\"disabled\\\":false,\\\"required\\\":true,\\\"regList\\\":[],\\\"changeTag\\\":true,\\\"document\\\":\\\"https://element-plus.org/zh-CN/component/input\\\",\\\"formId\\\":103,\\\"renderKey\\\":1741421648331,\\\"layout\\\":\\\"colFormItem\\\",\\\"vModel\\\":\\\"salary\\\"},{\\\"label\\\":\\\"入职时间\\\",\\\"tag\\\":\\\"el-date-picker\\\",\\\"tagIcon\\\":\\\"date\\\",\\\"placeholder\\\":\\\"请选择入职时间\\\",\\\"defaultValue\\\":null,\\\"type\\\":\\\"date\\\",\\\"span\\\":24,\\\"labelWidth\\\":null,\\\"style\\\":{\\\"width\\\":\\\"100%\\\"},\\\"disabled\\\":false,\\\"clearable\\\":true,\\\"required\\\":true,\\\"format\\\":\\\"YYYY-MM-DD\\\",\\\"value-format\\\":\\\"YYYY-MM-DD\\\",\\\"readonly\\\":false,\\\"regList\\\":[],\\\"changeTag\\\":true,\\\"document\\\":\\\"https://element-plus.org/zh-CN/component/date-picker\\\",\\\"formId\\\":105,\\\"renderKey\\\":1741421688014,\\\"layout\\\":\\\"colFormItem\\\",\\\"vModel\\\":\\\"joinDate\\\"}]\", \"id\": 22, \"name\": \"求职意向\", \"updateTime\": \"2025-03-08T16:15:08\"}, \"success\": true, \"time\": \"2025-03-08T16:15:22.103172\"}', 0, '', '2025-03-08 16:15:22', 20);
INSERT INTO `sys_oper_log` (`oper_id`, `title`, `business_type`, `method`, `request_method`, `operator_type`, `oper_name`, `dept_name`, `oper_url`, `oper_ip`, `oper_location`, `oper_param`, `json_result`, `status`, `error_msg`, `oper_time`, `cost_time`) VALUES (1084, 'sys_form', 2, 'module_admin/controller/sys_form_controller.update_sys_form()', 'PUT', 1, 'admin', '研发部门', '/sys/form/update', '', '内网IP', '请求参数过长', '{\"code\": 200, \"msg\": \"操作成功\", \"data\": {\"content\": \"<template>\\n  <div class=\\\"app-container\\\">\\n    <el-form ref=\\\"formRef\\\" :model=\\\"formData\\\" :rules=\\\"rules\\\" size=\\\"default\\\" label-width=\\\"100px\\\">\\n      <el-form-item label=\\\"手机号\\\" prop=\\\"mobile\\\">\\n        <el-input v-model=\\\"formData.mobile\\\" placeholder=\\\"请输入手机号\\\" :maxlength=\\\"11\\\" show-word-limit clearable\\n          prefix-icon=\'Cellphone\' :style=\\\"{width: \'100%\'}\\\"></el-input>\\n      </el-form-item>\\n      <el-form-item label=\\\"姓名\\\" prop=\\\"name\\\">\\n        <el-input v-model=\\\"formData.name\\\" type=\\\"text\\\" placeholder=\\\"请输入姓名\\\" clearable\\n          :style=\\\"{width: \'100%\'}\\\"></el-input>\\n      </el-form-item>\\n      <el-form-item label=\\\"年龄\\\" prop=\\\"age\\\">\\n        <el-input v-model=\\\"formData.age\\\" type=\\\"text\\\" placeholder=\\\"请输入年龄\\\" clearable\\n          :style=\\\"{width: \'100%\'}\\\"></el-input>\\n      </el-form-item>\\n      <el-form-item label=\\\"期望薪资\\\" prop=\\\"salary\\\">\\n        <el-input v-model=\\\"formData.salary\\\" type=\\\"text\\\" placeholder=\\\"请输入期望薪资\\\" clearable\\n          :style=\\\"{width: \'100%\'}\\\"></el-input>\\n      </el-form-item>\\n      <el-form-item label=\\\"入职时间\\\" prop=\\\"joinDate\\\">\\n        <el-date-picker v-model=\\\"formData.joinDate\\\" format=\\\"YYYY-MM-DD\\\" value-format=\\\"YYYY-MM-DD\\\"\\n          :style=\\\"{width: \'100%\'}\\\" placeholder=\\\"请选择入职时间\\\" clearable></el-date-picker>\\n      </el-form-item>\\n      <el-form-item>\\n        <el-button type=\\\"primary\\\" @click=\\\"submitForm\\\">提交</el-button>\\n        <el-button @click=\\\"resetForm\\\">重置</el-button>\\n      </el-form-item>\\n    </el-form>\\n  </div>\\n</template>\\n<script setup>\\nconst {\\n  proxy\\n} = getCurrentInstance()\\nconst formRef = ref()\\nconst data = reactive({\\n  formData: {\\n    mobile: \'\',\\n    name: undefined,\\n    age: undefined,\\n    salary: undefined,\\n    joinDate: null,\\n  },\\n  rules: {\\n    mobile: [{\\n      required: true,\\n      message: \'请输入手机号\',\\n      trigger: \'blur\'\\n    }, {\\n      pattern: new RegExp(/^1(3|4|5|7|8|9)\\\\d{9}$/),\\n      message: \'手机号格式错误\',\\n      trigger: \'blur\'\\n    }],\\n    name: [{\\n      required: true,\\n      message: \'请输入姓名\',\\n      trigger: \'blur\'\\n    }],\\n    age: [{\\n      required: true,\\n      message: \'请输入年龄\',\\n      trigger: \'blur\'\\n    }],\\n    salary: [{\\n      required: true,\\n      message: \'请输入期望薪资\',\\n      trigger: \'blur\'\\n    }],\\n    joinDate: [{\\n      required: true,\\n      message: \'请选择入职时间\',\\n      trigger: \'change\'\\n    }],\\n  }\\n})\\nconst {\\n  formData,\\n  rules\\n} = toRefs(data)\\n/**\\n * @name: 表单提交\\n * @description: 表单提交方法\\n * @return {*}\\n */\\nfunction submitForm() {\\n  formRef.value.validate((valid) => {\\n    if (!valid) return\\n    // 提交表单\\n    addForm_data(formData).then((response) => {\\n      proxy.$modal.msgSuccess(\'新增成功\')\\n      resetForm()\\n    })\\n  })\\n}\\n/**\\n * @name: 表单重置\\n * @description: 表单重置方法\\n * @return {*}\\n */\\nfunction resetForm() {\\n  formRef.value.resetFields()\\n}\\n\\n</script>\\n<style>\\n</style>\\n\", \"createBy\": 1, \"createTime\": \"2025-03-08T16:15:08\", \"delFlag\": \"0\", \"deptId\": 103, \"formConf\": \"{\\\"formRef\\\":\\\"formRef\\\",\\\"formModel\\\":\\\"formData\\\",\\\"size\\\":\\\"default\\\",\\\"labelPosition\\\":\\\"right\\\",\\\"labelWidth\\\":100,\\\"formRules\\\":\\\"rules\\\",\\\"gutter\\\":15,\\\"disabled\\\":false,\\\"span\\\":24,\\\"formBtns\\\":true,\\\"remark\\\":\\\"求职意向\\\"}\", \"formData\": \"{\\\"fields\\\":[{\\\"layout\\\":\\\"colFormItem\\\",\\\"tagIcon\\\":\\\"input\\\",\\\"label\\\":\\\"手机号\\\",\\\"vModel\\\":\\\"mobile\\\",\\\"formId\\\":6,\\\"tag\\\":\\\"el-input\\\",\\\"placeholder\\\":\\\"请输入手机号\\\",\\\"defaultValue\\\":\\\"\\\",\\\"span\\\":24,\\\"style\\\":{\\\"width\\\":\\\"100%\\\"},\\\"clearable\\\":true,\\\"prepend\\\":\\\"\\\",\\\"append\\\":\\\"\\\",\\\"prefix-icon\\\":\\\"Cellphone\\\",\\\"suffix-icon\\\":\\\"\\\",\\\"maxlength\\\":11,\\\"show-word-limit\\\":true,\\\"readonly\\\":false,\\\"disabled\\\":false,\\\"required\\\":true,\\\"changeTag\\\":true,\\\"regList\\\":[{\\\"pattern\\\":\\\"/^1(3|4|5|7|8|9)\\\\\\\\d{9}$/\\\",\\\"message\\\":\\\"手机号格式错误\\\"}]},{\\\"label\\\":\\\"姓名\\\",\\\"tag\\\":\\\"el-input\\\",\\\"tagIcon\\\":\\\"input\\\",\\\"type\\\":\\\"text\\\",\\\"placeholder\\\":\\\"请输入姓名\\\",\\\"span\\\":24,\\\"labelWidth\\\":null,\\\"style\\\":{\\\"width\\\":\\\"100%\\\"},\\\"clearable\\\":true,\\\"prepend\\\":\\\"\\\",\\\"append\\\":\\\"\\\",\\\"prefix-icon\\\":\\\"\\\",\\\"suffix-icon\\\":\\\"\\\",\\\"maxlength\\\":null,\\\"show-word-limit\\\":false,\\\"readonly\\\":false,\\\"disabled\\\":false,\\\"required\\\":true,\\\"regList\\\":[],\\\"changeTag\\\":true,\\\"document\\\":\\\"https://element-plus.org/zh-CN/component/input\\\",\\\"formId\\\":101,\\\"renderKey\\\":1741421612633,\\\"layout\\\":\\\"colFormItem\\\",\\\"vModel\\\":\\\"name\\\"},{\\\"label\\\":\\\"年龄\\\",\\\"tag\\\":\\\"el-input\\\",\\\"tagIcon\\\":\\\"input\\\",\\\"type\\\":\\\"text\\\",\\\"placeholder\\\":\\\"请输入年龄\\\",\\\"span\\\":24,\\\"labelWidth\\\":null,\\\"style\\\":{\\\"width\\\":\\\"100%\\\"},\\\"clearable\\\":true,\\\"prepend\\\":\\\"\\\",\\\"append\\\":\\\"\\\",\\\"prefix-icon\\\":\\\"\\\",\\\"suffix-icon\\\":\\\"\\\",\\\"maxlength\\\":null,\\\"show-word-limit\\\":false,\\\"readonly\\\":false,\\\"disabled\\\":false,\\\"required\\\":true,\\\"regList\\\":[],\\\"changeTag\\\":true,\\\"document\\\":\\\"https://element-plus.org/zh-CN/component/input\\\",\\\"formId\\\":102,\\\"renderKey\\\":1741421625219,\\\"layout\\\":\\\"colFormItem\\\",\\\"vModel\\\":\\\"age\\\"},{\\\"label\\\":\\\"期望薪资\\\",\\\"tag\\\":\\\"el-input\\\",\\\"tagIcon\\\":\\\"input\\\",\\\"type\\\":\\\"text\\\",\\\"placeholder\\\":\\\"请输入期望薪资\\\",\\\"span\\\":24,\\\"labelWidth\\\":null,\\\"style\\\":{\\\"width\\\":\\\"100%\\\"},\\\"clearable\\\":true,\\\"prepend\\\":\\\"\\\",\\\"append\\\":\\\"\\\",\\\"prefix-icon\\\":\\\"\\\",\\\"suffix-icon\\\":\\\"\\\",\\\"maxlength\\\":null,\\\"show-word-limit\\\":false,\\\"readonly\\\":false,\\\"disabled\\\":false,\\\"required\\\":true,\\\"regList\\\":[],\\\"changeTag\\\":true,\\\"document\\\":\\\"https://element-plus.org/zh-CN/component/input\\\",\\\"formId\\\":103,\\\"renderKey\\\":1741421648331,\\\"layout\\\":\\\"colFormItem\\\",\\\"vModel\\\":\\\"salary\\\"},{\\\"label\\\":\\\"入职时间\\\",\\\"tag\\\":\\\"el-date-picker\\\",\\\"tagIcon\\\":\\\"date\\\",\\\"placeholder\\\":\\\"请选择入职时间\\\",\\\"defaultValue\\\":null,\\\"type\\\":\\\"date\\\",\\\"span\\\":24,\\\"labelWidth\\\":null,\\\"style\\\":{\\\"width\\\":\\\"100%\\\"},\\\"disabled\\\":false,\\\"clearable\\\":true,\\\"required\\\":true,\\\"format\\\":\\\"YYYY-MM-DD\\\",\\\"value-format\\\":\\\"YYYY-MM-DD\\\",\\\"readonly\\\":false,\\\"regList\\\":[],\\\"changeTag\\\":true,\\\"document\\\":\\\"https://element-plus.org/zh-CN/component/date-picker\\\",\\\"formId\\\":105,\\\"renderKey\\\":1741421688014,\\\"layout\\\":\\\"colFormItem\\\",\\\"vModel\\\":\\\"joinDate\\\"}],\\\"formRef\\\":\\\"formRef\\\",\\\"formModel\\\":\\\"formData\\\",\\\"size\\\":\\\"default\\\",\\\"labelPosition\\\":\\\"right\\\",\\\"labelWidth\\\":100,\\\"formRules\\\":\\\"rules\\\",\\\"gutter\\\":15,\\\"disabled\\\":false,\\\"span\\\":24,\\\"formBtns\\\":true,\\\"remark\\\":\\\"求职意向\\\"}\", \"generateConf\": \"{\\\"type\\\":\\\"file\\\"}\", \"drawingList\": \"[{\\\"layout\\\":\\\"colFormItem\\\",\\\"tagIcon\\\":\\\"input\\\",\\\"label\\\":\\\"手机号\\\",\\\"vModel\\\":\\\"mobile\\\",\\\"formId\\\":6,\\\"tag\\\":\\\"el-input\\\",\\\"placeholder\\\":\\\"请输入手机号\\\",\\\"defaultValue\\\":\\\"\\\",\\\"span\\\":24,\\\"style\\\":{\\\"width\\\":\\\"100%\\\"},\\\"clearable\\\":true,\\\"prepend\\\":\\\"\\\",\\\"append\\\":\\\"\\\",\\\"prefix-icon\\\":\\\"Cellphone\\\",\\\"suffix-icon\\\":\\\"\\\",\\\"maxlength\\\":11,\\\"show-word-limit\\\":true,\\\"readonly\\\":false,\\\"disabled\\\":false,\\\"required\\\":true,\\\"changeTag\\\":true,\\\"regList\\\":[{\\\"pattern\\\":\\\"/^1(3|4|5|7|8|9)\\\\\\\\d{9}$/\\\",\\\"message\\\":\\\"手机号格式错误\\\"}]},{\\\"label\\\":\\\"姓名\\\",\\\"tag\\\":\\\"el-input\\\",\\\"tagIcon\\\":\\\"input\\\",\\\"type\\\":\\\"text\\\",\\\"placeholder\\\":\\\"请输入姓名\\\",\\\"span\\\":24,\\\"labelWidth\\\":null,\\\"style\\\":{\\\"width\\\":\\\"100%\\\"},\\\"clearable\\\":true,\\\"prepend\\\":\\\"\\\",\\\"append\\\":\\\"\\\",\\\"prefix-icon\\\":\\\"\\\",\\\"suffix-icon\\\":\\\"\\\",\\\"maxlength\\\":null,\\\"show-word-limit\\\":false,\\\"readonly\\\":false,\\\"disabled\\\":false,\\\"required\\\":true,\\\"regList\\\":[],\\\"changeTag\\\":true,\\\"document\\\":\\\"https://element-plus.org/zh-CN/component/input\\\",\\\"formId\\\":101,\\\"renderKey\\\":1741421612633,\\\"layout\\\":\\\"colFormItem\\\",\\\"vModel\\\":\\\"name\\\"},{\\\"label\\\":\\\"年龄\\\",\\\"tag\\\":\\\"el-input\\\",\\\"tagIcon\\\":\\\"input\\\",\\\"type\\\":\\\"text\\\",\\\"placeholder\\\":\\\"请输入年龄\\\",\\\"span\\\":24,\\\"labelWidth\\\":null,\\\"style\\\":{\\\"width\\\":\\\"100%\\\"},\\\"clearable\\\":true,\\\"prepend\\\":\\\"\\\",\\\"append\\\":\\\"\\\",\\\"prefix-icon\\\":\\\"\\\",\\\"suffix-icon\\\":\\\"\\\",\\\"maxlength\\\":null,\\\"show-word-limit\\\":false,\\\"readonly\\\":false,\\\"disabled\\\":false,\\\"required\\\":true,\\\"regList\\\":[],\\\"changeTag\\\":true,\\\"document\\\":\\\"https://element-plus.org/zh-CN/component/input\\\",\\\"formId\\\":102,\\\"renderKey\\\":1741421625219,\\\"layout\\\":\\\"colFormItem\\\",\\\"vModel\\\":\\\"age\\\"},{\\\"label\\\":\\\"期望薪资\\\",\\\"tag\\\":\\\"el-input\\\",\\\"tagIcon\\\":\\\"input\\\",\\\"type\\\":\\\"text\\\",\\\"placeholder\\\":\\\"请输入期望薪资\\\",\\\"span\\\":24,\\\"labelWidth\\\":null,\\\"style\\\":{\\\"width\\\":\\\"100%\\\"},\\\"clearable\\\":true,\\\"prepend\\\":\\\"\\\",\\\"append\\\":\\\"\\\",\\\"prefix-icon\\\":\\\"\\\",\\\"suffix-icon\\\":\\\"\\\",\\\"maxlength\\\":null,\\\"show-word-limit\\\":false,\\\"readonly\\\":false,\\\"disabled\\\":false,\\\"required\\\":true,\\\"regList\\\":[],\\\"changeTag\\\":true,\\\"document\\\":\\\"https://element-plus.org/zh-CN/component/input\\\",\\\"formId\\\":103,\\\"renderKey\\\":1741421648331,\\\"layout\\\":\\\"colFormItem\\\",\\\"vModel\\\":\\\"salary\\\"},{\\\"label\\\":\\\"入职时间\\\",\\\"tag\\\":\\\"el-date-picker\\\",\\\"tagIcon\\\":\\\"date\\\",\\\"placeholder\\\":\\\"请选择入职时间\\\",\\\"defaultValue\\\":null,\\\"type\\\":\\\"date\\\",\\\"span\\\":24,\\\"labelWidth\\\":null,\\\"style\\\":{\\\"width\\\":\\\"100%\\\"},\\\"disabled\\\":false,\\\"clearable\\\":true,\\\"required\\\":true,\\\"format\\\":\\\"YYYY-MM-DD\\\",\\\"value-format\\\":\\\"YYYY-MM-DD\\\",\\\"readonly\\\":false,\\\"regList\\\":[],\\\"changeTag\\\":true,\\\"document\\\":\\\"https://element-plus.org/zh-CN/component/date-picker\\\",\\\"formId\\\":105,\\\"renderKey\\\":1741421688014,\\\"layout\\\":\\\"colFormItem\\\",\\\"vModel\\\":\\\"joinDate\\\"}]\", \"id\": 22, \"name\": \"求职意向\", \"updateTime\": \"2025-03-08T16:15:08\"}, \"success\": true, \"time\": \"2025-03-08T16:15:53.334935\"}', 0, '', '2025-03-08 16:15:53', 14);
INSERT INTO `sys_oper_log` (`oper_id`, `title`, `business_type`, `method`, `request_method`, `operator_type`, `oper_name`, `dept_name`, `oper_url`, `oper_ip`, `oper_location`, `oper_param`, `json_result`, `status`, `error_msg`, `oper_time`, `cost_time`) VALUES (1085, 'sys_table', 2, 'module_admin/controller/sys_table_controller.update_sys_table()', 'PUT', 1, 'admin', '研发部门', '/sys/table/update', '', '内网IP', '{\"id\": 89, \"prop\": \"updateTime\", \"label\": \"更新时间\", \"sortable\": \"0\", \"width\": 81, \"fixed\": \"0\", \"align\": \"left\", \"show\": \"1\", \"tooltip\": \"1\"}', '{\"code\": 200, \"msg\": \"操作成功\", \"data\": {\"align\": \"left\", \"createTime\": null, \"delFlag\": \"0\", \"fieldName\": \"update_time\", \"fixed\": \"0\", \"id\": 89, \"label\": \"更新时间\", \"labelTip\": null, \"prop\": \"updateTime\", \"show\": \"1\", \"sortable\": \"0\", \"tableName\": \"sys_form\", \"tooltip\": \"1\", \"updateBy\": null, \"updateByName\": null, \"updateTime\": \"2025-03-08T16:20:35\", \"width\": 81, \"sequence\": 6}, \"success\": true, \"time\": \"2025-03-08T16:20:34.685792\"}', 0, '', '2025-03-08 16:20:35', 14);
INSERT INTO `sys_oper_log` (`oper_id`, `title`, `business_type`, `method`, `request_method`, `operator_type`, `oper_name`, `dept_name`, `oper_url`, `oper_ip`, `oper_location`, `oper_param`, `json_result`, `status`, `error_msg`, `oper_time`, `cost_time`) VALUES (1086, 'sys_table', 2, 'module_admin/controller/sys_table_controller.update_sys_table()', 'PUT', 1, 'admin', '研发部门', '/sys/table/update', '', '内网IP', '{\"id\": 90, \"prop\": \"operate\", \"label\": \"操作\", \"sortable\": \"0\", \"width\": 229, \"fixed\": \"0\", \"align\": \"left\", \"show\": \"1\", \"tooltip\": \"1\"}', '{\"code\": 200, \"msg\": \"操作成功\", \"data\": {\"align\": \"left\", \"createTime\": null, \"delFlag\": \"0\", \"fieldName\": \"operate\", \"fixed\": \"0\", \"id\": 90, \"label\": \"操作\", \"labelTip\": null, \"prop\": \"operate\", \"show\": \"1\", \"sortable\": \"0\", \"tableName\": \"sys_form\", \"tooltip\": \"1\", \"updateBy\": null, \"updateByName\": null, \"updateTime\": \"2025-03-08T16:20:37\", \"width\": 229, \"sequence\": 7}, \"success\": true, \"time\": \"2025-03-08T16:20:36.780619\"}', 0, '', '2025-03-08 16:20:37', 14);
INSERT INTO `sys_oper_log` (`oper_id`, `title`, `business_type`, `method`, `request_method`, `operator_type`, `oper_name`, `dept_name`, `oper_url`, `oper_ip`, `oper_location`, `oper_param`, `json_result`, `status`, `error_msg`, `oper_time`, `cost_time`) VALUES (1087, 'sys_table', 2, 'module_admin/controller/sys_table_controller.update_sys_table()', 'PUT', 1, 'admin', '研发部门', '/sys/table/update', '', '内网IP', '{\"id\": 89, \"prop\": \"updateTime\", \"label\": \"更新时间\", \"sortable\": \"0\", \"width\": 114, \"fixed\": \"0\", \"align\": \"left\", \"show\": \"1\", \"tooltip\": \"1\"}', '{\"code\": 200, \"msg\": \"操作成功\", \"data\": {\"align\": \"left\", \"createTime\": null, \"delFlag\": \"0\", \"fieldName\": \"update_time\", \"fixed\": \"0\", \"id\": 89, \"label\": \"更新时间\", \"labelTip\": null, \"prop\": \"updateTime\", \"show\": \"1\", \"sortable\": \"0\", \"tableName\": \"sys_form\", \"tooltip\": \"1\", \"updateBy\": null, \"updateByName\": null, \"updateTime\": \"2025-03-08T16:20:40\", \"width\": 114, \"sequence\": 6}, \"success\": true, \"time\": \"2025-03-08T16:20:40.201938\"}', 0, '', '2025-03-08 16:20:40', 18);
INSERT INTO `sys_oper_log` (`oper_id`, `title`, `business_type`, `method`, `request_method`, `operator_type`, `oper_name`, `dept_name`, `oper_url`, `oper_ip`, `oper_location`, `oper_param`, `json_result`, `status`, `error_msg`, `oper_time`, `cost_time`) VALUES (1088, 'sys_table', 2, 'module_admin/controller/sys_table_controller.update_sys_table()', 'PUT', 1, 'admin', '研发部门', '/sys/table/update', '', '内网IP', '{\"id\": 89, \"prop\": \"updateTime\", \"label\": \"更新时间\", \"sortable\": \"0\", \"width\": 130, \"fixed\": \"0\", \"align\": \"left\", \"show\": \"1\", \"tooltip\": \"1\"}', '{\"code\": 200, \"msg\": \"操作成功\", \"data\": {\"align\": \"left\", \"createTime\": null, \"delFlag\": \"0\", \"fieldName\": \"update_time\", \"fixed\": \"0\", \"id\": 89, \"label\": \"更新时间\", \"labelTip\": null, \"prop\": \"updateTime\", \"show\": \"1\", \"sortable\": \"0\", \"tableName\": \"sys_form\", \"tooltip\": \"1\", \"updateBy\": null, \"updateByName\": null, \"updateTime\": \"2025-03-08T16:20:44\", \"width\": 130, \"sequence\": 6}, \"success\": true, \"time\": \"2025-03-08T16:20:44.149506\"}', 0, '', '2025-03-08 16:20:44', 14);
INSERT INTO `sys_oper_log` (`oper_id`, `title`, `business_type`, `method`, `request_method`, `operator_type`, `oper_name`, `dept_name`, `oper_url`, `oper_ip`, `oper_location`, `oper_param`, `json_result`, `status`, `error_msg`, `oper_time`, `cost_time`) VALUES (1089, 'sys_form', 2, 'module_admin/controller/sys_form_controller.update_sys_form()', 'PUT', 1, 'admin', '研发部门', '/sys/form/update', '', '内网IP', '请求参数过长', '{\"code\": 200, \"msg\": \"操作成功\", \"data\": {\"content\": \"<template>\\n  <div class=\\\"app-container\\\">\\n    <el-form ref=\\\"formRef\\\" :model=\\\"formData\\\" :rules=\\\"rules\\\" size=\\\"default\\\" label-width=\\\"100px\\\">\\n      <el-form-item label=\\\"手机号\\\" prop=\\\"mobile\\\">\\n        <el-input v-model=\\\"formData.mobile\\\" placeholder=\\\"请输入手机号\\\" :maxlength=\\\"11\\\" show-word-limit clearable\\n          prefix-icon=\'Cellphone\' :style=\\\"{width: \'100%\'}\\\"></el-input>\\n      </el-form-item>\\n      <el-form-item label=\\\"姓名\\\" prop=\\\"name\\\">\\n        <el-input v-model=\\\"formData.name\\\" type=\\\"text\\\" placeholder=\\\"请输入姓名\\\" clearable\\n          :style=\\\"{width: \'100%\'}\\\"></el-input>\\n      </el-form-item>\\n      <el-form-item label=\\\"年龄\\\" prop=\\\"age\\\">\\n        <el-input v-model=\\\"formData.age\\\" type=\\\"text\\\" placeholder=\\\"请输入年龄\\\" clearable\\n          :style=\\\"{width: \'100%\'}\\\"></el-input>\\n      </el-form-item>\\n      <el-form-item label=\\\"期望薪资\\\" prop=\\\"salary\\\">\\n        <el-input v-model=\\\"formData.salary\\\" type=\\\"text\\\" placeholder=\\\"请输入期望薪资\\\" clearable\\n          :style=\\\"{width: \'100%\'}\\\"></el-input>\\n      </el-form-item>\\n      <el-form-item label=\\\"入职时间\\\" prop=\\\"joinDate\\\">\\n        <el-date-picker v-model=\\\"formData.joinDate\\\" format=\\\"YYYY-MM-DD\\\" value-format=\\\"YYYY-MM-DD\\\"\\n          :style=\\\"{width: \'100%\'}\\\" placeholder=\\\"请选择入职时间\\\" clearable></el-date-picker>\\n      </el-form-item>\\n      <el-form-item>\\n        <el-button type=\\\"primary\\\" @click=\\\"submitForm\\\">提交</el-button>\\n        <el-button @click=\\\"resetForm\\\">重置</el-button>\\n      </el-form-item>\\n    </el-form>\\n  </div>\\n</template>\\n<script setup>\\nconst {\\n  proxy\\n} = getCurrentInstance()\\nconst formRef = ref()\\nconst data = reactive({\\n  formData: {\\n    mobile: \'\',\\n    name: undefined,\\n    age: undefined,\\n    salary: undefined,\\n    joinDate: null,\\n  },\\n  rules: {\\n    mobile: [{\\n      required: true,\\n      message: \'请输入手机号\',\\n      trigger: \'blur\'\\n    }, {\\n      pattern: new RegExp(/^1(3|4|5|7|8|9)\\\\d{9}$/),\\n      message: \'手机号格式错误\',\\n      trigger: \'blur\'\\n    }],\\n    name: [{\\n      required: true,\\n      message: \'请输入姓名\',\\n      trigger: \'blur\'\\n    }],\\n    age: [{\\n      required: true,\\n      message: \'请输入年龄\',\\n      trigger: \'blur\'\\n    }],\\n    salary: [{\\n      required: true,\\n      message: \'请输入期望薪资\',\\n      trigger: \'blur\'\\n    }],\\n    joinDate: [{\\n      required: true,\\n      message: \'请选择入职时间\',\\n      trigger: \'change\'\\n    }],\\n  }\\n})\\nconst {\\n  formData,\\n  rules\\n} = toRefs(data)\\n/**\\n * @name: 表单提交\\n * @description: 表单提交方法\\n * @return {*}\\n */\\nfunction submitForm() {\\n  formRef.value.validate((valid) => {\\n    if (!valid) return\\n    // 提交表单\\n    addForm_data(formData).then((response) => {\\n      proxy.$modal.msgSuccess(\'新增成功\')\\n      resetForm()\\n    })\\n  })\\n}\\n/**\\n * @name: 表单重置\\n * @description: 表单重置方法\\n * @return {*}\\n */\\nfunction resetForm() {\\n  formRef.value.resetFields()\\n}\\n\\n</script>\\n<style>\\n</style>\\n\", \"createBy\": 1, \"createTime\": \"2025-03-08T16:15:08\", \"delFlag\": \"0\", \"deptId\": 103, \"formConf\": \"{\\\"formRef\\\":\\\"formRef\\\",\\\"formModel\\\":\\\"formData\\\",\\\"size\\\":\\\"default\\\",\\\"labelPosition\\\":\\\"right\\\",\\\"labelWidth\\\":100,\\\"formRules\\\":\\\"rules\\\",\\\"gutter\\\":15,\\\"disabled\\\":false,\\\"span\\\":24,\\\"formBtns\\\":true,\\\"remark\\\":\\\"求职意向\\\"}\", \"formData\": \"{\\\"fields\\\":[{\\\"layout\\\":\\\"colFormItem\\\",\\\"tagIcon\\\":\\\"input\\\",\\\"label\\\":\\\"手机号\\\",\\\"vModel\\\":\\\"mobile\\\",\\\"formId\\\":6,\\\"tag\\\":\\\"el-input\\\",\\\"placeholder\\\":\\\"请输入手机号\\\",\\\"defaultValue\\\":\\\"\\\",\\\"span\\\":24,\\\"style\\\":{\\\"width\\\":\\\"100%\\\"},\\\"clearable\\\":true,\\\"prepend\\\":\\\"\\\",\\\"append\\\":\\\"\\\",\\\"prefix-icon\\\":\\\"Cellphone\\\",\\\"suffix-icon\\\":\\\"\\\",\\\"maxlength\\\":11,\\\"show-word-limit\\\":true,\\\"readonly\\\":false,\\\"disabled\\\":false,\\\"required\\\":true,\\\"changeTag\\\":true,\\\"regList\\\":[{\\\"pattern\\\":\\\"/^1(3|4|5|7|8|9)\\\\\\\\d{9}$/\\\",\\\"message\\\":\\\"手机号格式错误\\\"}]},{\\\"label\\\":\\\"姓名\\\",\\\"tag\\\":\\\"el-input\\\",\\\"tagIcon\\\":\\\"input\\\",\\\"type\\\":\\\"text\\\",\\\"placeholder\\\":\\\"请输入姓名\\\",\\\"span\\\":24,\\\"labelWidth\\\":null,\\\"style\\\":{\\\"width\\\":\\\"100%\\\"},\\\"clearable\\\":true,\\\"prepend\\\":\\\"\\\",\\\"append\\\":\\\"\\\",\\\"prefix-icon\\\":\\\"\\\",\\\"suffix-icon\\\":\\\"\\\",\\\"maxlength\\\":null,\\\"show-word-limit\\\":false,\\\"readonly\\\":false,\\\"disabled\\\":false,\\\"required\\\":true,\\\"regList\\\":[],\\\"changeTag\\\":true,\\\"document\\\":\\\"https://element-plus.org/zh-CN/component/input\\\",\\\"formId\\\":101,\\\"renderKey\\\":1741421612633,\\\"layout\\\":\\\"colFormItem\\\",\\\"vModel\\\":\\\"name\\\"},{\\\"label\\\":\\\"年龄\\\",\\\"tag\\\":\\\"el-input\\\",\\\"tagIcon\\\":\\\"input\\\",\\\"type\\\":\\\"text\\\",\\\"placeholder\\\":\\\"请输入年龄\\\",\\\"span\\\":24,\\\"labelWidth\\\":null,\\\"style\\\":{\\\"width\\\":\\\"100%\\\"},\\\"clearable\\\":true,\\\"prepend\\\":\\\"\\\",\\\"append\\\":\\\"\\\",\\\"prefix-icon\\\":\\\"\\\",\\\"suffix-icon\\\":\\\"\\\",\\\"maxlength\\\":null,\\\"show-word-limit\\\":false,\\\"readonly\\\":false,\\\"disabled\\\":false,\\\"required\\\":true,\\\"regList\\\":[],\\\"changeTag\\\":true,\\\"document\\\":\\\"https://element-plus.org/zh-CN/component/input\\\",\\\"formId\\\":102,\\\"renderKey\\\":1741421625219,\\\"layout\\\":\\\"colFormItem\\\",\\\"vModel\\\":\\\"age\\\"},{\\\"label\\\":\\\"期望薪资\\\",\\\"tag\\\":\\\"el-input\\\",\\\"tagIcon\\\":\\\"input\\\",\\\"type\\\":\\\"text\\\",\\\"placeholder\\\":\\\"请输入期望薪资\\\",\\\"span\\\":24,\\\"labelWidth\\\":null,\\\"style\\\":{\\\"width\\\":\\\"100%\\\"},\\\"clearable\\\":true,\\\"prepend\\\":\\\"\\\",\\\"append\\\":\\\"\\\",\\\"prefix-icon\\\":\\\"\\\",\\\"suffix-icon\\\":\\\"\\\",\\\"maxlength\\\":null,\\\"show-word-limit\\\":false,\\\"readonly\\\":false,\\\"disabled\\\":false,\\\"required\\\":true,\\\"regList\\\":[],\\\"changeTag\\\":true,\\\"document\\\":\\\"https://element-plus.org/zh-CN/component/input\\\",\\\"formId\\\":103,\\\"renderKey\\\":1741421648331,\\\"layout\\\":\\\"colFormItem\\\",\\\"vModel\\\":\\\"salary\\\"},{\\\"label\\\":\\\"入职时间\\\",\\\"tag\\\":\\\"el-date-picker\\\",\\\"tagIcon\\\":\\\"date\\\",\\\"placeholder\\\":\\\"请选择入职时间\\\",\\\"defaultValue\\\":null,\\\"type\\\":\\\"date\\\",\\\"span\\\":24,\\\"labelWidth\\\":null,\\\"style\\\":{\\\"width\\\":\\\"100%\\\"},\\\"disabled\\\":false,\\\"clearable\\\":true,\\\"required\\\":true,\\\"format\\\":\\\"YYYY-MM-DD\\\",\\\"value-format\\\":\\\"YYYY-MM-DD\\\",\\\"readonly\\\":false,\\\"regList\\\":[],\\\"changeTag\\\":true,\\\"document\\\":\\\"https://element-plus.org/zh-CN/component/date-picker\\\",\\\"formId\\\":105,\\\"renderKey\\\":1741421688014,\\\"layout\\\":\\\"colFormItem\\\",\\\"vModel\\\":\\\"joinDate\\\"}],\\\"formRef\\\":\\\"formRef\\\",\\\"formModel\\\":\\\"formData\\\",\\\"size\\\":\\\"default\\\",\\\"labelPosition\\\":\\\"right\\\",\\\"labelWidth\\\":100,\\\"formRules\\\":\\\"rules\\\",\\\"gutter\\\":15,\\\"disabled\\\":false,\\\"span\\\":24,\\\"formBtns\\\":true,\\\"remark\\\":\\\"求职意向\\\"}\", \"generateConf\": \"{\\\"type\\\":\\\"file\\\"}\", \"drawingList\": \"[{\\\"layout\\\":\\\"colFormItem\\\",\\\"tagIcon\\\":\\\"input\\\",\\\"label\\\":\\\"手机号\\\",\\\"vModel\\\":\\\"mobile\\\",\\\"formId\\\":6,\\\"tag\\\":\\\"el-input\\\",\\\"placeholder\\\":\\\"请输入手机号\\\",\\\"defaultValue\\\":\\\"\\\",\\\"span\\\":24,\\\"style\\\":{\\\"width\\\":\\\"100%\\\"},\\\"clearable\\\":true,\\\"prepend\\\":\\\"\\\",\\\"append\\\":\\\"\\\",\\\"prefix-icon\\\":\\\"Cellphone\\\",\\\"suffix-icon\\\":\\\"\\\",\\\"maxlength\\\":11,\\\"show-word-limit\\\":true,\\\"readonly\\\":false,\\\"disabled\\\":false,\\\"required\\\":true,\\\"changeTag\\\":true,\\\"regList\\\":[{\\\"pattern\\\":\\\"/^1(3|4|5|7|8|9)\\\\\\\\d{9}$/\\\",\\\"message\\\":\\\"手机号格式错误\\\"}]},{\\\"label\\\":\\\"姓名\\\",\\\"tag\\\":\\\"el-input\\\",\\\"tagIcon\\\":\\\"input\\\",\\\"type\\\":\\\"text\\\",\\\"placeholder\\\":\\\"请输入姓名\\\",\\\"span\\\":24,\\\"labelWidth\\\":null,\\\"style\\\":{\\\"width\\\":\\\"100%\\\"},\\\"clearable\\\":true,\\\"prepend\\\":\\\"\\\",\\\"append\\\":\\\"\\\",\\\"prefix-icon\\\":\\\"\\\",\\\"suffix-icon\\\":\\\"\\\",\\\"maxlength\\\":null,\\\"show-word-limit\\\":false,\\\"readonly\\\":false,\\\"disabled\\\":false,\\\"required\\\":true,\\\"regList\\\":[],\\\"changeTag\\\":true,\\\"document\\\":\\\"https://element-plus.org/zh-CN/component/input\\\",\\\"formId\\\":101,\\\"renderKey\\\":1741421612633,\\\"layout\\\":\\\"colFormItem\\\",\\\"vModel\\\":\\\"name\\\"},{\\\"label\\\":\\\"年龄\\\",\\\"tag\\\":\\\"el-input\\\",\\\"tagIcon\\\":\\\"input\\\",\\\"type\\\":\\\"text\\\",\\\"placeholder\\\":\\\"请输入年龄\\\",\\\"span\\\":24,\\\"labelWidth\\\":null,\\\"style\\\":{\\\"width\\\":\\\"100%\\\"},\\\"clearable\\\":true,\\\"prepend\\\":\\\"\\\",\\\"append\\\":\\\"\\\",\\\"prefix-icon\\\":\\\"\\\",\\\"suffix-icon\\\":\\\"\\\",\\\"maxlength\\\":null,\\\"show-word-limit\\\":false,\\\"readonly\\\":false,\\\"disabled\\\":false,\\\"required\\\":true,\\\"regList\\\":[],\\\"changeTag\\\":true,\\\"document\\\":\\\"https://element-plus.org/zh-CN/component/input\\\",\\\"formId\\\":102,\\\"renderKey\\\":1741421625219,\\\"layout\\\":\\\"colFormItem\\\",\\\"vModel\\\":\\\"age\\\"},{\\\"label\\\":\\\"期望薪资\\\",\\\"tag\\\":\\\"el-input\\\",\\\"tagIcon\\\":\\\"input\\\",\\\"type\\\":\\\"text\\\",\\\"placeholder\\\":\\\"请输入期望薪资\\\",\\\"span\\\":24,\\\"labelWidth\\\":null,\\\"style\\\":{\\\"width\\\":\\\"100%\\\"},\\\"clearable\\\":true,\\\"prepend\\\":\\\"\\\",\\\"append\\\":\\\"\\\",\\\"prefix-icon\\\":\\\"\\\",\\\"suffix-icon\\\":\\\"\\\",\\\"maxlength\\\":null,\\\"show-word-limit\\\":false,\\\"readonly\\\":false,\\\"disabled\\\":false,\\\"required\\\":true,\\\"regList\\\":[],\\\"changeTag\\\":true,\\\"document\\\":\\\"https://element-plus.org/zh-CN/component/input\\\",\\\"formId\\\":103,\\\"renderKey\\\":1741421648331,\\\"layout\\\":\\\"colFormItem\\\",\\\"vModel\\\":\\\"salary\\\"},{\\\"label\\\":\\\"入职时间\\\",\\\"tag\\\":\\\"el-date-picker\\\",\\\"tagIcon\\\":\\\"date\\\",\\\"placeholder\\\":\\\"请选择入职时间\\\",\\\"defaultValue\\\":null,\\\"type\\\":\\\"date\\\",\\\"span\\\":24,\\\"labelWidth\\\":null,\\\"style\\\":{\\\"width\\\":\\\"100%\\\"},\\\"disabled\\\":false,\\\"clearable\\\":true,\\\"required\\\":true,\\\"format\\\":\\\"YYYY-MM-DD\\\",\\\"value-format\\\":\\\"YYYY-MM-DD\\\",\\\"readonly\\\":false,\\\"regList\\\":[],\\\"changeTag\\\":true,\\\"document\\\":\\\"https://element-plus.org/zh-CN/component/date-picker\\\",\\\"formId\\\":105,\\\"renderKey\\\":1741421688014,\\\"layout\\\":\\\"colFormItem\\\",\\\"vModel\\\":\\\"joinDate\\\"}]\", \"id\": 22, \"name\": \"求职意向\", \"updateTime\": \"2025-03-08T16:15:08\"}, \"success\": true, \"time\": \"2025-03-08T16:26:56.278240\"}', 0, '', '2025-03-08 16:26:56', 14);
INSERT INTO `sys_oper_log` (`oper_id`, `title`, `business_type`, `method`, `request_method`, `operator_type`, `oper_name`, `dept_name`, `oper_url`, `oper_ip`, `oper_location`, `oper_param`, `json_result`, `status`, `error_msg`, `oper_time`, `cost_time`) VALUES (1090, 'sys_form', 2, 'module_admin/controller/sys_form_controller.update_sys_form()', 'PUT', 1, 'admin', '研发部门', '/sys/form/update', '', '内网IP', '请求参数过长', '{\"code\": 200, \"msg\": \"操作成功\", \"data\": {\"content\": \"<template>\\n  <div class=\\\"app-container\\\">\\n    <el-form ref=\\\"formRef\\\" :model=\\\"formData\\\" :rules=\\\"rules\\\" size=\\\"default\\\" label-width=\\\"100px\\\">\\n      <el-form-item label=\\\"手机号\\\" prop=\\\"mobile\\\">\\n        <el-input v-model=\\\"formData.mobile\\\" placeholder=\\\"请输入手机号\\\" :maxlength=\\\"11\\\" show-word-limit clearable\\n          prefix-icon=\'Cellphone\' :style=\\\"{width: \'100%\'}\\\"></el-input>\\n      </el-form-item>\\n      <el-form-item label=\\\"姓名\\\" prop=\\\"name\\\">\\n        <el-input v-model=\\\"formData.name\\\" type=\\\"text\\\" placeholder=\\\"请输入姓名\\\" clearable\\n          :style=\\\"{width: \'100%\'}\\\"></el-input>\\n      </el-form-item>\\n      <el-form-item label=\\\"年龄\\\" prop=\\\"age\\\">\\n        <el-input v-model=\\\"formData.age\\\" type=\\\"text\\\" placeholder=\\\"请输入年龄\\\" clearable\\n          :style=\\\"{width: \'100%\'}\\\"></el-input>\\n      </el-form-item>\\n      <el-form-item label=\\\"期望薪资\\\" prop=\\\"salary\\\">\\n        <el-input v-model=\\\"formData.salary\\\" type=\\\"text\\\" placeholder=\\\"请输入期望薪资\\\" clearable\\n          :style=\\\"{width: \'100%\'}\\\"></el-input>\\n      </el-form-item>\\n      <el-form-item label=\\\"入职时间\\\" prop=\\\"joinDate\\\">\\n        <el-date-picker v-model=\\\"formData.joinDate\\\" format=\\\"YYYY-MM-DD\\\" value-format=\\\"YYYY-MM-DD\\\"\\n          :style=\\\"{width: \'100%\'}\\\" placeholder=\\\"请选择入职时间\\\" clearable></el-date-picker>\\n      </el-form-item>\\n      <el-form-item label=\\\"下拉选择\\\" prop=\\\"field101\\\">\\n        <el-select v-model=\\\"formData.field101\\\" placeholder=\\\"请选择下拉选择\\\" clearable :style=\\\"{width: \'100%\'}\\\">\\n          <el-option v-for=\\\"(item, index) in field101Options\\\" :key=\\\"index\\\" :label=\\\"item.label\\\"\\n            :value=\\\"item.value\\\" :disabled=\\\"item.disabled\\\"></el-option>\\n        </el-select>\\n      </el-form-item>\\n      <el-form-item>\\n        <el-button type=\\\"primary\\\" @click=\\\"submitForm\\\">提交</el-button>\\n        <el-button @click=\\\"resetForm\\\">重置</el-button>\\n      </el-form-item>\\n    </el-form>\\n  </div>\\n</template>\\n<script setup>\\nimport {\\n  addForm_data\\n}\\nfrom \'@/api/system/form_data\'\\nconst {\\n  proxy\\n} = getCurrentInstance()\\nconst formRef = ref()\\nconst data = reactive({\\n  formData: {\\n    mobile: \'\',\\n    name: undefined,\\n    age: undefined,\\n    salary: undefined,\\n    joinDate: null,\\n    field101: undefined,\\n  },\\n  rules: {\\n    mobile: [{\\n      required: true,\\n      message: \'请输入手机号\',\\n      trigger: \'blur\'\\n    }, {\\n      pattern: new RegExp(/^1(3|4|5|7|8|9)\\\\d{9}$/),\\n      message: \'手机号格式错误\',\\n      trigger: \'blur\'\\n    }],\\n    name: [{\\n      required: true,\\n      message: \'请输入姓名\',\\n      trigger: \'blur\'\\n    }],\\n    age: [{\\n      required: true,\\n      message: \'请输入年龄\',\\n      trigger: \'blur\'\\n    }],\\n    salary: [{\\n      required: true,\\n      message: \'请输入期望薪资\',\\n      trigger: \'blur\'\\n    }],\\n    joinDate: [{\\n      required: true,\\n      message: \'请选择入职时间\',\\n      trigger: \'change\'\\n    }],\\n    field101: [{\\n      required: true,\\n      message: \'请选择下拉选择\',\\n      trigger: \'change\'\\n    }],\\n  }\\n})\\nconst {\\n  formData,\\n  rules\\n} = toRefs(data)\\nconst field101Options = ref([{\\n  \\\"label\\\": \\\"选项一\\\",\\n  \\\"value\\\": 1\\n}, {\\n  \\\"label\\\": \\\"选项二\\\",\\n  \\\"value\\\": 2\\n}])\\n/**\\n * @name: 表单提交\\n * @description: 表单提交方法\\n * @return {*}\\n */\\nfunction submitForm() {\\n  formRef.value.validate((valid) => {\\n    if (!valid) return\\n    // 提交表单\\n    addForm_data(formData).then((response) => {\\n      proxy.$modal.msgSuccess(\'新增成功\')\\n      resetForm()\\n    })\\n  })\\n}\\n/**\\n * @name: 表单重置\\n * @description: 表单重置方法\\n * @return {*}\\n */\\nfunction resetForm() {\\n  formRef.value.resetFields()\\n}\\n\\n</script>\\n<style>\\n</style>\\n\", \"createBy\": 1, \"createTime\": \"2025-03-08T16:15:08\", \"delFlag\": \"0\", \"deptId\": 103, \"formConf\": \"{\\\"formRef\\\":\\\"formRef\\\",\\\"formModel\\\":\\\"formData\\\",\\\"size\\\":\\\"default\\\",\\\"labelPosition\\\":\\\"right\\\",\\\"labelWidth\\\":100,\\\"formRules\\\":\\\"rules\\\",\\\"gutter\\\":15,\\\"disabled\\\":false,\\\"span\\\":24,\\\"formBtns\\\":true,\\\"remark\\\":\\\"求职意向\\\"}\", \"formData\": \"{\\\"fields\\\":[{\\\"layout\\\":\\\"colFormItem\\\",\\\"tagIcon\\\":\\\"input\\\",\\\"label\\\":\\\"手机号\\\",\\\"vModel\\\":\\\"mobile\\\",\\\"formId\\\":6,\\\"tag\\\":\\\"el-input\\\",\\\"placeholder\\\":\\\"请输入手机号\\\",\\\"defaultValue\\\":\\\"\\\",\\\"span\\\":24,\\\"style\\\":{\\\"width\\\":\\\"100%\\\"},\\\"clearable\\\":true,\\\"prepend\\\":\\\"\\\",\\\"append\\\":\\\"\\\",\\\"prefix-icon\\\":\\\"Cellphone\\\",\\\"suffix-icon\\\":\\\"\\\",\\\"maxlength\\\":11,\\\"show-word-limit\\\":true,\\\"readonly\\\":false,\\\"disabled\\\":false,\\\"required\\\":true,\\\"changeTag\\\":true,\\\"regList\\\":[{\\\"pattern\\\":\\\"/^1(3|4|5|7|8|9)\\\\\\\\d{9}$/\\\",\\\"message\\\":\\\"手机号格式错误\\\"}]},{\\\"label\\\":\\\"姓名\\\",\\\"tag\\\":\\\"el-input\\\",\\\"tagIcon\\\":\\\"input\\\",\\\"type\\\":\\\"text\\\",\\\"placeholder\\\":\\\"请输入姓名\\\",\\\"span\\\":24,\\\"labelWidth\\\":null,\\\"style\\\":{\\\"width\\\":\\\"100%\\\"},\\\"clearable\\\":true,\\\"prepend\\\":\\\"\\\",\\\"append\\\":\\\"\\\",\\\"prefix-icon\\\":\\\"\\\",\\\"suffix-icon\\\":\\\"\\\",\\\"maxlength\\\":null,\\\"show-word-limit\\\":false,\\\"readonly\\\":false,\\\"disabled\\\":false,\\\"required\\\":true,\\\"regList\\\":[],\\\"changeTag\\\":true,\\\"document\\\":\\\"https://element-plus.org/zh-CN/component/input\\\",\\\"formId\\\":101,\\\"renderKey\\\":1741421612633,\\\"layout\\\":\\\"colFormItem\\\",\\\"vModel\\\":\\\"name\\\"},{\\\"label\\\":\\\"年龄\\\",\\\"tag\\\":\\\"el-input\\\",\\\"tagIcon\\\":\\\"input\\\",\\\"type\\\":\\\"text\\\",\\\"placeholder\\\":\\\"请输入年龄\\\",\\\"span\\\":24,\\\"labelWidth\\\":null,\\\"style\\\":{\\\"width\\\":\\\"100%\\\"},\\\"clearable\\\":true,\\\"prepend\\\":\\\"\\\",\\\"append\\\":\\\"\\\",\\\"prefix-icon\\\":\\\"\\\",\\\"suffix-icon\\\":\\\"\\\",\\\"maxlength\\\":null,\\\"show-word-limit\\\":false,\\\"readonly\\\":false,\\\"disabled\\\":false,\\\"required\\\":true,\\\"regList\\\":[],\\\"changeTag\\\":true,\\\"document\\\":\\\"https://element-plus.org/zh-CN/component/input\\\",\\\"formId\\\":102,\\\"renderKey\\\":1741421625219,\\\"layout\\\":\\\"colFormItem\\\",\\\"vModel\\\":\\\"age\\\"},{\\\"label\\\":\\\"期望薪资\\\",\\\"tag\\\":\\\"el-input\\\",\\\"tagIcon\\\":\\\"input\\\",\\\"type\\\":\\\"text\\\",\\\"placeholder\\\":\\\"请输入期望薪资\\\",\\\"span\\\":24,\\\"labelWidth\\\":null,\\\"style\\\":{\\\"width\\\":\\\"100%\\\"},\\\"clearable\\\":true,\\\"prepend\\\":\\\"\\\",\\\"append\\\":\\\"\\\",\\\"prefix-icon\\\":\\\"\\\",\\\"suffix-icon\\\":\\\"\\\",\\\"maxlength\\\":null,\\\"show-word-limit\\\":false,\\\"readonly\\\":false,\\\"disabled\\\":false,\\\"required\\\":true,\\\"regList\\\":[],\\\"changeTag\\\":true,\\\"document\\\":\\\"https://element-plus.org/zh-CN/component/input\\\",\\\"formId\\\":103,\\\"renderKey\\\":1741421648331,\\\"layout\\\":\\\"colFormItem\\\",\\\"vModel\\\":\\\"salary\\\"},{\\\"label\\\":\\\"入职时间\\\",\\\"tag\\\":\\\"el-date-picker\\\",\\\"tagIcon\\\":\\\"date\\\",\\\"placeholder\\\":\\\"请选择入职时间\\\",\\\"defaultValue\\\":null,\\\"type\\\":\\\"date\\\",\\\"span\\\":24,\\\"labelWidth\\\":null,\\\"style\\\":{\\\"width\\\":\\\"100%\\\"},\\\"disabled\\\":false,\\\"clearable\\\":true,\\\"required\\\":true,\\\"format\\\":\\\"YYYY-MM-DD\\\",\\\"value-format\\\":\\\"YYYY-MM-DD\\\",\\\"readonly\\\":false,\\\"regList\\\":[],\\\"changeTag\\\":true,\\\"document\\\":\\\"https://element-plus.org/zh-CN/component/date-picker\\\",\\\"formId\\\":105,\\\"renderKey\\\":1741421688014,\\\"layout\\\":\\\"colFormItem\\\",\\\"vModel\\\":\\\"joinDate\\\"},{\\\"label\\\":\\\"下拉选择\\\",\\\"tag\\\":\\\"el-select\\\",\\\"tagIcon\\\":\\\"select\\\",\\\"placeholder\\\":\\\"请选择下拉选择\\\",\\\"span\\\":24,\\\"labelWidth\\\":null,\\\"style\\\":{\\\"width\\\":\\\"100%\\\"},\\\"clearable\\\":true,\\\"disabled\\\":false,\\\"required\\\":true,\\\"filterable\\\":false,\\\"multiple\\\":false,\\\"options\\\":[{\\\"label\\\":\\\"选项一\\\",\\\"value\\\":1},{\\\"label\\\":\\\"选项二\\\",\\\"value\\\":2}],\\\"regList\\\":[],\\\"changeTag\\\":true,\\\"document\\\":\\\"https://element-plus.org/zh-CN/component/select\\\",\\\"formId\\\":101,\\\"renderKey\\\":1741422501664,\\\"layout\\\":\\\"colFormItem\\\",\\\"vModel\\\":\\\"field101\\\"}],\\\"formRef\\\":\\\"formRef\\\",\\\"formModel\\\":\\\"formData\\\",\\\"size\\\":\\\"default\\\",\\\"labelPosition\\\":\\\"right\\\",\\\"labelWidth\\\":100,\\\"formRules\\\":\\\"rules\\\",\\\"gutter\\\":15,\\\"disabled\\\":false,\\\"span\\\":24,\\\"formBtns\\\":true,\\\"remark\\\":\\\"求职意向\\\"}\", \"generateConf\": \"{\\\"type\\\":\\\"file\\\"}\", \"drawingList\": \"[{\\\"layout\\\":\\\"colFormItem\\\",\\\"tagIcon\\\":\\\"input\\\",\\\"label\\\":\\\"手机号\\\",\\\"vModel\\\":\\\"mobile\\\",\\\"formId\\\":6,\\\"tag\\\":\\\"el-input\\\",\\\"placeholder\\\":\\\"请输入手机号\\\",\\\"defaultValue\\\":\\\"\\\",\\\"span\\\":24,\\\"style\\\":{\\\"width\\\":\\\"100%\\\"},\\\"clearable\\\":true,\\\"prepend\\\":\\\"\\\",\\\"append\\\":\\\"\\\",\\\"prefix-icon\\\":\\\"Cellphone\\\",\\\"suffix-icon\\\":\\\"\\\",\\\"maxlength\\\":11,\\\"show-word-limit\\\":true,\\\"readonly\\\":false,\\\"disabled\\\":false,\\\"required\\\":true,\\\"changeTag\\\":true,\\\"regList\\\":[{\\\"pattern\\\":\\\"/^1(3|4|5|7|8|9)\\\\\\\\d{9}$/\\\",\\\"message\\\":\\\"手机号格式错误\\\"}]},{\\\"label\\\":\\\"姓名\\\",\\\"tag\\\":\\\"el-input\\\",\\\"tagIcon\\\":\\\"input\\\",\\\"type\\\":\\\"text\\\",\\\"placeholder\\\":\\\"请输入姓名\\\",\\\"span\\\":24,\\\"labelWidth\\\":null,\\\"style\\\":{\\\"width\\\":\\\"100%\\\"},\\\"clearable\\\":true,\\\"prepend\\\":\\\"\\\",\\\"append\\\":\\\"\\\",\\\"prefix-icon\\\":\\\"\\\",\\\"suffix-icon\\\":\\\"\\\",\\\"maxlength\\\":null,\\\"show-word-limit\\\":false,\\\"readonly\\\":false,\\\"disabled\\\":false,\\\"required\\\":true,\\\"regList\\\":[],\\\"changeTag\\\":true,\\\"document\\\":\\\"https://element-plus.org/zh-CN/component/input\\\",\\\"formId\\\":101,\\\"renderKey\\\":1741421612633,\\\"layout\\\":\\\"colFormItem\\\",\\\"vModel\\\":\\\"name\\\"},{\\\"label\\\":\\\"年龄\\\",\\\"tag\\\":\\\"el-input\\\",\\\"tagIcon\\\":\\\"input\\\",\\\"type\\\":\\\"text\\\",\\\"placeholder\\\":\\\"请输入年龄\\\",\\\"span\\\":24,\\\"labelWidth\\\":null,\\\"style\\\":{\\\"width\\\":\\\"100%\\\"},\\\"clearable\\\":true,\\\"prepend\\\":\\\"\\\",\\\"append\\\":\\\"\\\",\\\"prefix-icon\\\":\\\"\\\",\\\"suffix-icon\\\":\\\"\\\",\\\"maxlength\\\":null,\\\"show-word-limit\\\":false,\\\"readonly\\\":false,\\\"disabled\\\":false,\\\"required\\\":true,\\\"regList\\\":[],\\\"changeTag\\\":true,\\\"document\\\":\\\"https://element-plus.org/zh-CN/component/input\\\",\\\"formId\\\":102,\\\"renderKey\\\":1741421625219,\\\"layout\\\":\\\"colFormItem\\\",\\\"vModel\\\":\\\"age\\\"},{\\\"label\\\":\\\"期望薪资\\\",\\\"tag\\\":\\\"el-input\\\",\\\"tagIcon\\\":\\\"input\\\",\\\"type\\\":\\\"text\\\",\\\"placeholder\\\":\\\"请输入期望薪资\\\",\\\"span\\\":24,\\\"labelWidth\\\":null,\\\"style\\\":{\\\"width\\\":\\\"100%\\\"},\\\"clearable\\\":true,\\\"prepend\\\":\\\"\\\",\\\"append\\\":\\\"\\\",\\\"prefix-icon\\\":\\\"\\\",\\\"suffix-icon\\\":\\\"\\\",\\\"maxlength\\\":null,\\\"show-word-limit\\\":false,\\\"readonly\\\":false,\\\"disabled\\\":false,\\\"required\\\":true,\\\"regList\\\":[],\\\"changeTag\\\":true,\\\"document\\\":\\\"https://element-plus.org/zh-CN/component/input\\\",\\\"formId\\\":103,\\\"renderKey\\\":1741421648331,\\\"layout\\\":\\\"colFormItem\\\",\\\"vModel\\\":\\\"salary\\\"},{\\\"label\\\":\\\"入职时间\\\",\\\"tag\\\":\\\"el-date-picker\\\",\\\"tagIcon\\\":\\\"date\\\",\\\"placeholder\\\":\\\"请选择入职时间\\\",\\\"defaultValue\\\":null,\\\"type\\\":\\\"date\\\",\\\"span\\\":24,\\\"labelWidth\\\":null,\\\"style\\\":{\\\"width\\\":\\\"100%\\\"},\\\"disabled\\\":false,\\\"clearable\\\":true,\\\"required\\\":true,\\\"format\\\":\\\"YYYY-MM-DD\\\",\\\"value-format\\\":\\\"YYYY-MM-DD\\\",\\\"readonly\\\":false,\\\"regList\\\":[],\\\"changeTag\\\":true,\\\"document\\\":\\\"https://element-plus.org/zh-CN/component/date-picker\\\",\\\"formId\\\":105,\\\"renderKey\\\":1741421688014,\\\"layout\\\":\\\"colFormItem\\\",\\\"vModel\\\":\\\"joinDate\\\"},{\\\"label\\\":\\\"下拉选择\\\",\\\"tag\\\":\\\"el-select\\\",\\\"tagIcon\\\":\\\"select\\\",\\\"placeholder\\\":\\\"请选择下拉选择\\\",\\\"span\\\":24,\\\"labelWidth\\\":null,\\\"style\\\":{\\\"width\\\":\\\"100%\\\"},\\\"clearable\\\":true,\\\"disabled\\\":false,\\\"required\\\":true,\\\"filterable\\\":false,\\\"multiple\\\":false,\\\"options\\\":[{\\\"label\\\":\\\"选项一\\\",\\\"value\\\":1},{\\\"label\\\":\\\"选项二\\\",\\\"value\\\":2}],\\\"regList\\\":[],\\\"changeTag\\\":true,\\\"document\\\":\\\"https://element-plus.org/zh-CN/component/select\\\",\\\"formId\\\":101,\\\"renderKey\\\":1741422501664,\\\"layout\\\":\\\"colFormItem\\\",\\\"vModel\\\":\\\"field101\\\"}]\", \"id\": 22, \"name\": \"求职意向\", \"updateTime\": \"2025-03-08T16:15:08\"}, \"success\": true, \"time\": \"2025-03-08T16:28:26.426305\"}', 0, '', '2025-03-08 16:28:26', 16);
INSERT INTO `sys_oper_log` (`oper_id`, `title`, `business_type`, `method`, `request_method`, `operator_type`, `oper_name`, `dept_name`, `oper_url`, `oper_ip`, `oper_location`, `oper_param`, `json_result`, `status`, `error_msg`, `oper_time`, `cost_time`) VALUES (1091, 'sys_form', 2, 'module_admin/controller/sys_form_controller.update_sys_form()', 'PUT', 1, 'admin', '研发部门', '/sys/form/update', '', '内网IP', '请求参数过长', '{\"code\": 200, \"msg\": \"操作成功\", \"data\": {\"content\": \"<template>\\n  <div class=\\\"app-container\\\">\\n    <el-form ref=\\\"formRef\\\" :model=\\\"formData\\\" :rules=\\\"rules\\\" size=\\\"default\\\" label-width=\\\"100px\\\">\\n      <el-form-item label=\\\"手机号\\\" prop=\\\"mobile\\\">\\n        <el-input v-model=\\\"formData.mobile\\\" placeholder=\\\"请输入手机号\\\" :maxlength=\\\"11\\\" show-word-limit clearable\\n          prefix-icon=\'Cellphone\' :style=\\\"{width: \'100%\'}\\\"></el-input>\\n      </el-form-item>\\n      <el-form-item label=\\\"姓名\\\" prop=\\\"name\\\">\\n        <el-input v-model=\\\"formData.name\\\" type=\\\"text\\\" placeholder=\\\"请输入姓名\\\" clearable\\n          :style=\\\"{width: \'100%\'}\\\"></el-input>\\n      </el-form-item>\\n      <el-form-item label=\\\"年龄\\\" prop=\\\"age\\\">\\n        <el-input v-model=\\\"formData.age\\\" type=\\\"text\\\" placeholder=\\\"请输入年龄\\\" clearable\\n          :style=\\\"{width: \'100%\'}\\\"></el-input>\\n      </el-form-item>\\n      <el-form-item label=\\\"期望薪资\\\" prop=\\\"salary\\\">\\n        <el-input v-model=\\\"formData.salary\\\" type=\\\"text\\\" placeholder=\\\"请输入期望薪资\\\" clearable\\n          :style=\\\"{width: \'100%\'}\\\"></el-input>\\n      </el-form-item>\\n      <el-form-item label=\\\"入职时间\\\" prop=\\\"joinDate\\\">\\n        <el-date-picker v-model=\\\"formData.joinDate\\\" format=\\\"YYYY-MM-DD\\\" value-format=\\\"YYYY-MM-DD\\\"\\n          :style=\\\"{width: \'100%\'}\\\" placeholder=\\\"请选择入职时间\\\" clearable></el-date-picker>\\n      </el-form-item>\\n      <el-form-item label=\\\"下拉选择\\\" prop=\\\"field101\\\">\\n        <el-select v-model=\\\"formData.field101\\\" placeholder=\\\"请选择下拉选择\\\" clearable :style=\\\"{width: \'100%\'}\\\">\\n          <el-option v-for=\\\"(item, index) in field101Options\\\" :key=\\\"index\\\" :label=\\\"item.label\\\"\\n            :value=\\\"item.value\\\" :disabled=\\\"item.disabled\\\"></el-option>\\n        </el-select>\\n      </el-form-item>\\n      <el-form-item>\\n        <el-button type=\\\"primary\\\" @click=\\\"submitForm\\\">提交</el-button>\\n        <el-button @click=\\\"resetForm\\\">重置</el-button>\\n      </el-form-item>\\n    </el-form>\\n  </div>\\n</template>\\n<script setup>\\nimport {\\n  addForm_data\\n}\\nfrom \'@/api/system/form_data\'\\nconst {\\n  proxy\\n} = getCurrentInstance()\\nconst formRef = ref()\\nconst data = reactive({\\n  formData: {\\n    mobile: \'\',\\n    name: undefined,\\n    age: undefined,\\n    salary: undefined,\\n    joinDate: null,\\n    field101: undefined,\\n  },\\n  rules: {\\n    mobile: [{\\n      required: true,\\n      message: \'请输入手机号\',\\n      trigger: \'blur\'\\n    }, {\\n      pattern: new RegExp(/^1(3|4|5|7|8|9)\\\\d{9}$/),\\n      message: \'手机号格式错误\',\\n      trigger: \'blur\'\\n    }],\\n    name: [{\\n      required: true,\\n      message: \'请输入姓名\',\\n      trigger: \'blur\'\\n    }],\\n    age: [{\\n      required: true,\\n      message: \'请输入年龄\',\\n      trigger: \'blur\'\\n    }],\\n    salary: [{\\n      required: true,\\n      message: \'请输入期望薪资\',\\n      trigger: \'blur\'\\n    }],\\n    joinDate: [{\\n      required: true,\\n      message: \'请选择入职时间\',\\n      trigger: \'change\'\\n    }],\\n    field101: [{\\n      required: true,\\n      message: \'请选择下拉选择\',\\n      trigger: \'change\'\\n    }],\\n  }\\n})\\nconst {\\n  formData,\\n  rules\\n} = toRefs(data)\\nconst field101Options = ref([{\\n  \\\"label\\\": \\\"选项一\\\",\\n  \\\"value\\\": 1\\n}, {\\n  \\\"label\\\": \\\"选项二\\\",\\n  \\\"value\\\": 2\\n}])\\n/**\\n * @name: 表单提交\\n * @description: 表单提交方法\\n * @return {*}\\n */\\nfunction submitForm() {\\n  formRef.value.validate((valid) => {\\n    if (!valid) return\\n    // 提交表单\\n    addForm_data(formData).then((response) => {\\n      proxy.$modal.msgSuccess(\'新增成功\')\\n      resetForm()\\n    })\\n  })\\n}\\n/**\\n * @name: 表单重置\\n * @description: 表单重置方法\\n * @return {*}\\n */\\nfunction resetForm() {\\n  formRef.value.resetFields()\\n}\\n\\n</script>\\n<style>\\n</style>\\n\", \"createBy\": 1, \"createTime\": \"2025-03-08T16:15:08\", \"delFlag\": \"0\", \"deptId\": 103, \"formConf\": \"{\\\"formRef\\\":\\\"formRef\\\",\\\"formModel\\\":\\\"formData\\\",\\\"size\\\":\\\"default\\\",\\\"labelPosition\\\":\\\"right\\\",\\\"labelWidth\\\":100,\\\"formRules\\\":\\\"rules\\\",\\\"gutter\\\":15,\\\"disabled\\\":false,\\\"span\\\":24,\\\"formBtns\\\":true,\\\"remark\\\":\\\"求职意向\\\"}\", \"formData\": \"{\\\"fields\\\":[{\\\"layout\\\":\\\"colFormItem\\\",\\\"tagIcon\\\":\\\"input\\\",\\\"label\\\":\\\"手机号\\\",\\\"vModel\\\":\\\"mobile\\\",\\\"formId\\\":6,\\\"tag\\\":\\\"el-input\\\",\\\"placeholder\\\":\\\"请输入手机号\\\",\\\"defaultValue\\\":\\\"\\\",\\\"span\\\":24,\\\"style\\\":{\\\"width\\\":\\\"100%\\\"},\\\"clearable\\\":true,\\\"prepend\\\":\\\"\\\",\\\"append\\\":\\\"\\\",\\\"prefix-icon\\\":\\\"Cellphone\\\",\\\"suffix-icon\\\":\\\"\\\",\\\"maxlength\\\":11,\\\"show-word-limit\\\":true,\\\"readonly\\\":false,\\\"disabled\\\":false,\\\"required\\\":true,\\\"changeTag\\\":true,\\\"regList\\\":[{\\\"pattern\\\":\\\"/^1(3|4|5|7|8|9)\\\\\\\\d{9}$/\\\",\\\"message\\\":\\\"手机号格式错误\\\"}]},{\\\"label\\\":\\\"姓名\\\",\\\"tag\\\":\\\"el-input\\\",\\\"tagIcon\\\":\\\"input\\\",\\\"type\\\":\\\"text\\\",\\\"placeholder\\\":\\\"请输入姓名\\\",\\\"span\\\":24,\\\"labelWidth\\\":null,\\\"style\\\":{\\\"width\\\":\\\"100%\\\"},\\\"clearable\\\":true,\\\"prepend\\\":\\\"\\\",\\\"append\\\":\\\"\\\",\\\"prefix-icon\\\":\\\"\\\",\\\"suffix-icon\\\":\\\"\\\",\\\"maxlength\\\":null,\\\"show-word-limit\\\":false,\\\"readonly\\\":false,\\\"disabled\\\":false,\\\"required\\\":true,\\\"regList\\\":[],\\\"changeTag\\\":true,\\\"document\\\":\\\"https://element-plus.org/zh-CN/component/input\\\",\\\"formId\\\":101,\\\"renderKey\\\":1741421612633,\\\"layout\\\":\\\"colFormItem\\\",\\\"vModel\\\":\\\"name\\\"},{\\\"label\\\":\\\"年龄\\\",\\\"tag\\\":\\\"el-input\\\",\\\"tagIcon\\\":\\\"input\\\",\\\"type\\\":\\\"text\\\",\\\"placeholder\\\":\\\"请输入年龄\\\",\\\"span\\\":24,\\\"labelWidth\\\":null,\\\"style\\\":{\\\"width\\\":\\\"100%\\\"},\\\"clearable\\\":true,\\\"prepend\\\":\\\"\\\",\\\"append\\\":\\\"\\\",\\\"prefix-icon\\\":\\\"\\\",\\\"suffix-icon\\\":\\\"\\\",\\\"maxlength\\\":null,\\\"show-word-limit\\\":false,\\\"readonly\\\":false,\\\"disabled\\\":false,\\\"required\\\":true,\\\"regList\\\":[],\\\"changeTag\\\":true,\\\"document\\\":\\\"https://element-plus.org/zh-CN/component/input\\\",\\\"formId\\\":102,\\\"renderKey\\\":1741421625219,\\\"layout\\\":\\\"colFormItem\\\",\\\"vModel\\\":\\\"age\\\"},{\\\"label\\\":\\\"期望薪资\\\",\\\"tag\\\":\\\"el-input\\\",\\\"tagIcon\\\":\\\"input\\\",\\\"type\\\":\\\"text\\\",\\\"placeholder\\\":\\\"请输入期望薪资\\\",\\\"span\\\":24,\\\"labelWidth\\\":null,\\\"style\\\":{\\\"width\\\":\\\"100%\\\"},\\\"clearable\\\":true,\\\"prepend\\\":\\\"\\\",\\\"append\\\":\\\"\\\",\\\"prefix-icon\\\":\\\"\\\",\\\"suffix-icon\\\":\\\"\\\",\\\"maxlength\\\":null,\\\"show-word-limit\\\":false,\\\"readonly\\\":false,\\\"disabled\\\":false,\\\"required\\\":true,\\\"regList\\\":[],\\\"changeTag\\\":true,\\\"document\\\":\\\"https://element-plus.org/zh-CN/component/input\\\",\\\"formId\\\":103,\\\"renderKey\\\":1741421648331,\\\"layout\\\":\\\"colFormItem\\\",\\\"vModel\\\":\\\"salary\\\"},{\\\"label\\\":\\\"入职时间\\\",\\\"tag\\\":\\\"el-date-picker\\\",\\\"tagIcon\\\":\\\"date\\\",\\\"placeholder\\\":\\\"请选择入职时间\\\",\\\"defaultValue\\\":null,\\\"type\\\":\\\"date\\\",\\\"span\\\":24,\\\"labelWidth\\\":null,\\\"style\\\":{\\\"width\\\":\\\"100%\\\"},\\\"disabled\\\":false,\\\"clearable\\\":true,\\\"required\\\":true,\\\"format\\\":\\\"YYYY-MM-DD\\\",\\\"value-format\\\":\\\"YYYY-MM-DD\\\",\\\"readonly\\\":false,\\\"regList\\\":[],\\\"changeTag\\\":true,\\\"document\\\":\\\"https://element-plus.org/zh-CN/component/date-picker\\\",\\\"formId\\\":105,\\\"renderKey\\\":1741421688014,\\\"layout\\\":\\\"colFormItem\\\",\\\"vModel\\\":\\\"joinDate\\\"},{\\\"label\\\":\\\"下拉选择\\\",\\\"tag\\\":\\\"el-select\\\",\\\"tagIcon\\\":\\\"select\\\",\\\"placeholder\\\":\\\"请选择下拉选择\\\",\\\"span\\\":24,\\\"labelWidth\\\":null,\\\"style\\\":{\\\"width\\\":\\\"100%\\\"},\\\"clearable\\\":true,\\\"disabled\\\":false,\\\"required\\\":true,\\\"filterable\\\":false,\\\"multiple\\\":false,\\\"options\\\":[{\\\"label\\\":\\\"选项一\\\",\\\"value\\\":1},{\\\"label\\\":\\\"选项二\\\",\\\"value\\\":2}],\\\"regList\\\":[],\\\"changeTag\\\":true,\\\"document\\\":\\\"https://element-plus.org/zh-CN/component/select\\\",\\\"formId\\\":101,\\\"renderKey\\\":1741422501664,\\\"layout\\\":\\\"colFormItem\\\",\\\"vModel\\\":\\\"field101\\\"}],\\\"formRef\\\":\\\"formRef\\\",\\\"formModel\\\":\\\"formData\\\",\\\"size\\\":\\\"default\\\",\\\"labelPosition\\\":\\\"right\\\",\\\"labelWidth\\\":100,\\\"formRules\\\":\\\"rules\\\",\\\"gutter\\\":15,\\\"disabled\\\":false,\\\"span\\\":24,\\\"formBtns\\\":true,\\\"remark\\\":\\\"求职意向\\\"}\", \"generateConf\": \"{\\\"type\\\":\\\"file\\\"}\", \"drawingList\": \"[{\\\"layout\\\":\\\"colFormItem\\\",\\\"tagIcon\\\":\\\"input\\\",\\\"label\\\":\\\"手机号\\\",\\\"vModel\\\":\\\"mobile\\\",\\\"formId\\\":6,\\\"tag\\\":\\\"el-input\\\",\\\"placeholder\\\":\\\"请输入手机号\\\",\\\"defaultValue\\\":\\\"\\\",\\\"span\\\":24,\\\"style\\\":{\\\"width\\\":\\\"100%\\\"},\\\"clearable\\\":true,\\\"prepend\\\":\\\"\\\",\\\"append\\\":\\\"\\\",\\\"prefix-icon\\\":\\\"Cellphone\\\",\\\"suffix-icon\\\":\\\"\\\",\\\"maxlength\\\":11,\\\"show-word-limit\\\":true,\\\"readonly\\\":false,\\\"disabled\\\":false,\\\"required\\\":true,\\\"changeTag\\\":true,\\\"regList\\\":[{\\\"pattern\\\":\\\"/^1(3|4|5|7|8|9)\\\\\\\\d{9}$/\\\",\\\"message\\\":\\\"手机号格式错误\\\"}]},{\\\"label\\\":\\\"姓名\\\",\\\"tag\\\":\\\"el-input\\\",\\\"tagIcon\\\":\\\"input\\\",\\\"type\\\":\\\"text\\\",\\\"placeholder\\\":\\\"请输入姓名\\\",\\\"span\\\":24,\\\"labelWidth\\\":null,\\\"style\\\":{\\\"width\\\":\\\"100%\\\"},\\\"clearable\\\":true,\\\"prepend\\\":\\\"\\\",\\\"append\\\":\\\"\\\",\\\"prefix-icon\\\":\\\"\\\",\\\"suffix-icon\\\":\\\"\\\",\\\"maxlength\\\":null,\\\"show-word-limit\\\":false,\\\"readonly\\\":false,\\\"disabled\\\":false,\\\"required\\\":true,\\\"regList\\\":[],\\\"changeTag\\\":true,\\\"document\\\":\\\"https://element-plus.org/zh-CN/component/input\\\",\\\"formId\\\":101,\\\"renderKey\\\":1741421612633,\\\"layout\\\":\\\"colFormItem\\\",\\\"vModel\\\":\\\"name\\\"},{\\\"label\\\":\\\"年龄\\\",\\\"tag\\\":\\\"el-input\\\",\\\"tagIcon\\\":\\\"input\\\",\\\"type\\\":\\\"text\\\",\\\"placeholder\\\":\\\"请输入年龄\\\",\\\"span\\\":24,\\\"labelWidth\\\":null,\\\"style\\\":{\\\"width\\\":\\\"100%\\\"},\\\"clearable\\\":true,\\\"prepend\\\":\\\"\\\",\\\"append\\\":\\\"\\\",\\\"prefix-icon\\\":\\\"\\\",\\\"suffix-icon\\\":\\\"\\\",\\\"maxlength\\\":null,\\\"show-word-limit\\\":false,\\\"readonly\\\":false,\\\"disabled\\\":false,\\\"required\\\":true,\\\"regList\\\":[],\\\"changeTag\\\":true,\\\"document\\\":\\\"https://element-plus.org/zh-CN/component/input\\\",\\\"formId\\\":102,\\\"renderKey\\\":1741421625219,\\\"layout\\\":\\\"colFormItem\\\",\\\"vModel\\\":\\\"age\\\"},{\\\"label\\\":\\\"期望薪资\\\",\\\"tag\\\":\\\"el-input\\\",\\\"tagIcon\\\":\\\"input\\\",\\\"type\\\":\\\"text\\\",\\\"placeholder\\\":\\\"请输入期望薪资\\\",\\\"span\\\":24,\\\"labelWidth\\\":null,\\\"style\\\":{\\\"width\\\":\\\"100%\\\"},\\\"clearable\\\":true,\\\"prepend\\\":\\\"\\\",\\\"append\\\":\\\"\\\",\\\"prefix-icon\\\":\\\"\\\",\\\"suffix-icon\\\":\\\"\\\",\\\"maxlength\\\":null,\\\"show-word-limit\\\":false,\\\"readonly\\\":false,\\\"disabled\\\":false,\\\"required\\\":true,\\\"regList\\\":[],\\\"changeTag\\\":true,\\\"document\\\":\\\"https://element-plus.org/zh-CN/component/input\\\",\\\"formId\\\":103,\\\"renderKey\\\":1741421648331,\\\"layout\\\":\\\"colFormItem\\\",\\\"vModel\\\":\\\"salary\\\"},{\\\"label\\\":\\\"入职时间\\\",\\\"tag\\\":\\\"el-date-picker\\\",\\\"tagIcon\\\":\\\"date\\\",\\\"placeholder\\\":\\\"请选择入职时间\\\",\\\"defaultValue\\\":null,\\\"type\\\":\\\"date\\\",\\\"span\\\":24,\\\"labelWidth\\\":null,\\\"style\\\":{\\\"width\\\":\\\"100%\\\"},\\\"disabled\\\":false,\\\"clearable\\\":true,\\\"required\\\":true,\\\"format\\\":\\\"YYYY-MM-DD\\\",\\\"value-format\\\":\\\"YYYY-MM-DD\\\",\\\"readonly\\\":false,\\\"regList\\\":[],\\\"changeTag\\\":true,\\\"document\\\":\\\"https://element-plus.org/zh-CN/component/date-picker\\\",\\\"formId\\\":105,\\\"renderKey\\\":1741421688014,\\\"layout\\\":\\\"colFormItem\\\",\\\"vModel\\\":\\\"joinDate\\\"},{\\\"label\\\":\\\"下拉选择\\\",\\\"tag\\\":\\\"el-select\\\",\\\"tagIcon\\\":\\\"select\\\",\\\"placeholder\\\":\\\"请选择下拉选择\\\",\\\"span\\\":24,\\\"labelWidth\\\":null,\\\"style\\\":{\\\"width\\\":\\\"100%\\\"},\\\"clearable\\\":true,\\\"disabled\\\":false,\\\"required\\\":true,\\\"filterable\\\":false,\\\"multiple\\\":false,\\\"options\\\":[{\\\"label\\\":\\\"选项一\\\",\\\"value\\\":1},{\\\"label\\\":\\\"选项二\\\",\\\"value\\\":2}],\\\"regList\\\":[],\\\"changeTag\\\":true,\\\"document\\\":\\\"https://element-plus.org/zh-CN/component/select\\\",\\\"formId\\\":101,\\\"renderKey\\\":1741422501664,\\\"layout\\\":\\\"colFormItem\\\",\\\"vModel\\\":\\\"field101\\\"}]\", \"id\": 22, \"name\": \"求职意向\", \"updateTime\": \"2025-03-08T16:15:08\"}, \"success\": true, \"time\": \"2025-03-08T16:30:06.491426\"}', 0, '', '2025-03-08 16:30:06', 15);
INSERT INTO `sys_oper_log` (`oper_id`, `title`, `business_type`, `method`, `request_method`, `operator_type`, `oper_name`, `dept_name`, `oper_url`, `oper_ip`, `oper_location`, `oper_param`, `json_result`, `status`, `error_msg`, `oper_time`, `cost_time`) VALUES (1092, 'sys_form', 2, 'module_admin/controller/sys_form_controller.update_sys_form()', 'PUT', 1, 'admin', '研发部门', '/sys/form/update', '', '内网IP', '请求参数过长', '{\"code\": 200, \"msg\": \"操作成功\", \"data\": {\"content\": \"<template>\\n  <div class=\\\"app-container\\\">\\n    <el-form ref=\\\"formRef\\\" :model=\\\"formData\\\" :rules=\\\"rules\\\" size=\\\"default\\\" label-width=\\\"100px\\\">\\n      <el-form-item label=\\\"手机号\\\" prop=\\\"mobile\\\">\\n        <el-input v-model=\\\"formData.mobile\\\" placeholder=\\\"请输入手机号\\\" :maxlength=\\\"11\\\" show-word-limit clearable\\n          prefix-icon=\'Cellphone\' :style=\\\"{width: \'100%\'}\\\"></el-input>\\n      </el-form-item>\\n      <el-form-item label=\\\"姓名\\\" prop=\\\"name\\\">\\n        <el-input v-model=\\\"formData.name\\\" type=\\\"text\\\" placeholder=\\\"请输入姓名\\\" clearable\\n          :style=\\\"{width: \'100%\'}\\\"></el-input>\\n      </el-form-item>\\n      <el-form-item label=\\\"年龄\\\" prop=\\\"age\\\">\\n        <el-input v-model=\\\"formData.age\\\" type=\\\"text\\\" placeholder=\\\"请输入年龄\\\" clearable\\n          :style=\\\"{width: \'100%\'}\\\"></el-input>\\n      </el-form-item>\\n      <el-form-item label=\\\"期望薪资\\\" prop=\\\"salary\\\">\\n        <el-input v-model=\\\"formData.salary\\\" type=\\\"text\\\" placeholder=\\\"请输入期望薪资\\\" clearable\\n          :style=\\\"{width: \'100%\'}\\\"></el-input>\\n      </el-form-item>\\n      <el-form-item label=\\\"入职时间\\\" prop=\\\"joinDate\\\">\\n        <el-date-picker v-model=\\\"formData.joinDate\\\" format=\\\"YYYY-MM-DD\\\" value-format=\\\"YYYY-MM-DD\\\"\\n          :style=\\\"{width: \'100%\'}\\\" placeholder=\\\"请选择入职时间\\\" clearable></el-date-picker>\\n      </el-form-item>\\n      <el-form-item label=\\\"考虑出国\\\" prop=\\\"aboard\\\">\\n        <el-select v-model=\\\"formData.aboard\\\" placeholder=\\\"请选择下拉选择考虑出国\\\" clearable :style=\\\"{width: \'100%\'}\\\">\\n          <el-option v-for=\\\"(item, index) in aboardOptions\\\" :key=\\\"index\\\" :label=\\\"item.label\\\"\\n            :value=\\\"item.value\\\" :disabled=\\\"item.disabled\\\"></el-option>\\n        </el-select>\\n      </el-form-item>\\n      <el-form-item>\\n        <el-button type=\\\"primary\\\" @click=\\\"submitForm\\\">提交</el-button>\\n        <el-button @click=\\\"resetForm\\\">重置</el-button>\\n      </el-form-item>\\n    </el-form>\\n  </div>\\n</template>\\n<script setup>\\nimport {\\n  addForm_data\\n}\\nfrom \'@/api/system/form_data\'\\nconst {\\n  proxy\\n} = getCurrentInstance()\\nconst formRef = ref()\\nconst data = reactive({\\n  formData: {\\n    mobile: \'\',\\n    name: undefined,\\n    age: undefined,\\n    salary: undefined,\\n    joinDate: null,\\n    aboard: undefined,\\n  },\\n  rules: {\\n    mobile: [{\\n      required: true,\\n      message: \'请输入手机号\',\\n      trigger: \'blur\'\\n    }, {\\n      pattern: new RegExp(/^1(3|4|5|7|8|9)\\\\d{9}$/),\\n      message: \'手机号格式错误\',\\n      trigger: \'blur\'\\n    }],\\n    name: [{\\n      required: true,\\n      message: \'请输入姓名\',\\n      trigger: \'blur\'\\n    }],\\n    age: [{\\n      required: true,\\n      message: \'请输入年龄\',\\n      trigger: \'blur\'\\n    }],\\n    salary: [{\\n      required: true,\\n      message: \'请输入期望薪资\',\\n      trigger: \'blur\'\\n    }],\\n    joinDate: [{\\n      required: true,\\n      message: \'请选择入职时间\',\\n      trigger: \'change\'\\n    }],\\n    aboard: [{\\n      required: true,\\n      message: \'请选择下拉选择考虑出国\',\\n      trigger: \'change\'\\n    }],\\n  }\\n})\\nconst {\\n  formData,\\n  rules\\n} = toRefs(data)\\nconst aboardOptions = ref([{\\n  \\\"label\\\": \\\"是\\\",\\n  \\\"value\\\": 1\\n}, {\\n  \\\"label\\\": \\\"否\\\",\\n  \\\"value\\\": 0\\n}])\\n/**\\n * @name: 表单提交\\n * @description: 表单提交方法\\n * @return {*}\\n */\\nfunction submitForm() {\\n  formRef.value.validate((valid) => {\\n    if (!valid) return\\n    // 提交表单\\n    addForm_data(formData).then((response) => {\\n      proxy.$modal.msgSuccess(\'新增成功\')\\n      resetForm()\\n    })\\n  })\\n}\\n/**\\n * @name: 表单重置\\n * @description: 表单重置方法\\n * @return {*}\\n */\\nfunction resetForm() {\\n  formRef.value.resetFields()\\n}\\n\\n</script>\\n<style>\\n</style>\\n\", \"createBy\": 1, \"createTime\": \"2025-03-08T16:15:08\", \"delFlag\": \"0\", \"deptId\": 103, \"formConf\": \"{\\\"formRef\\\":\\\"formRef\\\",\\\"formModel\\\":\\\"formData\\\",\\\"size\\\":\\\"default\\\",\\\"labelPosition\\\":\\\"right\\\",\\\"labelWidth\\\":100,\\\"formRules\\\":\\\"rules\\\",\\\"gutter\\\":15,\\\"disabled\\\":false,\\\"span\\\":24,\\\"formBtns\\\":true,\\\"remark\\\":\\\"求职意向\\\"}\", \"formData\": \"{\\\"fields\\\":[{\\\"layout\\\":\\\"colFormItem\\\",\\\"tagIcon\\\":\\\"input\\\",\\\"label\\\":\\\"手机号\\\",\\\"vModel\\\":\\\"mobile\\\",\\\"formId\\\":6,\\\"tag\\\":\\\"el-input\\\",\\\"placeholder\\\":\\\"请输入手机号\\\",\\\"defaultValue\\\":\\\"\\\",\\\"span\\\":24,\\\"style\\\":{\\\"width\\\":\\\"100%\\\"},\\\"clearable\\\":true,\\\"prepend\\\":\\\"\\\",\\\"append\\\":\\\"\\\",\\\"prefix-icon\\\":\\\"Cellphone\\\",\\\"suffix-icon\\\":\\\"\\\",\\\"maxlength\\\":11,\\\"show-word-limit\\\":true,\\\"readonly\\\":false,\\\"disabled\\\":false,\\\"required\\\":true,\\\"changeTag\\\":true,\\\"regList\\\":[{\\\"pattern\\\":\\\"/^1(3|4|5|7|8|9)\\\\\\\\d{9}$/\\\",\\\"message\\\":\\\"手机号格式错误\\\"}]},{\\\"label\\\":\\\"姓名\\\",\\\"tag\\\":\\\"el-input\\\",\\\"tagIcon\\\":\\\"input\\\",\\\"type\\\":\\\"text\\\",\\\"placeholder\\\":\\\"请输入姓名\\\",\\\"span\\\":24,\\\"labelWidth\\\":null,\\\"style\\\":{\\\"width\\\":\\\"100%\\\"},\\\"clearable\\\":true,\\\"prepend\\\":\\\"\\\",\\\"append\\\":\\\"\\\",\\\"prefix-icon\\\":\\\"\\\",\\\"suffix-icon\\\":\\\"\\\",\\\"maxlength\\\":null,\\\"show-word-limit\\\":false,\\\"readonly\\\":false,\\\"disabled\\\":false,\\\"required\\\":true,\\\"regList\\\":[],\\\"changeTag\\\":true,\\\"document\\\":\\\"https://element-plus.org/zh-CN/component/input\\\",\\\"formId\\\":101,\\\"renderKey\\\":1741421612633,\\\"layout\\\":\\\"colFormItem\\\",\\\"vModel\\\":\\\"name\\\"},{\\\"label\\\":\\\"年龄\\\",\\\"tag\\\":\\\"el-input\\\",\\\"tagIcon\\\":\\\"input\\\",\\\"type\\\":\\\"text\\\",\\\"placeholder\\\":\\\"请输入年龄\\\",\\\"span\\\":24,\\\"labelWidth\\\":null,\\\"style\\\":{\\\"width\\\":\\\"100%\\\"},\\\"clearable\\\":true,\\\"prepend\\\":\\\"\\\",\\\"append\\\":\\\"\\\",\\\"prefix-icon\\\":\\\"\\\",\\\"suffix-icon\\\":\\\"\\\",\\\"maxlength\\\":null,\\\"show-word-limit\\\":false,\\\"readonly\\\":false,\\\"disabled\\\":false,\\\"required\\\":true,\\\"regList\\\":[],\\\"changeTag\\\":true,\\\"document\\\":\\\"https://element-plus.org/zh-CN/component/input\\\",\\\"formId\\\":102,\\\"renderKey\\\":1741421625219,\\\"layout\\\":\\\"colFormItem\\\",\\\"vModel\\\":\\\"age\\\"},{\\\"label\\\":\\\"期望薪资\\\",\\\"tag\\\":\\\"el-input\\\",\\\"tagIcon\\\":\\\"input\\\",\\\"type\\\":\\\"text\\\",\\\"placeholder\\\":\\\"请输入期望薪资\\\",\\\"span\\\":24,\\\"labelWidth\\\":null,\\\"style\\\":{\\\"width\\\":\\\"100%\\\"},\\\"clearable\\\":true,\\\"prepend\\\":\\\"\\\",\\\"append\\\":\\\"\\\",\\\"prefix-icon\\\":\\\"\\\",\\\"suffix-icon\\\":\\\"\\\",\\\"maxlength\\\":null,\\\"show-word-limit\\\":false,\\\"readonly\\\":false,\\\"disabled\\\":false,\\\"required\\\":true,\\\"regList\\\":[],\\\"changeTag\\\":true,\\\"document\\\":\\\"https://element-plus.org/zh-CN/component/input\\\",\\\"formId\\\":103,\\\"renderKey\\\":1741421648331,\\\"layout\\\":\\\"colFormItem\\\",\\\"vModel\\\":\\\"salary\\\"},{\\\"label\\\":\\\"入职时间\\\",\\\"tag\\\":\\\"el-date-picker\\\",\\\"tagIcon\\\":\\\"date\\\",\\\"placeholder\\\":\\\"请选择入职时间\\\",\\\"defaultValue\\\":null,\\\"type\\\":\\\"date\\\",\\\"span\\\":24,\\\"labelWidth\\\":null,\\\"style\\\":{\\\"width\\\":\\\"100%\\\"},\\\"disabled\\\":false,\\\"clearable\\\":true,\\\"required\\\":true,\\\"format\\\":\\\"YYYY-MM-DD\\\",\\\"value-format\\\":\\\"YYYY-MM-DD\\\",\\\"readonly\\\":false,\\\"regList\\\":[],\\\"changeTag\\\":true,\\\"document\\\":\\\"https://element-plus.org/zh-CN/component/date-picker\\\",\\\"formId\\\":105,\\\"renderKey\\\":1741421688014,\\\"layout\\\":\\\"colFormItem\\\",\\\"vModel\\\":\\\"joinDate\\\"},{\\\"label\\\":\\\"考虑出国\\\",\\\"tag\\\":\\\"el-select\\\",\\\"tagIcon\\\":\\\"select\\\",\\\"placeholder\\\":\\\"请选择下拉选择考虑出国\\\",\\\"span\\\":24,\\\"labelWidth\\\":null,\\\"style\\\":{\\\"width\\\":\\\"100%\\\"},\\\"clearable\\\":true,\\\"disabled\\\":false,\\\"required\\\":true,\\\"filterable\\\":false,\\\"multiple\\\":false,\\\"options\\\":[{\\\"label\\\":\\\"是\\\",\\\"value\\\":1},{\\\"label\\\":\\\"否\\\",\\\"value\\\":0}],\\\"regList\\\":[],\\\"changeTag\\\":true,\\\"document\\\":\\\"https://element-plus.org/zh-CN/component/select\\\",\\\"formId\\\":101,\\\"renderKey\\\":1741422501664,\\\"layout\\\":\\\"colFormItem\\\",\\\"vModel\\\":\\\"aboard\\\"}],\\\"formRef\\\":\\\"formRef\\\",\\\"formModel\\\":\\\"formData\\\",\\\"size\\\":\\\"default\\\",\\\"labelPosition\\\":\\\"right\\\",\\\"labelWidth\\\":100,\\\"formRules\\\":\\\"rules\\\",\\\"gutter\\\":15,\\\"disabled\\\":false,\\\"span\\\":24,\\\"formBtns\\\":true,\\\"remark\\\":\\\"求职意向\\\"}\", \"generateConf\": \"{\\\"type\\\":\\\"file\\\"}\", \"drawingList\": \"[{\\\"layout\\\":\\\"colFormItem\\\",\\\"tagIcon\\\":\\\"input\\\",\\\"label\\\":\\\"手机号\\\",\\\"vModel\\\":\\\"mobile\\\",\\\"formId\\\":6,\\\"tag\\\":\\\"el-input\\\",\\\"placeholder\\\":\\\"请输入手机号\\\",\\\"defaultValue\\\":\\\"\\\",\\\"span\\\":24,\\\"style\\\":{\\\"width\\\":\\\"100%\\\"},\\\"clearable\\\":true,\\\"prepend\\\":\\\"\\\",\\\"append\\\":\\\"\\\",\\\"prefix-icon\\\":\\\"Cellphone\\\",\\\"suffix-icon\\\":\\\"\\\",\\\"maxlength\\\":11,\\\"show-word-limit\\\":true,\\\"readonly\\\":false,\\\"disabled\\\":false,\\\"required\\\":true,\\\"changeTag\\\":true,\\\"regList\\\":[{\\\"pattern\\\":\\\"/^1(3|4|5|7|8|9)\\\\\\\\d{9}$/\\\",\\\"message\\\":\\\"手机号格式错误\\\"}]},{\\\"label\\\":\\\"姓名\\\",\\\"tag\\\":\\\"el-input\\\",\\\"tagIcon\\\":\\\"input\\\",\\\"type\\\":\\\"text\\\",\\\"placeholder\\\":\\\"请输入姓名\\\",\\\"span\\\":24,\\\"labelWidth\\\":null,\\\"style\\\":{\\\"width\\\":\\\"100%\\\"},\\\"clearable\\\":true,\\\"prepend\\\":\\\"\\\",\\\"append\\\":\\\"\\\",\\\"prefix-icon\\\":\\\"\\\",\\\"suffix-icon\\\":\\\"\\\",\\\"maxlength\\\":null,\\\"show-word-limit\\\":false,\\\"readonly\\\":false,\\\"disabled\\\":false,\\\"required\\\":true,\\\"regList\\\":[],\\\"changeTag\\\":true,\\\"document\\\":\\\"https://element-plus.org/zh-CN/component/input\\\",\\\"formId\\\":101,\\\"renderKey\\\":1741421612633,\\\"layout\\\":\\\"colFormItem\\\",\\\"vModel\\\":\\\"name\\\"},{\\\"label\\\":\\\"年龄\\\",\\\"tag\\\":\\\"el-input\\\",\\\"tagIcon\\\":\\\"input\\\",\\\"type\\\":\\\"text\\\",\\\"placeholder\\\":\\\"请输入年龄\\\",\\\"span\\\":24,\\\"labelWidth\\\":null,\\\"style\\\":{\\\"width\\\":\\\"100%\\\"},\\\"clearable\\\":true,\\\"prepend\\\":\\\"\\\",\\\"append\\\":\\\"\\\",\\\"prefix-icon\\\":\\\"\\\",\\\"suffix-icon\\\":\\\"\\\",\\\"maxlength\\\":null,\\\"show-word-limit\\\":false,\\\"readonly\\\":false,\\\"disabled\\\":false,\\\"required\\\":true,\\\"regList\\\":[],\\\"changeTag\\\":true,\\\"document\\\":\\\"https://element-plus.org/zh-CN/component/input\\\",\\\"formId\\\":102,\\\"renderKey\\\":1741421625219,\\\"layout\\\":\\\"colFormItem\\\",\\\"vModel\\\":\\\"age\\\"},{\\\"label\\\":\\\"期望薪资\\\",\\\"tag\\\":\\\"el-input\\\",\\\"tagIcon\\\":\\\"input\\\",\\\"type\\\":\\\"text\\\",\\\"placeholder\\\":\\\"请输入期望薪资\\\",\\\"span\\\":24,\\\"labelWidth\\\":null,\\\"style\\\":{\\\"width\\\":\\\"100%\\\"},\\\"clearable\\\":true,\\\"prepend\\\":\\\"\\\",\\\"append\\\":\\\"\\\",\\\"prefix-icon\\\":\\\"\\\",\\\"suffix-icon\\\":\\\"\\\",\\\"maxlength\\\":null,\\\"show-word-limit\\\":false,\\\"readonly\\\":false,\\\"disabled\\\":false,\\\"required\\\":true,\\\"regList\\\":[],\\\"changeTag\\\":true,\\\"document\\\":\\\"https://element-plus.org/zh-CN/component/input\\\",\\\"formId\\\":103,\\\"renderKey\\\":1741421648331,\\\"layout\\\":\\\"colFormItem\\\",\\\"vModel\\\":\\\"salary\\\"},{\\\"label\\\":\\\"入职时间\\\",\\\"tag\\\":\\\"el-date-picker\\\",\\\"tagIcon\\\":\\\"date\\\",\\\"placeholder\\\":\\\"请选择入职时间\\\",\\\"defaultValue\\\":null,\\\"type\\\":\\\"date\\\",\\\"span\\\":24,\\\"labelWidth\\\":null,\\\"style\\\":{\\\"width\\\":\\\"100%\\\"},\\\"disabled\\\":false,\\\"clearable\\\":true,\\\"required\\\":true,\\\"format\\\":\\\"YYYY-MM-DD\\\",\\\"value-format\\\":\\\"YYYY-MM-DD\\\",\\\"readonly\\\":false,\\\"regList\\\":[],\\\"changeTag\\\":true,\\\"document\\\":\\\"https://element-plus.org/zh-CN/component/date-picker\\\",\\\"formId\\\":105,\\\"renderKey\\\":1741421688014,\\\"layout\\\":\\\"colFormItem\\\",\\\"vModel\\\":\\\"joinDate\\\"},{\\\"label\\\":\\\"考虑出国\\\",\\\"tag\\\":\\\"el-select\\\",\\\"tagIcon\\\":\\\"select\\\",\\\"placeholder\\\":\\\"请选择下拉选择考虑出国\\\",\\\"span\\\":24,\\\"labelWidth\\\":null,\\\"style\\\":{\\\"width\\\":\\\"100%\\\"},\\\"clearable\\\":true,\\\"disabled\\\":false,\\\"required\\\":true,\\\"filterable\\\":false,\\\"multiple\\\":false,\\\"options\\\":[{\\\"label\\\":\\\"是\\\",\\\"value\\\":1},{\\\"label\\\":\\\"否\\\",\\\"value\\\":0}],\\\"regList\\\":[],\\\"changeTag\\\":true,\\\"document\\\":\\\"https://element-plus.org/zh-CN/component/select\\\",\\\"formId\\\":101,\\\"renderKey\\\":1741422501664,\\\"layout\\\":\\\"colFormItem\\\",\\\"vModel\\\":\\\"aboard\\\"}]\", \"id\": 22, \"name\": \"求职意向\", \"updateTime\": \"2025-03-08T16:15:08\"}, \"success\": true, \"time\": \"2025-03-08T16:30:59.144762\"}', 0, '', '2025-03-08 16:30:59', 15);
INSERT INTO `sys_oper_log` (`oper_id`, `title`, `business_type`, `method`, `request_method`, `operator_type`, `oper_name`, `dept_name`, `oper_url`, `oper_ip`, `oper_location`, `oper_param`, `json_result`, `status`, `error_msg`, `oper_time`, `cost_time`) VALUES (1093, '菜单管理', 1, 'module_admin/controller/menu_controller.add_system_menu()', 'POST', 1, 'admin', '研发部门', '/system/menu', '', '内网IP', '{\"parentId\": 2028, \"menuName\": \"测试表单\", \"icon\": \"dict\", \"menuType\": \"C\", \"orderNum\": 2, \"isFrame\": 1, \"isCache\": 0, \"visible\": \"0\", \"status\": \"0\", \"path\": \"jobIntent\", \"component\": \"form/test/jobIntent\"}', '{\"code\": 200, \"msg\": \"新增成功\", \"success\": true, \"time\": \"2025-03-08T16:33:24.918565\"}', 0, '', '2025-03-08 16:33:25', 12);
INSERT INTO `sys_oper_log` (`oper_id`, `title`, `business_type`, `method`, `request_method`, `operator_type`, `oper_name`, `dept_name`, `oper_url`, `oper_ip`, `oper_location`, `oper_param`, `json_result`, `status`, `error_msg`, `oper_time`, `cost_time`) VALUES (1094, '菜单管理', 2, 'module_admin/controller/menu_controller.edit_system_menu()', 'PUT', 1, 'admin', '研发部门', '/system/menu', '', '内网IP', '{\"menuId\": 2089, \"menuName\": \"测试表单\", \"parentId\": 2028, \"orderNum\": 2, \"path\": \"jobIntent\", \"component\": \"form/jobIntent/index\", \"query\": null, \"routeName\": \"\", \"isFrame\": 1, \"isCache\": 0, \"menuType\": \"C\", \"visible\": \"0\", \"status\": \"0\", \"perms\": null, \"icon\": \"dict\", \"createBy\": \"admin\", \"createTime\": \"2025-03-08T16:33:25\", \"updateBy\": \"admin\", \"updateTime\": \"2025-03-08T16:33:25\", \"remark\": \"\"}', '{\"code\": 200, \"msg\": \"更新成功\", \"success\": true, \"time\": \"2025-03-08T16:34:23.047535\"}', 0, '', '2025-03-08 16:34:23', 18);
INSERT INTO `sys_oper_log` (`oper_id`, `title`, `business_type`, `method`, `request_method`, `operator_type`, `oper_name`, `dept_name`, `oper_url`, `oper_ip`, `oper_location`, `oper_param`, `json_result`, `status`, `error_msg`, `oper_time`, `cost_time`) VALUES (1095, '菜单管理', 2, 'module_admin/controller/menu_controller.edit_system_menu()', 'PUT', 1, 'admin', '研发部门', '/system/menu', '', '内网IP', '{\"menuId\": 2077, \"menuName\": \"司机信息\", \"parentId\": 2028, \"orderNum\": 1, \"path\": \"car_driver\", \"component\": \"car/driver/index\", \"query\": null, \"routeName\": \"\", \"isFrame\": 1, \"isCache\": 0, \"menuType\": \"C\", \"visible\": \"0\", \"status\": \"0\", \"perms\": \"car:driver:list\", \"icon\": \"peoples\", \"createBy\": \"admin\", \"createTime\": \"2025-02-18T23:56:27\", \"updateBy\": \"\", \"updateTime\": null, \"remark\": \"司机信息菜单\"}', '{\"code\": 200, \"msg\": \"更新成功\", \"success\": true, \"time\": \"2025-03-08T16:35:18.744504\"}', 0, '', '2025-03-08 16:35:19', 17);
INSERT INTO `sys_oper_log` (`oper_id`, `title`, `business_type`, `method`, `request_method`, `operator_type`, `oper_name`, `dept_name`, `oper_url`, `oper_ip`, `oper_location`, `oper_param`, `json_result`, `status`, `error_msg`, `oper_time`, `cost_time`) VALUES (1096, 'sys_form', 2, 'module_admin/controller/sys_form_controller.update_sys_form()', 'PUT', 1, 'admin', '研发部门', '/sys/form/update', '', '内网IP', '请求参数过长', '{\"code\": 200, \"msg\": \"操作成功\", \"data\": {\"content\": \"<template>\\n  <div class=\\\"app-container\\\">\\n    <el-form ref=\\\"formRef\\\" :model=\\\"formData\\\" :rules=\\\"rules\\\" size=\\\"default\\\" label-width=\\\"100px\\\">\\n      <el-form-item label=\\\"手机号\\\" prop=\\\"mobile\\\">\\n        <el-input v-model=\\\"formData.mobile\\\" placeholder=\\\"请输入手机号\\\" :maxlength=\\\"11\\\" show-word-limit clearable\\n          prefix-icon=\'Cellphone\' :style=\\\"{width: \'100%\'}\\\"></el-input>\\n      </el-form-item>\\n      <el-form-item label=\\\"姓名\\\" prop=\\\"name\\\">\\n        <el-input v-model=\\\"formData.name\\\" type=\\\"text\\\" placeholder=\\\"请输入姓名\\\" clearable\\n          :style=\\\"{width: \'100%\'}\\\"></el-input>\\n      </el-form-item>\\n      <el-form-item label=\\\"年龄\\\" prop=\\\"age\\\">\\n        <el-input v-model=\\\"formData.age\\\" type=\\\"text\\\" placeholder=\\\"请输入年龄\\\" clearable\\n          :style=\\\"{width: \'100%\'}\\\"></el-input>\\n      </el-form-item>\\n      <el-form-item label=\\\"期望薪资\\\" prop=\\\"salary\\\">\\n        <el-input v-model=\\\"formData.salary\\\" type=\\\"text\\\" placeholder=\\\"请输入期望薪资\\\" clearable\\n          :style=\\\"{width: \'100%\'}\\\"></el-input>\\n      </el-form-item>\\n      <el-form-item label=\\\"入职时间\\\" prop=\\\"joinDate\\\">\\n        <el-date-picker v-model=\\\"formData.joinDate\\\" format=\\\"YYYY-MM-DD\\\" value-format=\\\"YYYY-MM-DD\\\"\\n          :style=\\\"{width: \'100%\'}\\\" placeholder=\\\"请选择入职时间\\\" clearable></el-date-picker>\\n      </el-form-item>\\n      <el-form-item>\\n        <el-button type=\\\"primary\\\" @click=\\\"submitForm\\\">提交</el-button>\\n        <el-button @click=\\\"resetForm\\\">重置</el-button>\\n      </el-form-item>\\n    </el-form>\\n  </div>\\n</template>\\n<script setup>\\nimport {\\n  addForm_data\\n}\\nfrom \'@/api/system/form_data\'\\nconst {\\n  proxy\\n} = getCurrentInstance()\\nconst formRef = ref()\\nconst data = reactive({\\n  formData: {\\n    mobile: \'\',\\n    name: undefined,\\n    age: undefined,\\n    salary: undefined,\\n    joinDate: null,\\n  },\\n  rules: {\\n    mobile: [{\\n      required: true,\\n      message: \'请输入手机号\',\\n      trigger: \'blur\'\\n    }, {\\n      pattern: new RegExp(/^1(3|4|5|7|8|9)\\\\d{9}$/),\\n      message: \'手机号格式错误\',\\n      trigger: \'blur\'\\n    }],\\n    name: [{\\n      required: true,\\n      message: \'请输入姓名\',\\n      trigger: \'blur\'\\n    }],\\n    age: [{\\n      required: true,\\n      message: \'请输入年龄\',\\n      trigger: \'blur\'\\n    }],\\n    salary: [{\\n      required: true,\\n      message: \'请输入期望薪资\',\\n      trigger: \'blur\'\\n    }],\\n    joinDate: [{\\n      required: true,\\n      message: \'请选择入职时间\',\\n      trigger: \'change\'\\n    }],\\n  }\\n})\\nconst {\\n  formData,\\n  rules\\n} = toRefs(data)\\n/**\\n * @name: 表单提交\\n * @description: 表单提交方法\\n * @return {*}\\n */\\nfunction submitForm() {\\n  formRef.value.validate((valid) => {\\n    if (!valid) return\\n    // 提交表单\\n    addForm_data(formData).then((response) => {\\n      proxy.$modal.msgSuccess(\'新增成功\')\\n      resetForm()\\n    })\\n  })\\n}\\n/**\\n * @name: 表单重置\\n * @description: 表单重置方法\\n * @return {*}\\n */\\nfunction resetForm() {\\n  formRef.value.resetFields()\\n}\\n\\n</script>\\n<style>\\n</style>\\n\", \"createBy\": 1, \"createTime\": \"2025-03-08T16:15:08\", \"delFlag\": \"0\", \"deptId\": 103, \"formConf\": \"{\\\"formRef\\\":\\\"formRef\\\",\\\"formModel\\\":\\\"formData\\\",\\\"size\\\":\\\"default\\\",\\\"labelPosition\\\":\\\"right\\\",\\\"labelWidth\\\":100,\\\"formRules\\\":\\\"rules\\\",\\\"gutter\\\":15,\\\"disabled\\\":false,\\\"span\\\":24,\\\"formBtns\\\":true,\\\"remark\\\":\\\"求职意向\\\"}\", \"formData\": \"{\\\"fields\\\":[{\\\"layout\\\":\\\"colFormItem\\\",\\\"tagIcon\\\":\\\"input\\\",\\\"label\\\":\\\"手机号\\\",\\\"vModel\\\":\\\"mobile\\\",\\\"formId\\\":6,\\\"tag\\\":\\\"el-input\\\",\\\"placeholder\\\":\\\"请输入手机号\\\",\\\"defaultValue\\\":\\\"\\\",\\\"span\\\":24,\\\"style\\\":{\\\"width\\\":\\\"100%\\\"},\\\"clearable\\\":true,\\\"prepend\\\":\\\"\\\",\\\"append\\\":\\\"\\\",\\\"prefix-icon\\\":\\\"Cellphone\\\",\\\"suffix-icon\\\":\\\"\\\",\\\"maxlength\\\":11,\\\"show-word-limit\\\":true,\\\"readonly\\\":false,\\\"disabled\\\":false,\\\"required\\\":true,\\\"changeTag\\\":true,\\\"regList\\\":[{\\\"pattern\\\":\\\"/^1(3|4|5|7|8|9)\\\\\\\\d{9}$/\\\",\\\"message\\\":\\\"手机号格式错误\\\"}]},{\\\"label\\\":\\\"姓名\\\",\\\"tag\\\":\\\"el-input\\\",\\\"tagIcon\\\":\\\"input\\\",\\\"type\\\":\\\"text\\\",\\\"placeholder\\\":\\\"请输入姓名\\\",\\\"span\\\":24,\\\"labelWidth\\\":null,\\\"style\\\":{\\\"width\\\":\\\"100%\\\"},\\\"clearable\\\":true,\\\"prepend\\\":\\\"\\\",\\\"append\\\":\\\"\\\",\\\"prefix-icon\\\":\\\"\\\",\\\"suffix-icon\\\":\\\"\\\",\\\"maxlength\\\":null,\\\"show-word-limit\\\":false,\\\"readonly\\\":false,\\\"disabled\\\":false,\\\"required\\\":true,\\\"regList\\\":[],\\\"changeTag\\\":true,\\\"document\\\":\\\"https://element-plus.org/zh-CN/component/input\\\",\\\"formId\\\":101,\\\"renderKey\\\":1741421612633,\\\"layout\\\":\\\"colFormItem\\\",\\\"vModel\\\":\\\"name\\\"},{\\\"label\\\":\\\"年龄\\\",\\\"tag\\\":\\\"el-input\\\",\\\"tagIcon\\\":\\\"input\\\",\\\"type\\\":\\\"text\\\",\\\"placeholder\\\":\\\"请输入年龄\\\",\\\"span\\\":24,\\\"labelWidth\\\":null,\\\"style\\\":{\\\"width\\\":\\\"100%\\\"},\\\"clearable\\\":true,\\\"prepend\\\":\\\"\\\",\\\"append\\\":\\\"\\\",\\\"prefix-icon\\\":\\\"\\\",\\\"suffix-icon\\\":\\\"\\\",\\\"maxlength\\\":null,\\\"show-word-limit\\\":false,\\\"readonly\\\":false,\\\"disabled\\\":false,\\\"required\\\":true,\\\"regList\\\":[],\\\"changeTag\\\":true,\\\"document\\\":\\\"https://element-plus.org/zh-CN/component/input\\\",\\\"formId\\\":102,\\\"renderKey\\\":1741421625219,\\\"layout\\\":\\\"colFormItem\\\",\\\"vModel\\\":\\\"age\\\"},{\\\"label\\\":\\\"期望薪资\\\",\\\"tag\\\":\\\"el-input\\\",\\\"tagIcon\\\":\\\"input\\\",\\\"type\\\":\\\"text\\\",\\\"placeholder\\\":\\\"请输入期望薪资\\\",\\\"span\\\":24,\\\"labelWidth\\\":null,\\\"style\\\":{\\\"width\\\":\\\"100%\\\"},\\\"clearable\\\":true,\\\"prepend\\\":\\\"\\\",\\\"append\\\":\\\"\\\",\\\"prefix-icon\\\":\\\"\\\",\\\"suffix-icon\\\":\\\"\\\",\\\"maxlength\\\":null,\\\"show-word-limit\\\":false,\\\"readonly\\\":false,\\\"disabled\\\":false,\\\"required\\\":true,\\\"regList\\\":[],\\\"changeTag\\\":true,\\\"document\\\":\\\"https://element-plus.org/zh-CN/component/input\\\",\\\"formId\\\":103,\\\"renderKey\\\":1741421648331,\\\"layout\\\":\\\"colFormItem\\\",\\\"vModel\\\":\\\"salary\\\"},{\\\"label\\\":\\\"入职时间\\\",\\\"tag\\\":\\\"el-date-picker\\\",\\\"tagIcon\\\":\\\"date\\\",\\\"placeholder\\\":\\\"请选择入职时间\\\",\\\"defaultValue\\\":null,\\\"type\\\":\\\"date\\\",\\\"span\\\":24,\\\"labelWidth\\\":null,\\\"style\\\":{\\\"width\\\":\\\"100%\\\"},\\\"disabled\\\":false,\\\"clearable\\\":true,\\\"required\\\":true,\\\"format\\\":\\\"YYYY-MM-DD\\\",\\\"value-format\\\":\\\"YYYY-MM-DD\\\",\\\"readonly\\\":false,\\\"regList\\\":[],\\\"changeTag\\\":true,\\\"document\\\":\\\"https://element-plus.org/zh-CN/component/date-picker\\\",\\\"formId\\\":105,\\\"renderKey\\\":1741421688014,\\\"layout\\\":\\\"colFormItem\\\",\\\"vModel\\\":\\\"joinDate\\\"}],\\\"formRef\\\":\\\"formRef\\\",\\\"formModel\\\":\\\"formData\\\",\\\"size\\\":\\\"default\\\",\\\"labelPosition\\\":\\\"right\\\",\\\"labelWidth\\\":100,\\\"formRules\\\":\\\"rules\\\",\\\"gutter\\\":15,\\\"disabled\\\":false,\\\"span\\\":24,\\\"formBtns\\\":true,\\\"remark\\\":\\\"求职意向\\\"}\", \"generateConf\": \"{\\\"type\\\":\\\"file\\\"}\", \"drawingList\": \"[{\\\"layout\\\":\\\"colFormItem\\\",\\\"tagIcon\\\":\\\"input\\\",\\\"label\\\":\\\"手机号\\\",\\\"vModel\\\":\\\"mobile\\\",\\\"formId\\\":6,\\\"tag\\\":\\\"el-input\\\",\\\"placeholder\\\":\\\"请输入手机号\\\",\\\"defaultValue\\\":\\\"\\\",\\\"span\\\":24,\\\"style\\\":{\\\"width\\\":\\\"100%\\\"},\\\"clearable\\\":true,\\\"prepend\\\":\\\"\\\",\\\"append\\\":\\\"\\\",\\\"prefix-icon\\\":\\\"Cellphone\\\",\\\"suffix-icon\\\":\\\"\\\",\\\"maxlength\\\":11,\\\"show-word-limit\\\":true,\\\"readonly\\\":false,\\\"disabled\\\":false,\\\"required\\\":true,\\\"changeTag\\\":true,\\\"regList\\\":[{\\\"pattern\\\":\\\"/^1(3|4|5|7|8|9)\\\\\\\\d{9}$/\\\",\\\"message\\\":\\\"手机号格式错误\\\"}]},{\\\"label\\\":\\\"姓名\\\",\\\"tag\\\":\\\"el-input\\\",\\\"tagIcon\\\":\\\"input\\\",\\\"type\\\":\\\"text\\\",\\\"placeholder\\\":\\\"请输入姓名\\\",\\\"span\\\":24,\\\"labelWidth\\\":null,\\\"style\\\":{\\\"width\\\":\\\"100%\\\"},\\\"clearable\\\":true,\\\"prepend\\\":\\\"\\\",\\\"append\\\":\\\"\\\",\\\"prefix-icon\\\":\\\"\\\",\\\"suffix-icon\\\":\\\"\\\",\\\"maxlength\\\":null,\\\"show-word-limit\\\":false,\\\"readonly\\\":false,\\\"disabled\\\":false,\\\"required\\\":true,\\\"regList\\\":[],\\\"changeTag\\\":true,\\\"document\\\":\\\"https://element-plus.org/zh-CN/component/input\\\",\\\"formId\\\":101,\\\"renderKey\\\":1741421612633,\\\"layout\\\":\\\"colFormItem\\\",\\\"vModel\\\":\\\"name\\\"},{\\\"label\\\":\\\"年龄\\\",\\\"tag\\\":\\\"el-input\\\",\\\"tagIcon\\\":\\\"input\\\",\\\"type\\\":\\\"text\\\",\\\"placeholder\\\":\\\"请输入年龄\\\",\\\"span\\\":24,\\\"labelWidth\\\":null,\\\"style\\\":{\\\"width\\\":\\\"100%\\\"},\\\"clearable\\\":true,\\\"prepend\\\":\\\"\\\",\\\"append\\\":\\\"\\\",\\\"prefix-icon\\\":\\\"\\\",\\\"suffix-icon\\\":\\\"\\\",\\\"maxlength\\\":null,\\\"show-word-limit\\\":false,\\\"readonly\\\":false,\\\"disabled\\\":false,\\\"required\\\":true,\\\"regList\\\":[],\\\"changeTag\\\":true,\\\"document\\\":\\\"https://element-plus.org/zh-CN/component/input\\\",\\\"formId\\\":102,\\\"renderKey\\\":1741421625219,\\\"layout\\\":\\\"colFormItem\\\",\\\"vModel\\\":\\\"age\\\"},{\\\"label\\\":\\\"期望薪资\\\",\\\"tag\\\":\\\"el-input\\\",\\\"tagIcon\\\":\\\"input\\\",\\\"type\\\":\\\"text\\\",\\\"placeholder\\\":\\\"请输入期望薪资\\\",\\\"span\\\":24,\\\"labelWidth\\\":null,\\\"style\\\":{\\\"width\\\":\\\"100%\\\"},\\\"clearable\\\":true,\\\"prepend\\\":\\\"\\\",\\\"append\\\":\\\"\\\",\\\"prefix-icon\\\":\\\"\\\",\\\"suffix-icon\\\":\\\"\\\",\\\"maxlength\\\":null,\\\"show-word-limit\\\":false,\\\"readonly\\\":false,\\\"disabled\\\":false,\\\"required\\\":true,\\\"regList\\\":[],\\\"changeTag\\\":true,\\\"document\\\":\\\"https://element-plus.org/zh-CN/component/input\\\",\\\"formId\\\":103,\\\"renderKey\\\":1741421648331,\\\"layout\\\":\\\"colFormItem\\\",\\\"vModel\\\":\\\"salary\\\"},{\\\"label\\\":\\\"入职时间\\\",\\\"tag\\\":\\\"el-date-picker\\\",\\\"tagIcon\\\":\\\"date\\\",\\\"placeholder\\\":\\\"请选择入职时间\\\",\\\"defaultValue\\\":null,\\\"type\\\":\\\"date\\\",\\\"span\\\":24,\\\"labelWidth\\\":null,\\\"style\\\":{\\\"width\\\":\\\"100%\\\"},\\\"disabled\\\":false,\\\"clearable\\\":true,\\\"required\\\":true,\\\"format\\\":\\\"YYYY-MM-DD\\\",\\\"value-format\\\":\\\"YYYY-MM-DD\\\",\\\"readonly\\\":false,\\\"regList\\\":[],\\\"changeTag\\\":true,\\\"document\\\":\\\"https://element-plus.org/zh-CN/component/date-picker\\\",\\\"formId\\\":105,\\\"renderKey\\\":1741421688014,\\\"layout\\\":\\\"colFormItem\\\",\\\"vModel\\\":\\\"joinDate\\\"}]\", \"id\": 22, \"name\": \"求职意向\", \"updateTime\": \"2025-03-08T16:15:08\"}, \"success\": true, \"time\": \"2025-03-08T16:54:13.219711\"}', 0, '', '2025-03-08 16:54:13', 14);
INSERT INTO `sys_oper_log` (`oper_id`, `title`, `business_type`, `method`, `request_method`, `operator_type`, `oper_name`, `dept_name`, `oper_url`, `oper_ip`, `oper_location`, `oper_param`, `json_result`, `status`, `error_msg`, `oper_time`, `cost_time`) VALUES (1097, 'sys_form', 2, 'module_admin/controller/sys_form_controller.update_sys_form()', 'PUT', 1, 'admin', '研发部门', '/sys/form/update', '', '内网IP', '请求参数过长', '{\"code\": 200, \"msg\": \"操作成功\", \"data\": {\"content\": \"<template>\\n  <div class=\\\"app-container\\\">\\n    <el-form ref=\\\"formRef\\\" :model=\\\"formData\\\" :rules=\\\"rules\\\" size=\\\"default\\\" label-width=\\\"100px\\\">\\n      <el-form-item label=\\\"手机号\\\" prop=\\\"mobile\\\">\\n        <el-input v-model=\\\"formData.mobile\\\" placeholder=\\\"请输入手机号\\\" :maxlength=\\\"11\\\" show-word-limit clearable\\n          prefix-icon=\'Cellphone\' :style=\\\"{width: \'100%\'}\\\"></el-input>\\n      </el-form-item>\\n      <el-form-item label=\\\"姓名\\\" prop=\\\"name\\\">\\n        <el-input v-model=\\\"formData.name\\\" type=\\\"text\\\" placeholder=\\\"请输入姓名\\\" clearable\\n          :style=\\\"{width: \'100%\'}\\\"></el-input>\\n      </el-form-item>\\n      <el-form-item label=\\\"年龄\\\" prop=\\\"age\\\">\\n        <el-input v-model=\\\"formData.age\\\" type=\\\"text\\\" placeholder=\\\"请输入年龄\\\" clearable\\n          :style=\\\"{width: \'100%\'}\\\"></el-input>\\n      </el-form-item>\\n      <el-form-item label=\\\"期望薪资\\\" prop=\\\"salary\\\">\\n        <el-input v-model=\\\"formData.salary\\\" type=\\\"text\\\" placeholder=\\\"请输入期望薪资\\\" clearable\\n          :style=\\\"{width: \'100%\'}\\\"></el-input>\\n      </el-form-item>\\n      <el-form-item label=\\\"入职时间\\\" prop=\\\"joinDate\\\">\\n        <el-date-picker v-model=\\\"formData.joinDate\\\" format=\\\"YYYY-MM-DD\\\" value-format=\\\"YYYY-MM-DD\\\"\\n          :style=\\\"{width: \'100%\'}\\\" placeholder=\\\"请选择入职时间\\\" clearable></el-date-picker>\\n      </el-form-item>\\n      <el-form-item>\\n        <el-button type=\\\"primary\\\" @click=\\\"submitForm\\\">提交</el-button>\\n        <el-button @click=\\\"resetForm\\\">重置</el-button>\\n      </el-form-item>\\n    </el-form>\\n  </div>\\n</template>\\n<script setup>\\nimport {\\n  addForm_data\\n}\\nfrom \'@/api/system/form_data\'\\nconst {\\n  proxy\\n} = getCurrentInstance()\\nconst formRef = ref()\\nconst data = reactive({\\n  formData: {\\n    mobile: \'\',\\n    name: undefined,\\n    age: undefined,\\n    salary: undefined,\\n    joinDate: null,\\n  },\\n  rules: {\\n    mobile: [{\\n      required: true,\\n      message: \'请输入手机号\',\\n      trigger: \'blur\'\\n    }, {\\n      pattern: new RegExp(/^1(3|4|5|7|8|9)\\\\d{9}$/),\\n      message: \'手机号格式错误\',\\n      trigger: \'blur\'\\n    }],\\n    name: [{\\n      required: true,\\n      message: \'请输入姓名\',\\n      trigger: \'blur\'\\n    }],\\n    age: [{\\n      required: true,\\n      message: \'请输入年龄\',\\n      trigger: \'blur\'\\n    }],\\n    salary: [{\\n      required: true,\\n      message: \'请输入期望薪资\',\\n      trigger: \'blur\'\\n    }],\\n    joinDate: [{\\n      required: true,\\n      message: \'请选择入职时间\',\\n      trigger: \'change\'\\n    }],\\n  }\\n})\\nconst {\\n  formData,\\n  rules\\n} = toRefs(data)\\n/**\\n * @name: 表单提交\\n * @description: 表单提交方法\\n * @return {*}\\n */\\nfunction submitForm() {\\n  formRef.value.validate((valid) => {\\n    if (!valid) return\\n    // 提交表单\\n    addForm_data(formData).then((response) => {\\n      proxy.$modal.msgSuccess(\'新增成功\')\\n      resetForm()\\n    })\\n  })\\n}\\n/**\\n * @name: 表单重置\\n * @description: 表单重置方法\\n * @return {*}\\n */\\nfunction resetForm() {\\n  formRef.value.resetFields()\\n}\\n\\n</script>\\n<style>\\n</style>\\n\", \"createBy\": 1, \"createTime\": \"2025-03-08T16:15:08\", \"delFlag\": \"0\", \"deptId\": 103, \"formConf\": \"{\\\"formRef\\\":\\\"formRef\\\",\\\"formModel\\\":\\\"formData\\\",\\\"size\\\":\\\"default\\\",\\\"labelPosition\\\":\\\"right\\\",\\\"labelWidth\\\":100,\\\"formRules\\\":\\\"rules\\\",\\\"gutter\\\":15,\\\"disabled\\\":false,\\\"span\\\":24,\\\"formBtns\\\":true,\\\"remark\\\":\\\"求职意向调查表\\\"}\", \"formData\": \"{\\\"fields\\\":[{\\\"layout\\\":\\\"colFormItem\\\",\\\"tagIcon\\\":\\\"input\\\",\\\"label\\\":\\\"手机号\\\",\\\"vModel\\\":\\\"mobile\\\",\\\"formId\\\":6,\\\"tag\\\":\\\"el-input\\\",\\\"placeholder\\\":\\\"请输入手机号\\\",\\\"defaultValue\\\":\\\"\\\",\\\"span\\\":24,\\\"style\\\":{\\\"width\\\":\\\"100%\\\"},\\\"clearable\\\":true,\\\"prepend\\\":\\\"\\\",\\\"append\\\":\\\"\\\",\\\"prefix-icon\\\":\\\"Cellphone\\\",\\\"suffix-icon\\\":\\\"\\\",\\\"maxlength\\\":11,\\\"show-word-limit\\\":true,\\\"readonly\\\":false,\\\"disabled\\\":false,\\\"required\\\":true,\\\"changeTag\\\":true,\\\"regList\\\":[{\\\"pattern\\\":\\\"/^1(3|4|5|7|8|9)\\\\\\\\d{9}$/\\\",\\\"message\\\":\\\"手机号格式错误\\\"}]},{\\\"label\\\":\\\"姓名\\\",\\\"tag\\\":\\\"el-input\\\",\\\"tagIcon\\\":\\\"input\\\",\\\"type\\\":\\\"text\\\",\\\"placeholder\\\":\\\"请输入姓名\\\",\\\"span\\\":24,\\\"labelWidth\\\":null,\\\"style\\\":{\\\"width\\\":\\\"100%\\\"},\\\"clearable\\\":true,\\\"prepend\\\":\\\"\\\",\\\"append\\\":\\\"\\\",\\\"prefix-icon\\\":\\\"\\\",\\\"suffix-icon\\\":\\\"\\\",\\\"maxlength\\\":null,\\\"show-word-limit\\\":false,\\\"readonly\\\":false,\\\"disabled\\\":false,\\\"required\\\":true,\\\"regList\\\":[],\\\"changeTag\\\":true,\\\"document\\\":\\\"https://element-plus.org/zh-CN/component/input\\\",\\\"formId\\\":101,\\\"renderKey\\\":1741421612633,\\\"layout\\\":\\\"colFormItem\\\",\\\"vModel\\\":\\\"name\\\"},{\\\"label\\\":\\\"年龄\\\",\\\"tag\\\":\\\"el-input\\\",\\\"tagIcon\\\":\\\"input\\\",\\\"type\\\":\\\"text\\\",\\\"placeholder\\\":\\\"请输入年龄\\\",\\\"span\\\":24,\\\"labelWidth\\\":null,\\\"style\\\":{\\\"width\\\":\\\"100%\\\"},\\\"clearable\\\":true,\\\"prepend\\\":\\\"\\\",\\\"append\\\":\\\"\\\",\\\"prefix-icon\\\":\\\"\\\",\\\"suffix-icon\\\":\\\"\\\",\\\"maxlength\\\":null,\\\"show-word-limit\\\":false,\\\"readonly\\\":false,\\\"disabled\\\":false,\\\"required\\\":true,\\\"regList\\\":[],\\\"changeTag\\\":true,\\\"document\\\":\\\"https://element-plus.org/zh-CN/component/input\\\",\\\"formId\\\":102,\\\"renderKey\\\":1741421625219,\\\"layout\\\":\\\"colFormItem\\\",\\\"vModel\\\":\\\"age\\\"},{\\\"label\\\":\\\"期望薪资\\\",\\\"tag\\\":\\\"el-input\\\",\\\"tagIcon\\\":\\\"input\\\",\\\"type\\\":\\\"text\\\",\\\"placeholder\\\":\\\"请输入期望薪资\\\",\\\"span\\\":24,\\\"labelWidth\\\":null,\\\"style\\\":{\\\"width\\\":\\\"100%\\\"},\\\"clearable\\\":true,\\\"prepend\\\":\\\"\\\",\\\"append\\\":\\\"\\\",\\\"prefix-icon\\\":\\\"\\\",\\\"suffix-icon\\\":\\\"\\\",\\\"maxlength\\\":null,\\\"show-word-limit\\\":false,\\\"readonly\\\":false,\\\"disabled\\\":false,\\\"required\\\":true,\\\"regList\\\":[],\\\"changeTag\\\":true,\\\"document\\\":\\\"https://element-plus.org/zh-CN/component/input\\\",\\\"formId\\\":103,\\\"renderKey\\\":1741421648331,\\\"layout\\\":\\\"colFormItem\\\",\\\"vModel\\\":\\\"salary\\\"},{\\\"label\\\":\\\"入职时间\\\",\\\"tag\\\":\\\"el-date-picker\\\",\\\"tagIcon\\\":\\\"date\\\",\\\"placeholder\\\":\\\"请选择入职时间\\\",\\\"defaultValue\\\":null,\\\"type\\\":\\\"date\\\",\\\"span\\\":24,\\\"labelWidth\\\":null,\\\"style\\\":{\\\"width\\\":\\\"100%\\\"},\\\"disabled\\\":false,\\\"clearable\\\":true,\\\"required\\\":true,\\\"format\\\":\\\"YYYY-MM-DD\\\",\\\"value-format\\\":\\\"YYYY-MM-DD\\\",\\\"readonly\\\":false,\\\"regList\\\":[],\\\"changeTag\\\":true,\\\"document\\\":\\\"https://element-plus.org/zh-CN/component/date-picker\\\",\\\"formId\\\":105,\\\"renderKey\\\":1741421688014,\\\"layout\\\":\\\"colFormItem\\\",\\\"vModel\\\":\\\"joinDate\\\"}],\\\"formRef\\\":\\\"formRef\\\",\\\"formModel\\\":\\\"formData\\\",\\\"size\\\":\\\"default\\\",\\\"labelPosition\\\":\\\"right\\\",\\\"labelWidth\\\":100,\\\"formRules\\\":\\\"rules\\\",\\\"gutter\\\":15,\\\"disabled\\\":false,\\\"span\\\":24,\\\"formBtns\\\":true,\\\"remark\\\":\\\"求职意向调查表\\\"}\", \"generateConf\": \"{\\\"type\\\":\\\"file\\\"}\", \"drawingList\": \"[{\\\"layout\\\":\\\"colFormItem\\\",\\\"tagIcon\\\":\\\"input\\\",\\\"label\\\":\\\"手机号\\\",\\\"vModel\\\":\\\"mobile\\\",\\\"formId\\\":6,\\\"tag\\\":\\\"el-input\\\",\\\"placeholder\\\":\\\"请输入手机号\\\",\\\"defaultValue\\\":\\\"\\\",\\\"span\\\":24,\\\"style\\\":{\\\"width\\\":\\\"100%\\\"},\\\"clearable\\\":true,\\\"prepend\\\":\\\"\\\",\\\"append\\\":\\\"\\\",\\\"prefix-icon\\\":\\\"Cellphone\\\",\\\"suffix-icon\\\":\\\"\\\",\\\"maxlength\\\":11,\\\"show-word-limit\\\":true,\\\"readonly\\\":false,\\\"disabled\\\":false,\\\"required\\\":true,\\\"changeTag\\\":true,\\\"regList\\\":[{\\\"pattern\\\":\\\"/^1(3|4|5|7|8|9)\\\\\\\\d{9}$/\\\",\\\"message\\\":\\\"手机号格式错误\\\"}]},{\\\"label\\\":\\\"姓名\\\",\\\"tag\\\":\\\"el-input\\\",\\\"tagIcon\\\":\\\"input\\\",\\\"type\\\":\\\"text\\\",\\\"placeholder\\\":\\\"请输入姓名\\\",\\\"span\\\":24,\\\"labelWidth\\\":null,\\\"style\\\":{\\\"width\\\":\\\"100%\\\"},\\\"clearable\\\":true,\\\"prepend\\\":\\\"\\\",\\\"append\\\":\\\"\\\",\\\"prefix-icon\\\":\\\"\\\",\\\"suffix-icon\\\":\\\"\\\",\\\"maxlength\\\":null,\\\"show-word-limit\\\":false,\\\"readonly\\\":false,\\\"disabled\\\":false,\\\"required\\\":true,\\\"regList\\\":[],\\\"changeTag\\\":true,\\\"document\\\":\\\"https://element-plus.org/zh-CN/component/input\\\",\\\"formId\\\":101,\\\"renderKey\\\":1741421612633,\\\"layout\\\":\\\"colFormItem\\\",\\\"vModel\\\":\\\"name\\\"},{\\\"label\\\":\\\"年龄\\\",\\\"tag\\\":\\\"el-input\\\",\\\"tagIcon\\\":\\\"input\\\",\\\"type\\\":\\\"text\\\",\\\"placeholder\\\":\\\"请输入年龄\\\",\\\"span\\\":24,\\\"labelWidth\\\":null,\\\"style\\\":{\\\"width\\\":\\\"100%\\\"},\\\"clearable\\\":true,\\\"prepend\\\":\\\"\\\",\\\"append\\\":\\\"\\\",\\\"prefix-icon\\\":\\\"\\\",\\\"suffix-icon\\\":\\\"\\\",\\\"maxlength\\\":null,\\\"show-word-limit\\\":false,\\\"readonly\\\":false,\\\"disabled\\\":false,\\\"required\\\":true,\\\"regList\\\":[],\\\"changeTag\\\":true,\\\"document\\\":\\\"https://element-plus.org/zh-CN/component/input\\\",\\\"formId\\\":102,\\\"renderKey\\\":1741421625219,\\\"layout\\\":\\\"colFormItem\\\",\\\"vModel\\\":\\\"age\\\"},{\\\"label\\\":\\\"期望薪资\\\",\\\"tag\\\":\\\"el-input\\\",\\\"tagIcon\\\":\\\"input\\\",\\\"type\\\":\\\"text\\\",\\\"placeholder\\\":\\\"请输入期望薪资\\\",\\\"span\\\":24,\\\"labelWidth\\\":null,\\\"style\\\":{\\\"width\\\":\\\"100%\\\"},\\\"clearable\\\":true,\\\"prepend\\\":\\\"\\\",\\\"append\\\":\\\"\\\",\\\"prefix-icon\\\":\\\"\\\",\\\"suffix-icon\\\":\\\"\\\",\\\"maxlength\\\":null,\\\"show-word-limit\\\":false,\\\"readonly\\\":false,\\\"disabled\\\":false,\\\"required\\\":true,\\\"regList\\\":[],\\\"changeTag\\\":true,\\\"document\\\":\\\"https://element-plus.org/zh-CN/component/input\\\",\\\"formId\\\":103,\\\"renderKey\\\":1741421648331,\\\"layout\\\":\\\"colFormItem\\\",\\\"vModel\\\":\\\"salary\\\"},{\\\"label\\\":\\\"入职时间\\\",\\\"tag\\\":\\\"el-date-picker\\\",\\\"tagIcon\\\":\\\"date\\\",\\\"placeholder\\\":\\\"请选择入职时间\\\",\\\"defaultValue\\\":null,\\\"type\\\":\\\"date\\\",\\\"span\\\":24,\\\"labelWidth\\\":null,\\\"style\\\":{\\\"width\\\":\\\"100%\\\"},\\\"disabled\\\":false,\\\"clearable\\\":true,\\\"required\\\":true,\\\"format\\\":\\\"YYYY-MM-DD\\\",\\\"value-format\\\":\\\"YYYY-MM-DD\\\",\\\"readonly\\\":false,\\\"regList\\\":[],\\\"changeTag\\\":true,\\\"document\\\":\\\"https://element-plus.org/zh-CN/component/date-picker\\\",\\\"formId\\\":105,\\\"renderKey\\\":1741421688014,\\\"layout\\\":\\\"colFormItem\\\",\\\"vModel\\\":\\\"joinDate\\\"}]\", \"id\": 22, \"name\": \"求职意向调查表\", \"updateTime\": \"2025-03-08T16:15:08\"}, \"success\": true, \"time\": \"2025-03-08T16:55:26.653404\"}', 0, '', '2025-03-08 16:55:27', 13);
INSERT INTO `sys_oper_log` (`oper_id`, `title`, `business_type`, `method`, `request_method`, `operator_type`, `oper_name`, `dept_name`, `oper_url`, `oper_ip`, `oper_location`, `oper_param`, `json_result`, `status`, `error_msg`, `oper_time`, `cost_time`) VALUES (1098, 'sys_form', 2, 'module_admin/controller/sys_form_controller.update_sys_form()', 'PUT', 1, 'admin', '研发部门', '/sys/form/update', '', '内网IP', '请求参数过长', '{\"code\": 200, \"msg\": \"操作成功\", \"data\": {\"content\": \"<template>\\n  <div class=\\\"app-container\\\">\\n    <el-form ref=\\\"formRef\\\" :model=\\\"formData\\\" :rules=\\\"rules\\\" size=\\\"default\\\" label-width=\\\"100px\\\">\\n      <el-form-item label=\\\"手机号\\\" prop=\\\"mobile\\\">\\n        <el-input v-model=\\\"formData.mobile\\\" placeholder=\\\"请输入手机号\\\" :maxlength=\\\"11\\\" show-word-limit clearable\\n          prefix-icon=\'Cellphone\' :style=\\\"{width: \'100%\'}\\\"></el-input>\\n      </el-form-item>\\n      <el-form-item label=\\\"姓名\\\" prop=\\\"name\\\">\\n        <el-input v-model=\\\"formData.name\\\" type=\\\"text\\\" placeholder=\\\"请输入姓名\\\" clearable\\n          :style=\\\"{width: \'100%\'}\\\"></el-input>\\n      </el-form-item>\\n      <el-form-item label=\\\"年龄\\\" prop=\\\"age\\\">\\n        <el-input v-model=\\\"formData.age\\\" type=\\\"text\\\" placeholder=\\\"请输入年龄\\\" clearable\\n          :style=\\\"{width: \'100%\'}\\\"></el-input>\\n      </el-form-item>\\n      <el-form-item label=\\\"期望薪资\\\" prop=\\\"salary\\\">\\n        <el-input v-model=\\\"formData.salary\\\" type=\\\"text\\\" placeholder=\\\"请输入期望薪资\\\" clearable\\n          :style=\\\"{width: \'100%\'}\\\"></el-input>\\n      </el-form-item>\\n      <el-form-item label=\\\"入职时间\\\" prop=\\\"joinDate\\\">\\n        <el-date-picker v-model=\\\"formData.joinDate\\\" format=\\\"YYYY-MM-DD\\\" value-format=\\\"YYYY-MM-DD\\\"\\n          :style=\\\"{width: \'100%\'}\\\" placeholder=\\\"请选择入职时间\\\" clearable></el-date-picker>\\n      </el-form-item>\\n      <el-form-item label=\\\"下拉选择\\\" prop=\\\"field101\\\">\\n        <el-select v-model=\\\"formData.field101\\\" placeholder=\\\"请选择下拉选择\\\" clearable :style=\\\"{width: \'100%\'}\\\">\\n          <el-option v-for=\\\"(item, index) in field101Options\\\" :key=\\\"index\\\" :label=\\\"item.label\\\"\\n            :value=\\\"item.value\\\" :disabled=\\\"item.disabled\\\"></el-option>\\n        </el-select>\\n      </el-form-item>\\n      <el-form-item>\\n        <el-button type=\\\"primary\\\" @click=\\\"submitForm\\\">提交</el-button>\\n        <el-button @click=\\\"resetForm\\\">重置</el-button>\\n      </el-form-item>\\n    </el-form>\\n  </div>\\n</template>\\n<script setup>\\nimport {\\n  addForm_data\\n}\\nfrom \'@/api/system/form_data\'\\nconst {\\n  proxy\\n} = getCurrentInstance()\\nconst formRef = ref()\\nconst data = reactive({\\n  formData: {\\n    mobile: \'\',\\n    name: undefined,\\n    age: undefined,\\n    salary: undefined,\\n    joinDate: null,\\n    field101: undefined,\\n  },\\n  rules: {\\n    mobile: [{\\n      required: true,\\n      message: \'请输入手机号\',\\n      trigger: \'blur\'\\n    }, {\\n      pattern: new RegExp(/^1(3|4|5|7|8|9)\\\\d{9}$/),\\n      message: \'手机号格式错误\',\\n      trigger: \'blur\'\\n    }],\\n    name: [{\\n      required: true,\\n      message: \'请输入姓名\',\\n      trigger: \'blur\'\\n    }],\\n    age: [{\\n      required: true,\\n      message: \'请输入年龄\',\\n      trigger: \'blur\'\\n    }],\\n    salary: [{\\n      required: true,\\n      message: \'请输入期望薪资\',\\n      trigger: \'blur\'\\n    }],\\n    joinDate: [{\\n      required: true,\\n      message: \'请选择入职时间\',\\n      trigger: \'change\'\\n    }],\\n    field101: [{\\n      required: true,\\n      message: \'请选择下拉选择\',\\n      trigger: \'change\'\\n    }],\\n  }\\n})\\nconst {\\n  formData,\\n  rules\\n} = toRefs(data)\\nconst field101Options = ref([{\\n  \\\"label\\\": \\\"选项一\\\",\\n  \\\"value\\\": 1\\n}, {\\n  \\\"label\\\": \\\"选项二\\\",\\n  \\\"value\\\": 2\\n}])\\n/**\\n * @name: 表单提交\\n * @description: 表单提交方法\\n * @return {*}\\n */\\nfunction submitForm() {\\n  formRef.value.validate((valid) => {\\n    if (!valid) return\\n    // 提交表单\\n    addForm_data(formData).then((response) => {\\n      proxy.$modal.msgSuccess(\'新增成功\')\\n      resetForm()\\n    })\\n  })\\n}\\n/**\\n * @name: 表单重置\\n * @description: 表单重置方法\\n * @return {*}\\n */\\nfunction resetForm() {\\n  formRef.value.resetFields()\\n}\\n\\n</script>\\n<style>\\n</style>\\n\", \"createBy\": 1, \"createTime\": \"2025-03-08T16:15:08\", \"delFlag\": \"0\", \"deptId\": 103, \"formConf\": \"{\\\"formRef\\\":\\\"formRef\\\",\\\"formModel\\\":\\\"formData\\\",\\\"size\\\":\\\"default\\\",\\\"labelPosition\\\":\\\"right\\\",\\\"labelWidth\\\":100,\\\"formRules\\\":\\\"rules\\\",\\\"gutter\\\":15,\\\"disabled\\\":false,\\\"span\\\":24,\\\"formBtns\\\":true,\\\"remark\\\":\\\"求职意向调查\\\"}\", \"formData\": \"{\\\"fields\\\":[{\\\"layout\\\":\\\"colFormItem\\\",\\\"tagIcon\\\":\\\"input\\\",\\\"label\\\":\\\"手机号\\\",\\\"vModel\\\":\\\"mobile\\\",\\\"formId\\\":6,\\\"tag\\\":\\\"el-input\\\",\\\"placeholder\\\":\\\"请输入手机号\\\",\\\"defaultValue\\\":\\\"\\\",\\\"span\\\":24,\\\"style\\\":{\\\"width\\\":\\\"100%\\\"},\\\"clearable\\\":true,\\\"prepend\\\":\\\"\\\",\\\"append\\\":\\\"\\\",\\\"prefix-icon\\\":\\\"Cellphone\\\",\\\"suffix-icon\\\":\\\"\\\",\\\"maxlength\\\":11,\\\"show-word-limit\\\":true,\\\"readonly\\\":false,\\\"disabled\\\":false,\\\"required\\\":true,\\\"changeTag\\\":true,\\\"regList\\\":[{\\\"pattern\\\":\\\"/^1(3|4|5|7|8|9)\\\\\\\\d{9}$/\\\",\\\"message\\\":\\\"手机号格式错误\\\"}]},{\\\"label\\\":\\\"姓名\\\",\\\"tag\\\":\\\"el-input\\\",\\\"tagIcon\\\":\\\"input\\\",\\\"type\\\":\\\"text\\\",\\\"placeholder\\\":\\\"请输入姓名\\\",\\\"span\\\":24,\\\"labelWidth\\\":null,\\\"style\\\":{\\\"width\\\":\\\"100%\\\"},\\\"clearable\\\":true,\\\"prepend\\\":\\\"\\\",\\\"append\\\":\\\"\\\",\\\"prefix-icon\\\":\\\"\\\",\\\"suffix-icon\\\":\\\"\\\",\\\"maxlength\\\":null,\\\"show-word-limit\\\":false,\\\"readonly\\\":false,\\\"disabled\\\":false,\\\"required\\\":true,\\\"regList\\\":[],\\\"changeTag\\\":true,\\\"document\\\":\\\"https://element-plus.org/zh-CN/component/input\\\",\\\"formId\\\":101,\\\"renderKey\\\":1741421612633,\\\"layout\\\":\\\"colFormItem\\\",\\\"vModel\\\":\\\"name\\\"},{\\\"label\\\":\\\"年龄\\\",\\\"tag\\\":\\\"el-input\\\",\\\"tagIcon\\\":\\\"input\\\",\\\"type\\\":\\\"text\\\",\\\"placeholder\\\":\\\"请输入年龄\\\",\\\"span\\\":24,\\\"labelWidth\\\":null,\\\"style\\\":{\\\"width\\\":\\\"100%\\\"},\\\"clearable\\\":true,\\\"prepend\\\":\\\"\\\",\\\"append\\\":\\\"\\\",\\\"prefix-icon\\\":\\\"\\\",\\\"suffix-icon\\\":\\\"\\\",\\\"maxlength\\\":null,\\\"show-word-limit\\\":false,\\\"readonly\\\":false,\\\"disabled\\\":false,\\\"required\\\":true,\\\"regList\\\":[],\\\"changeTag\\\":true,\\\"document\\\":\\\"https://element-plus.org/zh-CN/component/input\\\",\\\"formId\\\":102,\\\"renderKey\\\":1741421625219,\\\"layout\\\":\\\"colFormItem\\\",\\\"vModel\\\":\\\"age\\\"},{\\\"label\\\":\\\"期望薪资\\\",\\\"tag\\\":\\\"el-input\\\",\\\"tagIcon\\\":\\\"input\\\",\\\"type\\\":\\\"text\\\",\\\"placeholder\\\":\\\"请输入期望薪资\\\",\\\"span\\\":24,\\\"labelWidth\\\":null,\\\"style\\\":{\\\"width\\\":\\\"100%\\\"},\\\"clearable\\\":true,\\\"prepend\\\":\\\"\\\",\\\"append\\\":\\\"\\\",\\\"prefix-icon\\\":\\\"\\\",\\\"suffix-icon\\\":\\\"\\\",\\\"maxlength\\\":null,\\\"show-word-limit\\\":false,\\\"readonly\\\":false,\\\"disabled\\\":false,\\\"required\\\":true,\\\"regList\\\":[],\\\"changeTag\\\":true,\\\"document\\\":\\\"https://element-plus.org/zh-CN/component/input\\\",\\\"formId\\\":103,\\\"renderKey\\\":1741421648331,\\\"layout\\\":\\\"colFormItem\\\",\\\"vModel\\\":\\\"salary\\\"},{\\\"label\\\":\\\"入职时间\\\",\\\"tag\\\":\\\"el-date-picker\\\",\\\"tagIcon\\\":\\\"date\\\",\\\"placeholder\\\":\\\"请选择入职时间\\\",\\\"defaultValue\\\":null,\\\"type\\\":\\\"date\\\",\\\"span\\\":24,\\\"labelWidth\\\":null,\\\"style\\\":{\\\"width\\\":\\\"100%\\\"},\\\"disabled\\\":false,\\\"clearable\\\":true,\\\"required\\\":true,\\\"format\\\":\\\"YYYY-MM-DD\\\",\\\"value-format\\\":\\\"YYYY-MM-DD\\\",\\\"readonly\\\":false,\\\"regList\\\":[],\\\"changeTag\\\":true,\\\"document\\\":\\\"https://element-plus.org/zh-CN/component/date-picker\\\",\\\"formId\\\":105,\\\"renderKey\\\":1741421688014,\\\"layout\\\":\\\"colFormItem\\\",\\\"vModel\\\":\\\"joinDate\\\"},{\\\"label\\\":\\\"下拉选择\\\",\\\"tag\\\":\\\"el-select\\\",\\\"tagIcon\\\":\\\"select\\\",\\\"placeholder\\\":\\\"请选择下拉选择\\\",\\\"span\\\":24,\\\"labelWidth\\\":null,\\\"style\\\":{\\\"width\\\":\\\"100%\\\"},\\\"clearable\\\":true,\\\"disabled\\\":false,\\\"required\\\":true,\\\"filterable\\\":false,\\\"multiple\\\":false,\\\"options\\\":[{\\\"label\\\":\\\"选项一\\\",\\\"value\\\":1},{\\\"label\\\":\\\"选项二\\\",\\\"value\\\":2}],\\\"regList\\\":[],\\\"changeTag\\\":true,\\\"document\\\":\\\"https://element-plus.org/zh-CN/component/select\\\",\\\"formId\\\":101,\\\"renderKey\\\":1741424187717,\\\"layout\\\":\\\"colFormItem\\\",\\\"vModel\\\":\\\"field101\\\"}],\\\"formRef\\\":\\\"formRef\\\",\\\"formModel\\\":\\\"formData\\\",\\\"size\\\":\\\"default\\\",\\\"labelPosition\\\":\\\"right\\\",\\\"labelWidth\\\":100,\\\"formRules\\\":\\\"rules\\\",\\\"gutter\\\":15,\\\"disabled\\\":false,\\\"span\\\":24,\\\"formBtns\\\":true,\\\"remark\\\":\\\"求职意向调查\\\"}\", \"generateConf\": \"{\\\"type\\\":\\\"file\\\"}\", \"drawingList\": \"[{\\\"layout\\\":\\\"colFormItem\\\",\\\"tagIcon\\\":\\\"input\\\",\\\"label\\\":\\\"手机号\\\",\\\"vModel\\\":\\\"mobile\\\",\\\"formId\\\":6,\\\"tag\\\":\\\"el-input\\\",\\\"placeholder\\\":\\\"请输入手机号\\\",\\\"defaultValue\\\":\\\"\\\",\\\"span\\\":24,\\\"style\\\":{\\\"width\\\":\\\"100%\\\"},\\\"clearable\\\":true,\\\"prepend\\\":\\\"\\\",\\\"append\\\":\\\"\\\",\\\"prefix-icon\\\":\\\"Cellphone\\\",\\\"suffix-icon\\\":\\\"\\\",\\\"maxlength\\\":11,\\\"show-word-limit\\\":true,\\\"readonly\\\":false,\\\"disabled\\\":false,\\\"required\\\":true,\\\"changeTag\\\":true,\\\"regList\\\":[{\\\"pattern\\\":\\\"/^1(3|4|5|7|8|9)\\\\\\\\d{9}$/\\\",\\\"message\\\":\\\"手机号格式错误\\\"}]},{\\\"label\\\":\\\"姓名\\\",\\\"tag\\\":\\\"el-input\\\",\\\"tagIcon\\\":\\\"input\\\",\\\"type\\\":\\\"text\\\",\\\"placeholder\\\":\\\"请输入姓名\\\",\\\"span\\\":24,\\\"labelWidth\\\":null,\\\"style\\\":{\\\"width\\\":\\\"100%\\\"},\\\"clearable\\\":true,\\\"prepend\\\":\\\"\\\",\\\"append\\\":\\\"\\\",\\\"prefix-icon\\\":\\\"\\\",\\\"suffix-icon\\\":\\\"\\\",\\\"maxlength\\\":null,\\\"show-word-limit\\\":false,\\\"readonly\\\":false,\\\"disabled\\\":false,\\\"required\\\":true,\\\"regList\\\":[],\\\"changeTag\\\":true,\\\"document\\\":\\\"https://element-plus.org/zh-CN/component/input\\\",\\\"formId\\\":101,\\\"renderKey\\\":1741421612633,\\\"layout\\\":\\\"colFormItem\\\",\\\"vModel\\\":\\\"name\\\"},{\\\"label\\\":\\\"年龄\\\",\\\"tag\\\":\\\"el-input\\\",\\\"tagIcon\\\":\\\"input\\\",\\\"type\\\":\\\"text\\\",\\\"placeholder\\\":\\\"请输入年龄\\\",\\\"span\\\":24,\\\"labelWidth\\\":null,\\\"style\\\":{\\\"width\\\":\\\"100%\\\"},\\\"clearable\\\":true,\\\"prepend\\\":\\\"\\\",\\\"append\\\":\\\"\\\",\\\"prefix-icon\\\":\\\"\\\",\\\"suffix-icon\\\":\\\"\\\",\\\"maxlength\\\":null,\\\"show-word-limit\\\":false,\\\"readonly\\\":false,\\\"disabled\\\":false,\\\"required\\\":true,\\\"regList\\\":[],\\\"changeTag\\\":true,\\\"document\\\":\\\"https://element-plus.org/zh-CN/component/input\\\",\\\"formId\\\":102,\\\"renderKey\\\":1741421625219,\\\"layout\\\":\\\"colFormItem\\\",\\\"vModel\\\":\\\"age\\\"},{\\\"label\\\":\\\"期望薪资\\\",\\\"tag\\\":\\\"el-input\\\",\\\"tagIcon\\\":\\\"input\\\",\\\"type\\\":\\\"text\\\",\\\"placeholder\\\":\\\"请输入期望薪资\\\",\\\"span\\\":24,\\\"labelWidth\\\":null,\\\"style\\\":{\\\"width\\\":\\\"100%\\\"},\\\"clearable\\\":true,\\\"prepend\\\":\\\"\\\",\\\"append\\\":\\\"\\\",\\\"prefix-icon\\\":\\\"\\\",\\\"suffix-icon\\\":\\\"\\\",\\\"maxlength\\\":null,\\\"show-word-limit\\\":false,\\\"readonly\\\":false,\\\"disabled\\\":false,\\\"required\\\":true,\\\"regList\\\":[],\\\"changeTag\\\":true,\\\"document\\\":\\\"https://element-plus.org/zh-CN/component/input\\\",\\\"formId\\\":103,\\\"renderKey\\\":1741421648331,\\\"layout\\\":\\\"colFormItem\\\",\\\"vModel\\\":\\\"salary\\\"},{\\\"label\\\":\\\"入职时间\\\",\\\"tag\\\":\\\"el-date-picker\\\",\\\"tagIcon\\\":\\\"date\\\",\\\"placeholder\\\":\\\"请选择入职时间\\\",\\\"defaultValue\\\":null,\\\"type\\\":\\\"date\\\",\\\"span\\\":24,\\\"labelWidth\\\":null,\\\"style\\\":{\\\"width\\\":\\\"100%\\\"},\\\"disabled\\\":false,\\\"clearable\\\":true,\\\"required\\\":true,\\\"format\\\":\\\"YYYY-MM-DD\\\",\\\"value-format\\\":\\\"YYYY-MM-DD\\\",\\\"readonly\\\":false,\\\"regList\\\":[],\\\"changeTag\\\":true,\\\"document\\\":\\\"https://element-plus.org/zh-CN/component/date-picker\\\",\\\"formId\\\":105,\\\"renderKey\\\":1741421688014,\\\"layout\\\":\\\"colFormItem\\\",\\\"vModel\\\":\\\"joinDate\\\"},{\\\"label\\\":\\\"下拉选择\\\",\\\"tag\\\":\\\"el-select\\\",\\\"tagIcon\\\":\\\"select\\\",\\\"placeholder\\\":\\\"请选择下拉选择\\\",\\\"span\\\":24,\\\"labelWidth\\\":null,\\\"style\\\":{\\\"width\\\":\\\"100%\\\"},\\\"clearable\\\":true,\\\"disabled\\\":false,\\\"required\\\":true,\\\"filterable\\\":false,\\\"multiple\\\":false,\\\"options\\\":[{\\\"label\\\":\\\"选项一\\\",\\\"value\\\":1},{\\\"label\\\":\\\"选项二\\\",\\\"value\\\":2}],\\\"regList\\\":[],\\\"changeTag\\\":true,\\\"document\\\":\\\"https://element-plus.org/zh-CN/component/select\\\",\\\"formId\\\":101,\\\"renderKey\\\":1741424187717,\\\"layout\\\":\\\"colFormItem\\\",\\\"vModel\\\":\\\"field101\\\"}]\", \"id\": 22, \"name\": \"求职意向调查\", \"updateTime\": \"2025-03-08T16:15:08\"}, \"success\": true, \"time\": \"2025-03-08T16:56:38.534142\"}', 0, '', '2025-03-08 16:56:38', 13);
INSERT INTO `sys_oper_log` (`oper_id`, `title`, `business_type`, `method`, `request_method`, `operator_type`, `oper_name`, `dept_name`, `oper_url`, `oper_ip`, `oper_location`, `oper_param`, `json_result`, `status`, `error_msg`, `oper_time`, `cost_time`) VALUES (1099, 'sys_form', 2, 'module_admin/controller/sys_form_controller.update_sys_form()', 'PUT', 1, 'admin', '研发部门', '/sys/form/update', '', '内网IP', '请求参数过长', '{\"code\": 200, \"msg\": \"操作成功\", \"data\": {\"content\": \"<template>\\n  <div class=\\\"app-container\\\">\\n    <el-dialog v-model=\\\"dialogVisible\\\" @open=\\\"onOpen\\\" @close=\\\"onClose\\\" title=\\\"Dialog Titile\\\">\\n      <el-form ref=\\\"formRef\\\" :model=\\\"formData\\\" :rules=\\\"rules\\\" size=\\\"default\\\" label-width=\\\"100px\\\">\\n        <el-form-item label=\\\"手机号\\\" prop=\\\"mobile\\\">\\n          <el-input v-model=\\\"formData.mobile\\\" placeholder=\\\"请输入手机号\\\" :maxlength=\\\"11\\\" show-word-limit clearable\\n            prefix-icon=\'Cellphone\' :style=\\\"{width: \'100%\'}\\\"></el-input>\\n        </el-form-item>\\n        <el-form-item label=\\\"姓名\\\" prop=\\\"name\\\">\\n          <el-input v-model=\\\"formData.name\\\" type=\\\"text\\\" placeholder=\\\"请输入姓名\\\" clearable\\n            :style=\\\"{width: \'100%\'}\\\"></el-input>\\n        </el-form-item>\\n        <el-form-item label=\\\"年龄\\\" prop=\\\"age\\\">\\n          <el-input v-model=\\\"formData.age\\\" type=\\\"text\\\" placeholder=\\\"请输入年龄\\\" clearable\\n            :style=\\\"{width: \'100%\'}\\\"></el-input>\\n        </el-form-item>\\n        <el-form-item label=\\\"期望薪资\\\" prop=\\\"salary\\\">\\n          <el-input v-model=\\\"formData.salary\\\" type=\\\"text\\\" placeholder=\\\"请输入期望薪资\\\" clearable\\n            :style=\\\"{width: \'100%\'}\\\"></el-input>\\n        </el-form-item>\\n        <el-form-item label=\\\"入职时间\\\" prop=\\\"joinDate\\\">\\n          <el-date-picker v-model=\\\"formData.joinDate\\\" format=\\\"YYYY-MM-DD\\\" value-format=\\\"YYYY-MM-DD\\\"\\n            :style=\\\"{width: \'100%\'}\\\" placeholder=\\\"请选择入职时间\\\" clearable></el-date-picker>\\n        </el-form-item>\\n        <el-form-item label=\\\"下拉选择\\\" prop=\\\"field101\\\">\\n          <el-select v-model=\\\"formData.field101\\\" placeholder=\\\"请选择下拉选择\\\" clearable :style=\\\"{width: \'100%\'}\\\">\\n            <el-option v-for=\\\"(item, index) in field101Options\\\" :key=\\\"index\\\" :label=\\\"item.label\\\"\\n              :value=\\\"item.value\\\" :disabled=\\\"item.disabled\\\"></el-option>\\n          </el-select>\\n        </el-form-item>\\n      </el-form>\\n      <template #footer>\\n        <el-button @click=\\\"close\\\">取消</el-button>\\n        <el-button type=\\\"primary\\\" @click=\\\"handelConfirm\\\">确定</el-button>\\n      </template>\\n    </el-dialog>\\n  </div>\\n</template>\\n<script setup>\\nimport {\\n  addForm_data\\n}\\nfrom \'@/api/system/form_data\'\\nconst {\\n  proxy\\n} = getCurrentInstance()\\nconst formRef = ref()\\nconst data = reactive({\\n  formData: {\\n    mobile: \'\',\\n    name: undefined,\\n    age: undefined,\\n    salary: undefined,\\n    joinDate: null,\\n    field101: undefined,\\n  },\\n  rules: {\\n    mobile: [{\\n      required: true,\\n      message: \'请输入手机号\',\\n      trigger: \'blur\'\\n    }, {\\n      pattern: new RegExp(/^1(3|4|5|7|8|9)\\\\d{9}$/),\\n      message: \'手机号格式错误\',\\n      trigger: \'blur\'\\n    }],\\n    name: [{\\n      required: true,\\n      message: \'请输入姓名\',\\n      trigger: \'blur\'\\n    }],\\n    age: [{\\n      required: true,\\n      message: \'请输入年龄\',\\n      trigger: \'blur\'\\n    }],\\n    salary: [{\\n      required: true,\\n      message: \'请输入期望薪资\',\\n      trigger: \'blur\'\\n    }],\\n    joinDate: [{\\n      required: true,\\n      message: \'请选择入职时间\',\\n      trigger: \'change\'\\n    }],\\n    field101: [{\\n      required: true,\\n      message: \'请选择下拉选择\',\\n      trigger: \'change\'\\n    }],\\n  }\\n})\\nconst {\\n  formData,\\n  rules\\n} = toRefs(data)\\nconst field101Options = ref([{\\n  \\\"label\\\": \\\"选项一\\\",\\n  \\\"value\\\": 1\\n}, {\\n  \\\"label\\\": \\\"选项二\\\",\\n  \\\"value\\\": 2\\n}])\\n// 弹窗设置\\nconst dialogVisible = defineModel()\\n// 弹窗确认回调\\nconst emit = defineEmits([\'confirm\'])\\n/**\\n * @name: 弹窗打开后执行\\n * @description: 弹窗打开后执行方法\\n * @return {*}\\n */\\nfunction onOpen() {}\\n/**\\n * @name: 弹窗关闭时执行\\n * @description: 弹窗关闭方法，重置表单\\n * @return {*}\\n */\\nfunction onClose() {\\n  formRef.value.resetFields()\\n}\\n/**\\n * @name: 弹窗取消\\n * @description: 弹窗取消方法\\n * @return {*}\\n */\\nfunction close() {\\n  dialogVisible.value = false\\n}\\n/**\\n * @name: 弹窗表单提交\\n * @description: 弹窗表单提交方法\\n * @return {*}\\n */\\nfunction handelConfirm() {\\n  formRef.value.validate((valid) => {\\n    if (!valid) return\\n    // 提交表单\\n    let tempFormData = JSON.stringfy(formData)\\n    let params = {\\n      formName: \'求职意向调查\',\\n      formData: tempFormData\\n    }\\n    addForm_data(params).then((response) => {\\n      proxy.$modal.msgSuccess(\'新增成功\')\\n      close()\\n      // 回调父级组件\\n      emit(\'confirm\')\\n    })\\n  })\\n}\\n\\n</script>\\n<style>\\n</style>\\n\", \"createBy\": 1, \"createTime\": \"2025-03-08T16:15:08\", \"delFlag\": \"0\", \"deptId\": 103, \"formConf\": \"{\\\"formRef\\\":\\\"formRef\\\",\\\"formModel\\\":\\\"formData\\\",\\\"size\\\":\\\"default\\\",\\\"labelPosition\\\":\\\"right\\\",\\\"labelWidth\\\":100,\\\"formRules\\\":\\\"rules\\\",\\\"gutter\\\":15,\\\"disabled\\\":false,\\\"span\\\":24,\\\"formBtns\\\":true,\\\"remark\\\":\\\"求职意向调查\\\"}\", \"formData\": \"{\\\"fields\\\":[{\\\"layout\\\":\\\"colFormItem\\\",\\\"tagIcon\\\":\\\"input\\\",\\\"label\\\":\\\"手机号\\\",\\\"vModel\\\":\\\"mobile\\\",\\\"formId\\\":6,\\\"tag\\\":\\\"el-input\\\",\\\"placeholder\\\":\\\"请输入手机号\\\",\\\"defaultValue\\\":\\\"\\\",\\\"span\\\":24,\\\"style\\\":{\\\"width\\\":\\\"100%\\\"},\\\"clearable\\\":true,\\\"prepend\\\":\\\"\\\",\\\"append\\\":\\\"\\\",\\\"prefix-icon\\\":\\\"Cellphone\\\",\\\"suffix-icon\\\":\\\"\\\",\\\"maxlength\\\":11,\\\"show-word-limit\\\":true,\\\"readonly\\\":false,\\\"disabled\\\":false,\\\"required\\\":true,\\\"changeTag\\\":true,\\\"regList\\\":[{\\\"pattern\\\":\\\"/^1(3|4|5|7|8|9)\\\\\\\\d{9}$/\\\",\\\"message\\\":\\\"手机号格式错误\\\"}]},{\\\"label\\\":\\\"姓名\\\",\\\"tag\\\":\\\"el-input\\\",\\\"tagIcon\\\":\\\"input\\\",\\\"type\\\":\\\"text\\\",\\\"placeholder\\\":\\\"请输入姓名\\\",\\\"span\\\":24,\\\"labelWidth\\\":null,\\\"style\\\":{\\\"width\\\":\\\"100%\\\"},\\\"clearable\\\":true,\\\"prepend\\\":\\\"\\\",\\\"append\\\":\\\"\\\",\\\"prefix-icon\\\":\\\"\\\",\\\"suffix-icon\\\":\\\"\\\",\\\"maxlength\\\":null,\\\"show-word-limit\\\":false,\\\"readonly\\\":false,\\\"disabled\\\":false,\\\"required\\\":true,\\\"regList\\\":[],\\\"changeTag\\\":true,\\\"document\\\":\\\"https://element-plus.org/zh-CN/component/input\\\",\\\"formId\\\":101,\\\"renderKey\\\":1741421612633,\\\"layout\\\":\\\"colFormItem\\\",\\\"vModel\\\":\\\"name\\\"},{\\\"label\\\":\\\"年龄\\\",\\\"tag\\\":\\\"el-input\\\",\\\"tagIcon\\\":\\\"input\\\",\\\"type\\\":\\\"text\\\",\\\"placeholder\\\":\\\"请输入年龄\\\",\\\"span\\\":24,\\\"labelWidth\\\":null,\\\"style\\\":{\\\"width\\\":\\\"100%\\\"},\\\"clearable\\\":true,\\\"prepend\\\":\\\"\\\",\\\"append\\\":\\\"\\\",\\\"prefix-icon\\\":\\\"\\\",\\\"suffix-icon\\\":\\\"\\\",\\\"maxlength\\\":null,\\\"show-word-limit\\\":false,\\\"readonly\\\":false,\\\"disabled\\\":false,\\\"required\\\":true,\\\"regList\\\":[],\\\"changeTag\\\":true,\\\"document\\\":\\\"https://element-plus.org/zh-CN/component/input\\\",\\\"formId\\\":102,\\\"renderKey\\\":1741421625219,\\\"layout\\\":\\\"colFormItem\\\",\\\"vModel\\\":\\\"age\\\"},{\\\"label\\\":\\\"期望薪资\\\",\\\"tag\\\":\\\"el-input\\\",\\\"tagIcon\\\":\\\"input\\\",\\\"type\\\":\\\"text\\\",\\\"placeholder\\\":\\\"请输入期望薪资\\\",\\\"span\\\":24,\\\"labelWidth\\\":null,\\\"style\\\":{\\\"width\\\":\\\"100%\\\"},\\\"clearable\\\":true,\\\"prepend\\\":\\\"\\\",\\\"append\\\":\\\"\\\",\\\"prefix-icon\\\":\\\"\\\",\\\"suffix-icon\\\":\\\"\\\",\\\"maxlength\\\":null,\\\"show-word-limit\\\":false,\\\"readonly\\\":false,\\\"disabled\\\":false,\\\"required\\\":true,\\\"regList\\\":[],\\\"changeTag\\\":true,\\\"document\\\":\\\"https://element-plus.org/zh-CN/component/input\\\",\\\"formId\\\":103,\\\"renderKey\\\":1741421648331,\\\"layout\\\":\\\"colFormItem\\\",\\\"vModel\\\":\\\"salary\\\"},{\\\"label\\\":\\\"入职时间\\\",\\\"tag\\\":\\\"el-date-picker\\\",\\\"tagIcon\\\":\\\"date\\\",\\\"placeholder\\\":\\\"请选择入职时间\\\",\\\"defaultValue\\\":null,\\\"type\\\":\\\"date\\\",\\\"span\\\":24,\\\"labelWidth\\\":null,\\\"style\\\":{\\\"width\\\":\\\"100%\\\"},\\\"disabled\\\":false,\\\"clearable\\\":true,\\\"required\\\":true,\\\"format\\\":\\\"YYYY-MM-DD\\\",\\\"value-format\\\":\\\"YYYY-MM-DD\\\",\\\"readonly\\\":false,\\\"regList\\\":[],\\\"changeTag\\\":true,\\\"document\\\":\\\"https://element-plus.org/zh-CN/component/date-picker\\\",\\\"formId\\\":105,\\\"renderKey\\\":1741421688014,\\\"layout\\\":\\\"colFormItem\\\",\\\"vModel\\\":\\\"joinDate\\\"},{\\\"label\\\":\\\"下拉选择\\\",\\\"tag\\\":\\\"el-select\\\",\\\"tagIcon\\\":\\\"select\\\",\\\"placeholder\\\":\\\"请选择下拉选择\\\",\\\"span\\\":24,\\\"labelWidth\\\":null,\\\"style\\\":{\\\"width\\\":\\\"100%\\\"},\\\"clearable\\\":true,\\\"disabled\\\":false,\\\"required\\\":true,\\\"filterable\\\":false,\\\"multiple\\\":false,\\\"options\\\":[{\\\"label\\\":\\\"选项一\\\",\\\"value\\\":1},{\\\"label\\\":\\\"选项二\\\",\\\"value\\\":2}],\\\"regList\\\":[],\\\"changeTag\\\":true,\\\"document\\\":\\\"https://element-plus.org/zh-CN/component/select\\\",\\\"formId\\\":101,\\\"renderKey\\\":1741424187717,\\\"layout\\\":\\\"colFormItem\\\",\\\"vModel\\\":\\\"field101\\\"}],\\\"formRef\\\":\\\"formRef\\\",\\\"formModel\\\":\\\"formData\\\",\\\"size\\\":\\\"default\\\",\\\"labelPosition\\\":\\\"right\\\",\\\"labelWidth\\\":100,\\\"formRules\\\":\\\"rules\\\",\\\"gutter\\\":15,\\\"disabled\\\":false,\\\"span\\\":24,\\\"formBtns\\\":true,\\\"remark\\\":\\\"求职意向调查\\\"}\", \"generateConf\": \"{\\\"type\\\":\\\"dialog\\\"}\", \"drawingList\": \"[{\\\"layout\\\":\\\"colFormItem\\\",\\\"tagIcon\\\":\\\"input\\\",\\\"label\\\":\\\"手机号\\\",\\\"vModel\\\":\\\"mobile\\\",\\\"formId\\\":6,\\\"tag\\\":\\\"el-input\\\",\\\"placeholder\\\":\\\"请输入手机号\\\",\\\"defaultValue\\\":\\\"\\\",\\\"span\\\":24,\\\"style\\\":{\\\"width\\\":\\\"100%\\\"},\\\"clearable\\\":true,\\\"prepend\\\":\\\"\\\",\\\"append\\\":\\\"\\\",\\\"prefix-icon\\\":\\\"Cellphone\\\",\\\"suffix-icon\\\":\\\"\\\",\\\"maxlength\\\":11,\\\"show-word-limit\\\":true,\\\"readonly\\\":false,\\\"disabled\\\":false,\\\"required\\\":true,\\\"changeTag\\\":true,\\\"regList\\\":[{\\\"pattern\\\":\\\"/^1(3|4|5|7|8|9)\\\\\\\\d{9}$/\\\",\\\"message\\\":\\\"手机号格式错误\\\"}]},{\\\"label\\\":\\\"姓名\\\",\\\"tag\\\":\\\"el-input\\\",\\\"tagIcon\\\":\\\"input\\\",\\\"type\\\":\\\"text\\\",\\\"placeholder\\\":\\\"请输入姓名\\\",\\\"span\\\":24,\\\"labelWidth\\\":null,\\\"style\\\":{\\\"width\\\":\\\"100%\\\"},\\\"clearable\\\":true,\\\"prepend\\\":\\\"\\\",\\\"append\\\":\\\"\\\",\\\"prefix-icon\\\":\\\"\\\",\\\"suffix-icon\\\":\\\"\\\",\\\"maxlength\\\":null,\\\"show-word-limit\\\":false,\\\"readonly\\\":false,\\\"disabled\\\":false,\\\"required\\\":true,\\\"regList\\\":[],\\\"changeTag\\\":true,\\\"document\\\":\\\"https://element-plus.org/zh-CN/component/input\\\",\\\"formId\\\":101,\\\"renderKey\\\":1741421612633,\\\"layout\\\":\\\"colFormItem\\\",\\\"vModel\\\":\\\"name\\\"},{\\\"label\\\":\\\"年龄\\\",\\\"tag\\\":\\\"el-input\\\",\\\"tagIcon\\\":\\\"input\\\",\\\"type\\\":\\\"text\\\",\\\"placeholder\\\":\\\"请输入年龄\\\",\\\"span\\\":24,\\\"labelWidth\\\":null,\\\"style\\\":{\\\"width\\\":\\\"100%\\\"},\\\"clearable\\\":true,\\\"prepend\\\":\\\"\\\",\\\"append\\\":\\\"\\\",\\\"prefix-icon\\\":\\\"\\\",\\\"suffix-icon\\\":\\\"\\\",\\\"maxlength\\\":null,\\\"show-word-limit\\\":false,\\\"readonly\\\":false,\\\"disabled\\\":false,\\\"required\\\":true,\\\"regList\\\":[],\\\"changeTag\\\":true,\\\"document\\\":\\\"https://element-plus.org/zh-CN/component/input\\\",\\\"formId\\\":102,\\\"renderKey\\\":1741421625219,\\\"layout\\\":\\\"colFormItem\\\",\\\"vModel\\\":\\\"age\\\"},{\\\"label\\\":\\\"期望薪资\\\",\\\"tag\\\":\\\"el-input\\\",\\\"tagIcon\\\":\\\"input\\\",\\\"type\\\":\\\"text\\\",\\\"placeholder\\\":\\\"请输入期望薪资\\\",\\\"span\\\":24,\\\"labelWidth\\\":null,\\\"style\\\":{\\\"width\\\":\\\"100%\\\"},\\\"clearable\\\":true,\\\"prepend\\\":\\\"\\\",\\\"append\\\":\\\"\\\",\\\"prefix-icon\\\":\\\"\\\",\\\"suffix-icon\\\":\\\"\\\",\\\"maxlength\\\":null,\\\"show-word-limit\\\":false,\\\"readonly\\\":false,\\\"disabled\\\":false,\\\"required\\\":true,\\\"regList\\\":[],\\\"changeTag\\\":true,\\\"document\\\":\\\"https://element-plus.org/zh-CN/component/input\\\",\\\"formId\\\":103,\\\"renderKey\\\":1741421648331,\\\"layout\\\":\\\"colFormItem\\\",\\\"vModel\\\":\\\"salary\\\"},{\\\"label\\\":\\\"入职时间\\\",\\\"tag\\\":\\\"el-date-picker\\\",\\\"tagIcon\\\":\\\"date\\\",\\\"placeholder\\\":\\\"请选择入职时间\\\",\\\"defaultValue\\\":null,\\\"type\\\":\\\"date\\\",\\\"span\\\":24,\\\"labelWidth\\\":null,\\\"style\\\":{\\\"width\\\":\\\"100%\\\"},\\\"disabled\\\":false,\\\"clearable\\\":true,\\\"required\\\":true,\\\"format\\\":\\\"YYYY-MM-DD\\\",\\\"value-format\\\":\\\"YYYY-MM-DD\\\",\\\"readonly\\\":false,\\\"regList\\\":[],\\\"changeTag\\\":true,\\\"document\\\":\\\"https://element-plus.org/zh-CN/component/date-picker\\\",\\\"formId\\\":105,\\\"renderKey\\\":1741421688014,\\\"layout\\\":\\\"colFormItem\\\",\\\"vModel\\\":\\\"joinDate\\\"},{\\\"label\\\":\\\"下拉选择\\\",\\\"tag\\\":\\\"el-select\\\",\\\"tagIcon\\\":\\\"select\\\",\\\"placeholder\\\":\\\"请选择下拉选择\\\",\\\"span\\\":24,\\\"labelWidth\\\":null,\\\"style\\\":{\\\"width\\\":\\\"100%\\\"},\\\"clearable\\\":true,\\\"disabled\\\":false,\\\"required\\\":true,\\\"filterable\\\":false,\\\"multiple\\\":false,\\\"options\\\":[{\\\"label\\\":\\\"选项一\\\",\\\"value\\\":1},{\\\"label\\\":\\\"选项二\\\",\\\"value\\\":2}],\\\"regList\\\":[],\\\"changeTag\\\":true,\\\"document\\\":\\\"https://element-plus.org/zh-CN/component/select\\\",\\\"formId\\\":101,\\\"renderKey\\\":1741424187717,\\\"layout\\\":\\\"colFormItem\\\",\\\"vModel\\\":\\\"field101\\\"}]\", \"id\": 22, \"name\": \"求职意向调查\", \"updateTime\": \"2025-03-08T16:15:08\"}, \"success\": true, \"time\": \"2025-03-08T16:57:49.427543\"}', 0, '', '2025-03-08 16:57:49', 14);
INSERT INTO `sys_oper_log` (`oper_id`, `title`, `business_type`, `method`, `request_method`, `operator_type`, `oper_name`, `dept_name`, `oper_url`, `oper_ip`, `oper_location`, `oper_param`, `json_result`, `status`, `error_msg`, `oper_time`, `cost_time`) VALUES (1100, 'sys_form', 2, 'module_admin/controller/sys_form_controller.update_sys_form()', 'PUT', 1, 'admin', '研发部门', '/sys/form/update', '', '内网IP', '请求参数过长', '{\"code\": 200, \"msg\": \"操作成功\", \"data\": {\"content\": \"<template>\\n  <div class=\\\"app-container\\\">\\n    <el-form ref=\\\"formRef\\\" :model=\\\"formData\\\" :rules=\\\"rules\\\" size=\\\"default\\\" label-width=\\\"100px\\\">\\n      <el-form-item label=\\\"手机号\\\" prop=\\\"mobile\\\">\\n        <el-input v-model=\\\"formData.mobile\\\" placeholder=\\\"请输入手机号\\\" :maxlength=\\\"11\\\" show-word-limit clearable\\n          prefix-icon=\'Cellphone\' :style=\\\"{width: \'100%\'}\\\"></el-input>\\n      </el-form-item>\\n      <el-form-item label=\\\"姓名\\\" prop=\\\"name\\\">\\n        <el-input v-model=\\\"formData.name\\\" type=\\\"text\\\" placeholder=\\\"请输入姓名\\\" clearable\\n          :style=\\\"{width: \'100%\'}\\\"></el-input>\\n      </el-form-item>\\n      <el-form-item label=\\\"年龄\\\" prop=\\\"age\\\">\\n        <el-input v-model=\\\"formData.age\\\" type=\\\"text\\\" placeholder=\\\"请输入年龄\\\" clearable\\n          :style=\\\"{width: \'100%\'}\\\"></el-input>\\n      </el-form-item>\\n      <el-form-item label=\\\"期望薪资\\\" prop=\\\"salary\\\">\\n        <el-input v-model=\\\"formData.salary\\\" type=\\\"text\\\" placeholder=\\\"请输入期望薪资\\\" clearable\\n          :style=\\\"{width: \'100%\'}\\\"></el-input>\\n      </el-form-item>\\n      <el-form-item label=\\\"入职时间\\\" prop=\\\"joinDate\\\">\\n        <el-date-picker v-model=\\\"formData.joinDate\\\" format=\\\"YYYY-MM-DD\\\" value-format=\\\"YYYY-MM-DD\\\"\\n          :style=\\\"{width: \'100%\'}\\\" placeholder=\\\"请选择入职时间\\\" clearable></el-date-picker>\\n      </el-form-item>\\n      <el-form-item label=\\\"下拉选择\\\" prop=\\\"field101\\\">\\n        <el-select v-model=\\\"formData.field101\\\" placeholder=\\\"请选择下拉选择\\\" clearable :style=\\\"{width: \'100%\'}\\\">\\n          <el-option v-for=\\\"(item, index) in field101Options\\\" :key=\\\"index\\\" :label=\\\"item.label\\\"\\n            :value=\\\"item.value\\\" :disabled=\\\"item.disabled\\\"></el-option>\\n        </el-select>\\n      </el-form-item>\\n      <el-form-item>\\n        <el-button type=\\\"primary\\\" @click=\\\"submitForm\\\">提交</el-button>\\n        <el-button @click=\\\"resetForm\\\">重置</el-button>\\n      </el-form-item>\\n    </el-form>\\n  </div>\\n</template>\\n<script setup>\\nimport {\\n  addForm_data\\n}\\nfrom \'@/api/system/form_data\'\\nconst {\\n  proxy\\n} = getCurrentInstance()\\nconst formRef = ref()\\nconst data = reactive({\\n  formData: {\\n    mobile: \'\',\\n    name: undefined,\\n    age: undefined,\\n    salary: undefined,\\n    joinDate: null,\\n    field101: undefined,\\n  },\\n  rules: {\\n    mobile: [{\\n      required: true,\\n      message: \'请输入手机号\',\\n      trigger: \'blur\'\\n    }, {\\n      pattern: new RegExp(/^1(3|4|5|7|8|9)\\\\d{9}$/),\\n      message: \'手机号格式错误\',\\n      trigger: \'blur\'\\n    }],\\n    name: [{\\n      required: true,\\n      message: \'请输入姓名\',\\n      trigger: \'blur\'\\n    }],\\n    age: [{\\n      required: true,\\n      message: \'请输入年龄\',\\n      trigger: \'blur\'\\n    }],\\n    salary: [{\\n      required: true,\\n      message: \'请输入期望薪资\',\\n      trigger: \'blur\'\\n    }],\\n    joinDate: [{\\n      required: true,\\n      message: \'请选择入职时间\',\\n      trigger: \'change\'\\n    }],\\n    field101: [{\\n      required: true,\\n      message: \'请选择下拉选择\',\\n      trigger: \'change\'\\n    }],\\n  }\\n})\\nconst {\\n  formData,\\n  rules\\n} = toRefs(data)\\nconst field101Options = ref([{\\n  \\\"label\\\": \\\"选项一\\\",\\n  \\\"value\\\": 1\\n}, {\\n  \\\"label\\\": \\\"选项二\\\",\\n  \\\"value\\\": 2\\n}])\\n/**\\n * @name: 表单提交\\n * @description: 表单提交方法\\n * @return {*}\\n */\\nfunction submitForm() {\\n  formRef.value.validate((valid) => {\\n    if (!valid) return\\n    // 提交表单\\n    let tempFormData = JSON.stringfy(formData)\\n    let params = {\\n      formName: \'求职意向调查\',\\n      formData: tempFormData\\n    }\\n    addForm_data(params).then((response) => {\\n      proxy.$modal.msgSuccess(\'新增成功\')\\n      resetForm()\\n    })\\n  })\\n}\\n/**\\n * @name: 表单重置\\n * @description: 表单重置方法\\n * @return {*}\\n */\\nfunction resetForm() {\\n  formRef.value.resetFields()\\n}\\n\\n</script>\\n<style>\\n</style>\\n\", \"createBy\": 1, \"createTime\": \"2025-03-08T16:15:08\", \"delFlag\": \"0\", \"deptId\": 103, \"formConf\": \"{\\\"formRef\\\":\\\"formRef\\\",\\\"formModel\\\":\\\"formData\\\",\\\"size\\\":\\\"default\\\",\\\"labelPosition\\\":\\\"right\\\",\\\"labelWidth\\\":100,\\\"formRules\\\":\\\"rules\\\",\\\"gutter\\\":15,\\\"disabled\\\":false,\\\"span\\\":24,\\\"formBtns\\\":true,\\\"remark\\\":\\\"求职意向调查\\\"}\", \"formData\": \"{\\\"fields\\\":[{\\\"layout\\\":\\\"colFormItem\\\",\\\"tagIcon\\\":\\\"input\\\",\\\"label\\\":\\\"手机号\\\",\\\"vModel\\\":\\\"mobile\\\",\\\"formId\\\":6,\\\"tag\\\":\\\"el-input\\\",\\\"placeholder\\\":\\\"请输入手机号\\\",\\\"defaultValue\\\":\\\"\\\",\\\"span\\\":24,\\\"style\\\":{\\\"width\\\":\\\"100%\\\"},\\\"clearable\\\":true,\\\"prepend\\\":\\\"\\\",\\\"append\\\":\\\"\\\",\\\"prefix-icon\\\":\\\"Cellphone\\\",\\\"suffix-icon\\\":\\\"\\\",\\\"maxlength\\\":11,\\\"show-word-limit\\\":true,\\\"readonly\\\":false,\\\"disabled\\\":false,\\\"required\\\":true,\\\"changeTag\\\":true,\\\"regList\\\":[{\\\"pattern\\\":\\\"/^1(3|4|5|7|8|9)\\\\\\\\d{9}$/\\\",\\\"message\\\":\\\"手机号格式错误\\\"}]},{\\\"label\\\":\\\"姓名\\\",\\\"tag\\\":\\\"el-input\\\",\\\"tagIcon\\\":\\\"input\\\",\\\"type\\\":\\\"text\\\",\\\"placeholder\\\":\\\"请输入姓名\\\",\\\"span\\\":24,\\\"labelWidth\\\":null,\\\"style\\\":{\\\"width\\\":\\\"100%\\\"},\\\"clearable\\\":true,\\\"prepend\\\":\\\"\\\",\\\"append\\\":\\\"\\\",\\\"prefix-icon\\\":\\\"\\\",\\\"suffix-icon\\\":\\\"\\\",\\\"maxlength\\\":null,\\\"show-word-limit\\\":false,\\\"readonly\\\":false,\\\"disabled\\\":false,\\\"required\\\":true,\\\"regList\\\":[],\\\"changeTag\\\":true,\\\"document\\\":\\\"https://element-plus.org/zh-CN/component/input\\\",\\\"formId\\\":101,\\\"renderKey\\\":1741421612633,\\\"layout\\\":\\\"colFormItem\\\",\\\"vModel\\\":\\\"name\\\"},{\\\"label\\\":\\\"年龄\\\",\\\"tag\\\":\\\"el-input\\\",\\\"tagIcon\\\":\\\"input\\\",\\\"type\\\":\\\"text\\\",\\\"placeholder\\\":\\\"请输入年龄\\\",\\\"span\\\":24,\\\"labelWidth\\\":null,\\\"style\\\":{\\\"width\\\":\\\"100%\\\"},\\\"clearable\\\":true,\\\"prepend\\\":\\\"\\\",\\\"append\\\":\\\"\\\",\\\"prefix-icon\\\":\\\"\\\",\\\"suffix-icon\\\":\\\"\\\",\\\"maxlength\\\":null,\\\"show-word-limit\\\":false,\\\"readonly\\\":false,\\\"disabled\\\":false,\\\"required\\\":true,\\\"regList\\\":[],\\\"changeTag\\\":true,\\\"document\\\":\\\"https://element-plus.org/zh-CN/component/input\\\",\\\"formId\\\":102,\\\"renderKey\\\":1741421625219,\\\"layout\\\":\\\"colFormItem\\\",\\\"vModel\\\":\\\"age\\\"},{\\\"label\\\":\\\"期望薪资\\\",\\\"tag\\\":\\\"el-input\\\",\\\"tagIcon\\\":\\\"input\\\",\\\"type\\\":\\\"text\\\",\\\"placeholder\\\":\\\"请输入期望薪资\\\",\\\"span\\\":24,\\\"labelWidth\\\":null,\\\"style\\\":{\\\"width\\\":\\\"100%\\\"},\\\"clearable\\\":true,\\\"prepend\\\":\\\"\\\",\\\"append\\\":\\\"\\\",\\\"prefix-icon\\\":\\\"\\\",\\\"suffix-icon\\\":\\\"\\\",\\\"maxlength\\\":null,\\\"show-word-limit\\\":false,\\\"readonly\\\":false,\\\"disabled\\\":false,\\\"required\\\":true,\\\"regList\\\":[],\\\"changeTag\\\":true,\\\"document\\\":\\\"https://element-plus.org/zh-CN/component/input\\\",\\\"formId\\\":103,\\\"renderKey\\\":1741421648331,\\\"layout\\\":\\\"colFormItem\\\",\\\"vModel\\\":\\\"salary\\\"},{\\\"label\\\":\\\"入职时间\\\",\\\"tag\\\":\\\"el-date-picker\\\",\\\"tagIcon\\\":\\\"date\\\",\\\"placeholder\\\":\\\"请选择入职时间\\\",\\\"defaultValue\\\":null,\\\"type\\\":\\\"date\\\",\\\"span\\\":24,\\\"labelWidth\\\":null,\\\"style\\\":{\\\"width\\\":\\\"100%\\\"},\\\"disabled\\\":false,\\\"clearable\\\":true,\\\"required\\\":true,\\\"format\\\":\\\"YYYY-MM-DD\\\",\\\"value-format\\\":\\\"YYYY-MM-DD\\\",\\\"readonly\\\":false,\\\"regList\\\":[],\\\"changeTag\\\":true,\\\"document\\\":\\\"https://element-plus.org/zh-CN/component/date-picker\\\",\\\"formId\\\":105,\\\"renderKey\\\":1741421688014,\\\"layout\\\":\\\"colFormItem\\\",\\\"vModel\\\":\\\"joinDate\\\"},{\\\"label\\\":\\\"下拉选择\\\",\\\"tag\\\":\\\"el-select\\\",\\\"tagIcon\\\":\\\"select\\\",\\\"placeholder\\\":\\\"请选择下拉选择\\\",\\\"span\\\":24,\\\"labelWidth\\\":null,\\\"style\\\":{\\\"width\\\":\\\"100%\\\"},\\\"clearable\\\":true,\\\"disabled\\\":false,\\\"required\\\":true,\\\"filterable\\\":false,\\\"multiple\\\":false,\\\"options\\\":[{\\\"label\\\":\\\"选项一\\\",\\\"value\\\":1},{\\\"label\\\":\\\"选项二\\\",\\\"value\\\":2}],\\\"regList\\\":[],\\\"changeTag\\\":true,\\\"document\\\":\\\"https://element-plus.org/zh-CN/component/select\\\",\\\"formId\\\":101,\\\"renderKey\\\":1741424187717,\\\"layout\\\":\\\"colFormItem\\\",\\\"vModel\\\":\\\"field101\\\"}],\\\"formRef\\\":\\\"formRef\\\",\\\"formModel\\\":\\\"formData\\\",\\\"size\\\":\\\"default\\\",\\\"labelPosition\\\":\\\"right\\\",\\\"labelWidth\\\":100,\\\"formRules\\\":\\\"rules\\\",\\\"gutter\\\":15,\\\"disabled\\\":false,\\\"span\\\":24,\\\"formBtns\\\":true,\\\"remark\\\":\\\"求职意向调查\\\"}\", \"generateConf\": \"{\\\"type\\\":\\\"file\\\"}\", \"drawingList\": \"[{\\\"layout\\\":\\\"colFormItem\\\",\\\"tagIcon\\\":\\\"input\\\",\\\"label\\\":\\\"手机号\\\",\\\"vModel\\\":\\\"mobile\\\",\\\"formId\\\":6,\\\"tag\\\":\\\"el-input\\\",\\\"placeholder\\\":\\\"请输入手机号\\\",\\\"defaultValue\\\":\\\"\\\",\\\"span\\\":24,\\\"style\\\":{\\\"width\\\":\\\"100%\\\"},\\\"clearable\\\":true,\\\"prepend\\\":\\\"\\\",\\\"append\\\":\\\"\\\",\\\"prefix-icon\\\":\\\"Cellphone\\\",\\\"suffix-icon\\\":\\\"\\\",\\\"maxlength\\\":11,\\\"show-word-limit\\\":true,\\\"readonly\\\":false,\\\"disabled\\\":false,\\\"required\\\":true,\\\"changeTag\\\":true,\\\"regList\\\":[{\\\"pattern\\\":\\\"/^1(3|4|5|7|8|9)\\\\\\\\d{9}$/\\\",\\\"message\\\":\\\"手机号格式错误\\\"}]},{\\\"label\\\":\\\"姓名\\\",\\\"tag\\\":\\\"el-input\\\",\\\"tagIcon\\\":\\\"input\\\",\\\"type\\\":\\\"text\\\",\\\"placeholder\\\":\\\"请输入姓名\\\",\\\"span\\\":24,\\\"labelWidth\\\":null,\\\"style\\\":{\\\"width\\\":\\\"100%\\\"},\\\"clearable\\\":true,\\\"prepend\\\":\\\"\\\",\\\"append\\\":\\\"\\\",\\\"prefix-icon\\\":\\\"\\\",\\\"suffix-icon\\\":\\\"\\\",\\\"maxlength\\\":null,\\\"show-word-limit\\\":false,\\\"readonly\\\":false,\\\"disabled\\\":false,\\\"required\\\":true,\\\"regList\\\":[],\\\"changeTag\\\":true,\\\"document\\\":\\\"https://element-plus.org/zh-CN/component/input\\\",\\\"formId\\\":101,\\\"renderKey\\\":1741421612633,\\\"layout\\\":\\\"colFormItem\\\",\\\"vModel\\\":\\\"name\\\"},{\\\"label\\\":\\\"年龄\\\",\\\"tag\\\":\\\"el-input\\\",\\\"tagIcon\\\":\\\"input\\\",\\\"type\\\":\\\"text\\\",\\\"placeholder\\\":\\\"请输入年龄\\\",\\\"span\\\":24,\\\"labelWidth\\\":null,\\\"style\\\":{\\\"width\\\":\\\"100%\\\"},\\\"clearable\\\":true,\\\"prepend\\\":\\\"\\\",\\\"append\\\":\\\"\\\",\\\"prefix-icon\\\":\\\"\\\",\\\"suffix-icon\\\":\\\"\\\",\\\"maxlength\\\":null,\\\"show-word-limit\\\":false,\\\"readonly\\\":false,\\\"disabled\\\":false,\\\"required\\\":true,\\\"regList\\\":[],\\\"changeTag\\\":true,\\\"document\\\":\\\"https://element-plus.org/zh-CN/component/input\\\",\\\"formId\\\":102,\\\"renderKey\\\":1741421625219,\\\"layout\\\":\\\"colFormItem\\\",\\\"vModel\\\":\\\"age\\\"},{\\\"label\\\":\\\"期望薪资\\\",\\\"tag\\\":\\\"el-input\\\",\\\"tagIcon\\\":\\\"input\\\",\\\"type\\\":\\\"text\\\",\\\"placeholder\\\":\\\"请输入期望薪资\\\",\\\"span\\\":24,\\\"labelWidth\\\":null,\\\"style\\\":{\\\"width\\\":\\\"100%\\\"},\\\"clearable\\\":true,\\\"prepend\\\":\\\"\\\",\\\"append\\\":\\\"\\\",\\\"prefix-icon\\\":\\\"\\\",\\\"suffix-icon\\\":\\\"\\\",\\\"maxlength\\\":null,\\\"show-word-limit\\\":false,\\\"readonly\\\":false,\\\"disabled\\\":false,\\\"required\\\":true,\\\"regList\\\":[],\\\"changeTag\\\":true,\\\"document\\\":\\\"https://element-plus.org/zh-CN/component/input\\\",\\\"formId\\\":103,\\\"renderKey\\\":1741421648331,\\\"layout\\\":\\\"colFormItem\\\",\\\"vModel\\\":\\\"salary\\\"},{\\\"label\\\":\\\"入职时间\\\",\\\"tag\\\":\\\"el-date-picker\\\",\\\"tagIcon\\\":\\\"date\\\",\\\"placeholder\\\":\\\"请选择入职时间\\\",\\\"defaultValue\\\":null,\\\"type\\\":\\\"date\\\",\\\"span\\\":24,\\\"labelWidth\\\":null,\\\"style\\\":{\\\"width\\\":\\\"100%\\\"},\\\"disabled\\\":false,\\\"clearable\\\":true,\\\"required\\\":true,\\\"format\\\":\\\"YYYY-MM-DD\\\",\\\"value-format\\\":\\\"YYYY-MM-DD\\\",\\\"readonly\\\":false,\\\"regList\\\":[],\\\"changeTag\\\":true,\\\"document\\\":\\\"https://element-plus.org/zh-CN/component/date-picker\\\",\\\"formId\\\":105,\\\"renderKey\\\":1741421688014,\\\"layout\\\":\\\"colFormItem\\\",\\\"vModel\\\":\\\"joinDate\\\"},{\\\"label\\\":\\\"下拉选择\\\",\\\"tag\\\":\\\"el-select\\\",\\\"tagIcon\\\":\\\"select\\\",\\\"placeholder\\\":\\\"请选择下拉选择\\\",\\\"span\\\":24,\\\"labelWidth\\\":null,\\\"style\\\":{\\\"width\\\":\\\"100%\\\"},\\\"clearable\\\":true,\\\"disabled\\\":false,\\\"required\\\":true,\\\"filterable\\\":false,\\\"multiple\\\":false,\\\"options\\\":[{\\\"label\\\":\\\"选项一\\\",\\\"value\\\":1},{\\\"label\\\":\\\"选项二\\\",\\\"value\\\":2}],\\\"regList\\\":[],\\\"changeTag\\\":true,\\\"document\\\":\\\"https://element-plus.org/zh-CN/component/select\\\",\\\"formId\\\":101,\\\"renderKey\\\":1741424187717,\\\"layout\\\":\\\"colFormItem\\\",\\\"vModel\\\":\\\"field101\\\"}]\", \"id\": 22, \"name\": \"求职意向调查\", \"updateTime\": \"2025-03-08T16:15:08\"}, \"success\": true, \"time\": \"2025-03-08T16:57:56.792558\"}', 0, '', '2025-03-08 16:57:57', 13);
INSERT INTO `sys_oper_log` (`oper_id`, `title`, `business_type`, `method`, `request_method`, `operator_type`, `oper_name`, `dept_name`, `oper_url`, `oper_ip`, `oper_location`, `oper_param`, `json_result`, `status`, `error_msg`, `oper_time`, `cost_time`) VALUES (1101, 'sys_form_data', 1, 'module_admin/controller/sys_form_data_controller.add_sys_form_data()', 'POST', 1, 'admin', '研发部门', '/sys/form_data/add', '', '内网IP', '{\"formName\": \"求职意向调查\", \"formData\": \"{\\\"_object\\\":{\\\"formData\\\":{\\\"mobile\\\":\\\"18088880000\\\",\\\"name\\\":\\\"石昊\\\",\\\"age\\\":\\\"25\\\",\\\"salary\\\":\\\"8000\\\",\\\"joinDate\\\":\\\"2025-03-05\\\",\\\"field101\\\":1},\\\"rules\\\":{\\\"mobile\\\":[{\\\"required\\\":true,\\\"message\\\":\\\"请输入手机号\\\",\\\"trigger\\\":\\\"blur\\\"},{\\\"pattern\\\":{},\\\"message\\\":\\\"手机号格式错误\\\",\\\"trigger\\\":\\\"blur\\\"}],\\\"name\\\":[{\\\"required\\\":true,\\\"message\\\":\\\"请输入姓名\\\",\\\"trigger\\\":\\\"blur\\\"}],\\\"age\\\":[{\\\"required\\\":true,\\\"message\\\":\\\"请输入年龄\\\",\\\"trigger\\\":\\\"blur\\\"}],\\\"salary\\\":[{\\\"required\\\":true,\\\"message\\\":\\\"请输入期望薪资\\\",\\\"trigger\\\":\\\"blur\\\"}],\\\"joinDate\\\":[{\\\"required\\\":true,\\\"message\\\":\\\"请选择入职时间\\\",\\\"trigger\\\":\\\"change\\\"}],\\\"field101\\\":[{\\\"required\\\":true,\\\"message\\\":\\\"请选择下拉选择\\\",\\\"trigger\\\":\\\"change\\\"}]}},\\\"_key\\\":\\\"formData\\\",\\\"__v_isRef\\\":true}\"}', '{\"code\": 200, \"msg\": \"操作成功\", \"data\": {\"createBy\": null, \"createTime\": null, \"delFlag\": null, \"deptId\": null, \"formData\": null, \"formId\": null, \"formName\": null, \"id\": null, \"updateTime\": null}, \"success\": true, \"time\": \"2025-03-08T17:22:36.306828\"}', 0, '', '2025-03-08 17:22:36', 13);
COMMIT;

-- ----------------------------
-- Table structure for sys_post
-- ----------------------------
DROP TABLE IF EXISTS `sys_post`;
CREATE TABLE `sys_post` (
  `post_id` bigint(20) NOT NULL AUTO_INCREMENT COMMENT '岗位ID',
  `post_code` varchar(64) NOT NULL COMMENT '岗位编码',
  `post_name` varchar(50) NOT NULL COMMENT '岗位名称',
  `post_sort` int(11) NOT NULL COMMENT '显示顺序',
  `status` char(1) NOT NULL COMMENT '状态（0正常 1停用）',
  `create_by` varchar(64) DEFAULT '' COMMENT '创建者',
  `create_time` datetime DEFAULT NULL COMMENT '创建时间',
  `update_by` varchar(64) DEFAULT '' COMMENT '更新者',
  `update_time` datetime DEFAULT NULL COMMENT '更新时间',
  `remark` varchar(500) DEFAULT NULL COMMENT '备注',
  PRIMARY KEY (`post_id`) USING BTREE
) ENGINE=InnoDB AUTO_INCREMENT=5 DEFAULT CHARSET=utf8mb4 COMMENT='岗位信息表';

-- ----------------------------
-- Records of sys_post
-- ----------------------------
BEGIN;
INSERT INTO `sys_post` (`post_id`, `post_code`, `post_name`, `post_sort`, `status`, `create_by`, `create_time`, `update_by`, `update_time`, `remark`) VALUES (1, 'ceo', '董事长', 1, '0', 'admin', '2024-11-13 14:12:02', '', NULL, '');
INSERT INTO `sys_post` (`post_id`, `post_code`, `post_name`, `post_sort`, `status`, `create_by`, `create_time`, `update_by`, `update_time`, `remark`) VALUES (2, 'se', '项目经理', 2, '0', 'admin', '2024-11-13 14:12:02', '', NULL, '');
INSERT INTO `sys_post` (`post_id`, `post_code`, `post_name`, `post_sort`, `status`, `create_by`, `create_time`, `update_by`, `update_time`, `remark`) VALUES (3, 'hr', '人力资源', 3, '0', 'admin', '2024-11-13 14:12:02', '', NULL, '');
INSERT INTO `sys_post` (`post_id`, `post_code`, `post_name`, `post_sort`, `status`, `create_by`, `create_time`, `update_by`, `update_time`, `remark`) VALUES (4, 'user', '普通员工', 4, '0', 'admin', '2024-11-13 14:12:02', '', NULL, '');
COMMIT;

-- ----------------------------
-- Table structure for sys_role
-- ----------------------------
DROP TABLE IF EXISTS `sys_role`;
CREATE TABLE `sys_role` (
  `role_id` bigint(20) NOT NULL AUTO_INCREMENT COMMENT '角色ID',
  `role_name` varchar(30) NOT NULL COMMENT '角色名称',
  `role_key` varchar(100) NOT NULL COMMENT '角色权限字符串',
  `role_sort` int(11) NOT NULL COMMENT '显示顺序',
  `data_scope` char(1) DEFAULT '1' COMMENT '数据范围（1：全部数据权限 2：自定数据权限 3：本部门数据权限 4：本部门及以下数据权限）',
  `menu_check_strictly` tinyint(1) DEFAULT '1' COMMENT '菜单树选择项是否关联显示',
  `dept_check_strictly` tinyint(1) DEFAULT '1' COMMENT '部门树选择项是否关联显示',
  `status` char(1) NOT NULL COMMENT '角色状态（0正常 1停用）',
  `del_flag` char(1) DEFAULT '0' COMMENT '删除标志（0代表存在 2代表删除）',
  `create_by` varchar(64) DEFAULT '' COMMENT '创建者',
  `create_time` datetime DEFAULT NULL COMMENT '创建时间',
  `update_by` varchar(64) DEFAULT '' COMMENT '更新者',
  `update_time` datetime DEFAULT NULL COMMENT '更新时间',
  `remark` varchar(500) DEFAULT NULL COMMENT '备注',
  PRIMARY KEY (`role_id`) USING BTREE
) ENGINE=InnoDB AUTO_INCREMENT=101 DEFAULT CHARSET=utf8mb4 COMMENT='角色信息表';

-- ----------------------------
-- Records of sys_role
-- ----------------------------
BEGIN;
INSERT INTO `sys_role` (`role_id`, `role_name`, `role_key`, `role_sort`, `data_scope`, `menu_check_strictly`, `dept_check_strictly`, `status`, `del_flag`, `create_by`, `create_time`, `update_by`, `update_time`, `remark`) VALUES (1, '超级管理员', 'admin', 1, '1', 1, 1, '0', '0', 'admin', '2024-11-13 14:12:02', '', NULL, '超级管理员');
INSERT INTO `sys_role` (`role_id`, `role_name`, `role_key`, `role_sort`, `data_scope`, `menu_check_strictly`, `dept_check_strictly`, `status`, `del_flag`, `create_by`, `create_time`, `update_by`, `update_time`, `remark`) VALUES (2, '普通角色', 'common', 2, '3', 1, 1, '0', '0', 'admin', '2024-11-13 14:12:02', 'admin', '2025-02-20 22:34:48', '普通角色');
INSERT INTO `sys_role` (`role_id`, `role_name`, `role_key`, `role_sort`, `data_scope`, `menu_check_strictly`, `dept_check_strictly`, `status`, `del_flag`, `create_by`, `create_time`, `update_by`, `update_time`, `remark`) VALUES (100, '文章管理', '文章管理', 0, '1', 0, 1, '0', '0', 'admin', '2024-12-14 16:22:24', 'admin', '2025-01-13 13:49:32', '文章管理');
COMMIT;

-- ----------------------------
-- Table structure for sys_role_dept
-- ----------------------------
DROP TABLE IF EXISTS `sys_role_dept`;
CREATE TABLE `sys_role_dept` (
  `role_id` bigint(20) NOT NULL COMMENT '角色ID',
  `dept_id` bigint(20) NOT NULL COMMENT '部门ID',
  PRIMARY KEY (`role_id`,`dept_id`) USING BTREE
) ENGINE=InnoDB DEFAULT CHARSET=utf8mb4 COMMENT='角色和部门关联表';

-- ----------------------------
-- Records of sys_role_dept
-- ----------------------------
BEGIN;
COMMIT;

-- ----------------------------
-- Table structure for sys_role_menu
-- ----------------------------
DROP TABLE IF EXISTS `sys_role_menu`;
CREATE TABLE `sys_role_menu` (
  `role_id` bigint(20) NOT NULL COMMENT '角色ID',
  `menu_id` bigint(20) NOT NULL COMMENT '菜单ID',
  PRIMARY KEY (`role_id`,`menu_id`) USING BTREE
) ENGINE=InnoDB DEFAULT CHARSET=utf8mb4 COMMENT='角色和菜单关联表';

-- ----------------------------
-- Records of sys_role_menu
-- ----------------------------
BEGIN;
INSERT INTO `sys_role_menu` (`role_id`, `menu_id`) VALUES (2, 1);
INSERT INTO `sys_role_menu` (`role_id`, `menu_id`) VALUES (2, 100);
INSERT INTO `sys_role_menu` (`role_id`, `menu_id`) VALUES (2, 101);
INSERT INTO `sys_role_menu` (`role_id`, `menu_id`) VALUES (2, 103);
INSERT INTO `sys_role_menu` (`role_id`, `menu_id`) VALUES (2, 1000);
INSERT INTO `sys_role_menu` (`role_id`, `menu_id`) VALUES (2, 1001);
INSERT INTO `sys_role_menu` (`role_id`, `menu_id`) VALUES (2, 1002);
INSERT INTO `sys_role_menu` (`role_id`, `menu_id`) VALUES (2, 1003);
INSERT INTO `sys_role_menu` (`role_id`, `menu_id`) VALUES (2, 1004);
INSERT INTO `sys_role_menu` (`role_id`, `menu_id`) VALUES (2, 1005);
INSERT INTO `sys_role_menu` (`role_id`, `menu_id`) VALUES (2, 1006);
INSERT INTO `sys_role_menu` (`role_id`, `menu_id`) VALUES (2, 1007);
INSERT INTO `sys_role_menu` (`role_id`, `menu_id`) VALUES (2, 1008);
INSERT INTO `sys_role_menu` (`role_id`, `menu_id`) VALUES (2, 1009);
INSERT INTO `sys_role_menu` (`role_id`, `menu_id`) VALUES (2, 1010);
INSERT INTO `sys_role_menu` (`role_id`, `menu_id`) VALUES (2, 1011);
INSERT INTO `sys_role_menu` (`role_id`, `menu_id`) VALUES (2, 1016);
INSERT INTO `sys_role_menu` (`role_id`, `menu_id`) VALUES (2, 1017);
INSERT INTO `sys_role_menu` (`role_id`, `menu_id`) VALUES (2, 1018);
INSERT INTO `sys_role_menu` (`role_id`, `menu_id`) VALUES (2, 1019);
INSERT INTO `sys_role_menu` (`role_id`, `menu_id`) VALUES (2, 2028);
INSERT INTO `sys_role_menu` (`role_id`, `menu_id`) VALUES (2, 2053);
INSERT INTO `sys_role_menu` (`role_id`, `menu_id`) VALUES (2, 2054);
INSERT INTO `sys_role_menu` (`role_id`, `menu_id`) VALUES (2, 2055);
INSERT INTO `sys_role_menu` (`role_id`, `menu_id`) VALUES (2, 2056);
INSERT INTO `sys_role_menu` (`role_id`, `menu_id`) VALUES (2, 2057);
INSERT INTO `sys_role_menu` (`role_id`, `menu_id`) VALUES (2, 2058);
INSERT INTO `sys_role_menu` (`role_id`, `menu_id`) VALUES (2, 2077);
INSERT INTO `sys_role_menu` (`role_id`, `menu_id`) VALUES (2, 2078);
INSERT INTO `sys_role_menu` (`role_id`, `menu_id`) VALUES (2, 2079);
INSERT INTO `sys_role_menu` (`role_id`, `menu_id`) VALUES (2, 2080);
INSERT INTO `sys_role_menu` (`role_id`, `menu_id`) VALUES (2, 2081);
INSERT INTO `sys_role_menu` (`role_id`, `menu_id`) VALUES (2, 2082);
COMMIT;

-- ----------------------------
-- Table structure for sys_table
-- ----------------------------
DROP TABLE IF EXISTS `sys_table`;
CREATE TABLE `sys_table` (
  `id` int(11) NOT NULL AUTO_INCREMENT COMMENT 'ID',
  `create_time` datetime DEFAULT NULL COMMENT '创建时间',
  `update_time` datetime DEFAULT NULL ON UPDATE CURRENT_TIMESTAMP COMMENT '更新时间',
  `del_flag` char(1) NOT NULL DEFAULT '0' COMMENT '删除标志',
  `update_by` int(11) DEFAULT NULL COMMENT '更新者',
  `update_by_name` varchar(255) DEFAULT NULL COMMENT '更新者',
  `table_name` varchar(255) NOT NULL COMMENT '表名',
  `field_name` varchar(255) NOT NULL COMMENT '字段名',
  `show` char(1) NOT NULL DEFAULT '1' COMMENT '可见',
  `prop` varchar(255) NOT NULL COMMENT '属性（驼峰值）',
  `label` varchar(255) NOT NULL COMMENT '字段标签',
  `sortable` char(1) NOT NULL DEFAULT '0' COMMENT '可排序',
  `width` int(11) NOT NULL DEFAULT '150' COMMENT '宽度',
  `label_tip` varchar(255) DEFAULT NULL COMMENT '字段标签解释',
  `fixed` char(1) NOT NULL DEFAULT '0' COMMENT '固定表头',
  `align` varchar(255) NOT NULL DEFAULT 'left' COMMENT '对其方式',
  `tooltip` char(1) NOT NULL DEFAULT '1' COMMENT '超出隐藏',
  `sequence` int(11) NOT NULL DEFAULT '0' COMMENT '字段顺序',
  PRIMARY KEY (`id`) USING BTREE
) ENGINE=InnoDB AUTO_INCREMENT=92 DEFAULT CHARSET=utf8mb4 COMMENT='表格管理';

-- ----------------------------
-- Records of sys_table
-- ----------------------------
BEGIN;
INSERT INTO `sys_table` (`id`, `create_time`, `update_time`, `del_flag`, `update_by`, `update_by_name`, `table_name`, `field_name`, `show`, `prop`, `label`, `sortable`, `width`, `label_tip`, `fixed`, `align`, `tooltip`, `sequence`) VALUES (74, NULL, '2025-02-18 23:58:36', '0', NULL, NULL, 'car_driver', 'age', '1', 'age', '年龄', '0', 76, NULL, '0', 'left', '1', 1);
INSERT INTO `sys_table` (`id`, `create_time`, `update_time`, `del_flag`, `update_by`, `update_by_name`, `table_name`, `field_name`, `show`, `prop`, `label`, `sortable`, `width`, `label_tip`, `fixed`, `align`, `tooltip`, `sequence`) VALUES (75, NULL, '2025-02-18 23:58:27', '0', NULL, NULL, 'car_driver', 'car_type', '1', 'carType', '车辆类型', '0', 150, NULL, '0', 'left', '1', 2);
INSERT INTO `sys_table` (`id`, `create_time`, `update_time`, `del_flag`, `update_by`, `update_by_name`, `table_name`, `field_name`, `show`, `prop`, `label`, `sortable`, `width`, `label_tip`, `fixed`, `align`, `tooltip`, `sequence`) VALUES (76, NULL, '2025-02-18 23:58:40', '0', NULL, NULL, 'car_driver', 'driver_years', '1', 'driverYears', '驾龄', '0', 80, NULL, '0', 'left', '1', 3);
INSERT INTO `sys_table` (`id`, `create_time`, `update_time`, `del_flag`, `update_by`, `update_by_name`, `table_name`, `field_name`, `show`, `prop`, `label`, `sortable`, `width`, `label_tip`, `fixed`, `align`, `tooltip`, `sequence`) VALUES (77, NULL, '2025-02-18 23:58:43', '0', NULL, NULL, 'car_driver', 'image', '1', 'image', '图片', '0', 104, NULL, '0', 'left', '1', 4);
INSERT INTO `sys_table` (`id`, `create_time`, `update_time`, `del_flag`, `update_by`, `update_by_name`, `table_name`, `field_name`, `show`, `prop`, `label`, `sortable`, `width`, `label_tip`, `fixed`, `align`, `tooltip`, `sequence`) VALUES (78, NULL, '2025-02-18 23:58:27', '0', NULL, NULL, 'car_driver', 'location', '1', 'location', '所在位置', '0', 150, NULL, '0', 'left', '1', 5);
INSERT INTO `sys_table` (`id`, `create_time`, `update_time`, `del_flag`, `update_by`, `update_by_name`, `table_name`, `field_name`, `show`, `prop`, `label`, `sortable`, `width`, `label_tip`, `fixed`, `align`, `tooltip`, `sequence`) VALUES (79, NULL, '2025-02-18 23:58:38', '0', NULL, NULL, 'car_driver', 'name', '1', 'name', '司机名称', '0', 110, NULL, '0', 'left', '1', 0);
INSERT INTO `sys_table` (`id`, `create_time`, `update_time`, `del_flag`, `update_by`, `update_by_name`, `table_name`, `field_name`, `show`, `prop`, `label`, `sortable`, `width`, `label_tip`, `fixed`, `align`, `tooltip`, `sequence`) VALUES (80, NULL, '2025-02-18 23:58:47', '0', NULL, NULL, 'car_driver', 'price', '1', 'price', '价格', '0', 88, NULL, '0', 'left', '1', 6);
INSERT INTO `sys_table` (`id`, `create_time`, `update_time`, `del_flag`, `update_by`, `update_by_name`, `table_name`, `field_name`, `show`, `prop`, `label`, `sortable`, `width`, `label_tip`, `fixed`, `align`, `tooltip`, `sequence`) VALUES (81, NULL, '2025-02-18 23:58:51', '0', NULL, NULL, 'car_driver', 'update_time', '1', 'updateTime', '更新时间', '0', 138, NULL, '0', 'left', '1', 7);
INSERT INTO `sys_table` (`id`, `create_time`, `update_time`, `del_flag`, `update_by`, `update_by_name`, `table_name`, `field_name`, `show`, `prop`, `label`, `sortable`, `width`, `label_tip`, `fixed`, `align`, `tooltip`, `sequence`) VALUES (82, NULL, '2025-02-19 09:55:17', '0', NULL, NULL, 'car_driver', 'operate', '1', 'operate', '操作', '0', 162, NULL, '0', 'left', '1', 8);
INSERT INTO `sys_table` (`id`, `create_time`, `update_time`, `del_flag`, `update_by`, `update_by_name`, `table_name`, `field_name`, `show`, `prop`, `label`, `sortable`, `width`, `label_tip`, `fixed`, `align`, `tooltip`, `sequence`) VALUES (83, NULL, '2025-03-07 14:35:47', '0', NULL, NULL, 'sys_form', 'content', '1', 'content', '表单代码', '0', 150, NULL, '0', 'left', '1', 1);
INSERT INTO `sys_table` (`id`, `create_time`, `update_time`, `del_flag`, `update_by`, `update_by_name`, `table_name`, `field_name`, `show`, `prop`, `label`, `sortable`, `width`, `label_tip`, `fixed`, `align`, `tooltip`, `sequence`) VALUES (84, NULL, '2025-03-07 14:35:47', '0', NULL, NULL, 'sys_form', 'create_time', '1', 'createTime', '创建时间', '0', 150, NULL, '0', 'left', '1', 5);
INSERT INTO `sys_table` (`id`, `create_time`, `update_time`, `del_flag`, `update_by`, `update_by_name`, `table_name`, `field_name`, `show`, `prop`, `label`, `sortable`, `width`, `label_tip`, `fixed`, `align`, `tooltip`, `sequence`) VALUES (85, NULL, '2025-03-07 14:35:47', '0', NULL, NULL, 'sys_form', 'form_conf', '1', 'formConf', '表单配置', '0', 150, NULL, '0', 'left', '1', 2);
INSERT INTO `sys_table` (`id`, `create_time`, `update_time`, `del_flag`, `update_by`, `update_by_name`, `table_name`, `field_name`, `show`, `prop`, `label`, `sortable`, `width`, `label_tip`, `fixed`, `align`, `tooltip`, `sequence`) VALUES (86, NULL, '2025-03-07 14:35:47', '0', NULL, NULL, 'sys_form', 'form_data', '1', 'formData', '表单内容', '0', 150, NULL, '0', 'left', '1', 3);
INSERT INTO `sys_table` (`id`, `create_time`, `update_time`, `del_flag`, `update_by`, `update_by_name`, `table_name`, `field_name`, `show`, `prop`, `label`, `sortable`, `width`, `label_tip`, `fixed`, `align`, `tooltip`, `sequence`) VALUES (87, NULL, '2025-03-07 14:35:47', '0', NULL, NULL, 'sys_form', 'generate_conf', '1', 'generateConf', '生成配置', '0', 150, NULL, '0', 'left', '1', 4);
INSERT INTO `sys_table` (`id`, `create_time`, `update_time`, `del_flag`, `update_by`, `update_by_name`, `table_name`, `field_name`, `show`, `prop`, `label`, `sortable`, `width`, `label_tip`, `fixed`, `align`, `tooltip`, `sequence`) VALUES (88, NULL, '2025-03-07 10:13:55', '0', NULL, NULL, 'sys_form', 'name', '1', 'name', '表单名称', '0', 150, NULL, '0', 'left', '1', 0);
INSERT INTO `sys_table` (`id`, `create_time`, `update_time`, `del_flag`, `update_by`, `update_by_name`, `table_name`, `field_name`, `show`, `prop`, `label`, `sortable`, `width`, `label_tip`, `fixed`, `align`, `tooltip`, `sequence`) VALUES (89, NULL, '2025-03-08 16:20:44', '0', NULL, NULL, 'sys_form', 'update_time', '1', 'updateTime', '更新时间', '0', 130, NULL, '0', 'left', '1', 6);
INSERT INTO `sys_table` (`id`, `create_time`, `update_time`, `del_flag`, `update_by`, `update_by_name`, `table_name`, `field_name`, `show`, `prop`, `label`, `sortable`, `width`, `label_tip`, `fixed`, `align`, `tooltip`, `sequence`) VALUES (90, NULL, '2025-03-08 16:20:37', '0', NULL, NULL, 'sys_form', 'operate', '1', 'operate', '操作', '0', 229, NULL, '0', 'left', '1', 7);
INSERT INTO `sys_table` (`id`, `create_time`, `update_time`, `del_flag`, `update_by`, `update_by_name`, `table_name`, `field_name`, `show`, `prop`, `label`, `sortable`, `width`, `label_tip`, `fixed`, `align`, `tooltip`, `sequence`) VALUES (91, '2025-03-08 14:59:21', '2025-03-08 14:59:21', '0', NULL, NULL, 'sys_form', 'data_count', '1', 'dataCount', '数据量', '0', 80, NULL, '0', 'left', '1', 0);
COMMIT;

-- ----------------------------
-- Table structure for sys_user
-- ----------------------------
DROP TABLE IF EXISTS `sys_user`;
CREATE TABLE `sys_user` (
  `user_id` bigint(20) NOT NULL AUTO_INCREMENT COMMENT '用户ID',
  `dept_id` bigint(20) DEFAULT NULL COMMENT '部门ID',
  `user_name` varchar(30) NOT NULL COMMENT '用户账号',
  `nick_name` varchar(30) NOT NULL COMMENT '用户昵称',
  `user_type` varchar(2) DEFAULT '00' COMMENT '用户类型（00系统用户）',
  `email` varchar(50) DEFAULT '' COMMENT '用户邮箱',
  `phonenumber` varchar(11) DEFAULT '' COMMENT '手机号码',
  `sex` char(1) DEFAULT '0' COMMENT '用户性别（0男 1女 2未知）',
  `avatar` varchar(100) DEFAULT '' COMMENT '头像地址',
  `password` varchar(100) DEFAULT '' COMMENT '密码',
  `status` char(1) DEFAULT '0' COMMENT '帐号状态（0正常 1停用）',
  `del_flag` char(1) DEFAULT '0' COMMENT '删除标志（0代表存在 2代表删除）',
  `login_ip` varchar(128) DEFAULT '' COMMENT '最后登录IP',
  `login_date` datetime DEFAULT NULL COMMENT '最后登录时间',
  `create_by` varchar(64) DEFAULT '' COMMENT '创建者',
  `create_time` datetime DEFAULT NULL COMMENT '创建时间',
  `update_by` varchar(64) DEFAULT '' COMMENT '更新者',
  `update_time` datetime DEFAULT NULL COMMENT '更新时间',
  `remark` varchar(500) DEFAULT NULL COMMENT '备注',
  PRIMARY KEY (`user_id`) USING BTREE
) ENGINE=InnoDB AUTO_INCREMENT=118 DEFAULT CHARSET=utf8mb4 COMMENT='用户信息表';

-- ----------------------------
-- Records of sys_user
-- ----------------------------
BEGIN;
INSERT INTO `sys_user` (`user_id`, `dept_id`, `user_name`, `nick_name`, `user_type`, `email`, `phonenumber`, `sex`, `avatar`, `password`, `status`, `del_flag`, `login_ip`, `login_date`, `create_by`, `create_time`, `update_by`, `update_time`, `remark`) VALUES (1, 103, 'admin', '超级管理员', '00', 'admin@163.com', '18000006666', '0', 'https://jinqiao-product.oss-cn-beijing.aliyuncs.com/category_image/1740240551.285219.jpg', '$2a$10$7JB720yubVSZvUI0rEqK/.VqGOZTH.ulu33dHOiBE8ByOhJIrdAu2', '0', '0', '127.0.0.1', '2025-03-08 16:09:41', 'admin', '2024-11-13 14:12:02', 'admin', '2025-02-23 00:09:11', '管理员');
INSERT INTO `sys_user` (`user_id`, `dept_id`, `user_name`, `nick_name`, `user_type`, `email`, `phonenumber`, `sex`, `avatar`, `password`, `status`, `del_flag`, `login_ip`, `login_date`, `create_by`, `create_time`, `update_by`, `update_time`, `remark`) VALUES (2, 105, 'niangao', '年糕', '00', 'niangao@qq.com', '15666666666', '1', '/profile/avatar/2025/02/20/avatar_20250220224630A784.png', '$2b$12$0XLJYiQ6Cg2MVULa2xCwMOqZWwR4fwK2IoMSFgItPbvJ73DLg83lK', '0', '0', '127.0.0.1', '2025-03-04 15:53:31', 'admin', '2024-11-13 14:12:02', 'niangao', '2025-02-20 22:46:31', '测试员');
INSERT INTO `sys_user` (`user_id`, `dept_id`, `user_name`, `nick_name`, `user_type`, `email`, `phonenumber`, `sex`, `avatar`, `password`, `status`, `del_flag`, `login_ip`, `login_date`, `create_by`, `create_time`, `update_by`, `update_time`, `remark`) VALUES (115, 105, 'richard', 'Richard', '00', '988550796@qq.com', '18000008888', '0', '', '$2b$12$s.xBqbikFcInhfxa4Lb5we8VX55AY3uYOdBLO5d2LtlgEldH.ixQ6', '0', '0', '', '2025-02-26 08:07:34', 'admin', '2024-11-16 10:06:31', 'admin', '2025-02-20 22:14:12', NULL);
INSERT INTO `sys_user` (`user_id`, `dept_id`, `user_name`, `nick_name`, `user_type`, `email`, `phonenumber`, `sex`, `avatar`, `password`, `status`, `del_flag`, `login_ip`, `login_date`, `create_by`, `create_time`, `update_by`, `update_time`, `remark`) VALUES (117, NULL, '18010476403', '18010476403', '00', '', '18010476403', '2', '', '$2b$12$GqXPcZvTsVo7L1JePwxgiuQg3tV6OhiCHmyLlsBJM52wNTV0NEEke', '0', '2', '', '2024-11-16 15:29:40', '', '2024-11-16 10:22:45', 'admin', '2025-01-20 10:45:39', NULL);
COMMIT;

-- ----------------------------
-- Table structure for sys_user_post
-- ----------------------------
DROP TABLE IF EXISTS `sys_user_post`;
CREATE TABLE `sys_user_post` (
  `user_id` bigint(20) NOT NULL COMMENT '用户ID',
  `post_id` bigint(20) NOT NULL COMMENT '岗位ID',
  PRIMARY KEY (`user_id`,`post_id`) USING BTREE
) ENGINE=InnoDB DEFAULT CHARSET=utf8mb4 COMMENT='用户与岗位关联表';

-- ----------------------------
-- Records of sys_user_post
-- ----------------------------
BEGIN;
INSERT INTO `sys_user_post` (`user_id`, `post_id`) VALUES (1, 1);
INSERT INTO `sys_user_post` (`user_id`, `post_id`) VALUES (2, 2);
INSERT INTO `sys_user_post` (`user_id`, `post_id`) VALUES (115, 3);
COMMIT;

-- ----------------------------
-- Table structure for sys_user_role
-- ----------------------------
DROP TABLE IF EXISTS `sys_user_role`;
CREATE TABLE `sys_user_role` (
  `user_id` bigint(20) NOT NULL COMMENT '用户ID',
  `role_id` bigint(20) NOT NULL COMMENT '角色ID',
  PRIMARY KEY (`user_id`,`role_id`) USING BTREE
) ENGINE=InnoDB DEFAULT CHARSET=utf8mb4 COMMENT='用户和角色关联表';

-- ----------------------------
-- Records of sys_user_role
-- ----------------------------
BEGIN;
INSERT INTO `sys_user_role` (`user_id`, `role_id`) VALUES (1, 1);
INSERT INTO `sys_user_role` (`user_id`, `role_id`) VALUES (2, 2);
INSERT INTO `sys_user_role` (`user_id`, `role_id`) VALUES (115, 2);
COMMIT;

-- ----------------------------
-- Table structure for user_wechat
-- ----------------------------
DROP TABLE IF EXISTS `user_wechat`;
CREATE TABLE `user_wechat` (
  `user_id` int(11) NOT NULL COMMENT '用户ID',
  `city` varchar(100) DEFAULT NULL COMMENT '城市',
  `country` varchar(100) DEFAULT NULL COMMENT '国家',
  `head_img_url` varchar(255) DEFAULT NULL COMMENT '微信头像',
  `nickname` varchar(255) DEFAULT NULL COMMENT '微信昵称',
  `openid` varchar(255) NOT NULL COMMENT 'openid',
  `union_id` varchar(255) NOT NULL COMMENT 'union_id',
  `user_phone` varchar(15) NOT NULL COMMENT '手机号',
  `province` varchar(255) DEFAULT NULL COMMENT '省份',
  `sex` int(11) DEFAULT NULL COMMENT '性别',
  `id` int(11) NOT NULL AUTO_INCREMENT,
  `create_time` datetime NOT NULL COMMENT '创建时间',
  `update_time` datetime NOT NULL COMMENT '更新时间',
  `del_flag` varchar(1) NOT NULL DEFAULT '0' COMMENT '删除标志（0代表存在 2代表删除）',
  PRIMARY KEY (`id`) USING BTREE,
  UNIQUE KEY `openid` (`openid`) USING BTREE,
  UNIQUE KEY `user_phone` (`user_phone`) USING BTREE,
  KEY `ix_user_wechat_update_time` (`update_time`) USING BTREE
) ENGINE=InnoDB AUTO_INCREMENT=15 DEFAULT CHARSET=utf8mb4 COMMENT='用户微信信息';

-- ----------------------------
-- Records of user_wechat
-- ----------------------------
BEGIN;
INSERT INTO `user_wechat` (`user_id`, `city`, `country`, `head_img_url`, `nickname`, `openid`, `union_id`, `user_phone`, `province`, `sex`, `id`, `create_time`, `update_time`, `del_flag`) VALUES (117, NULL, NULL, NULL, NULL, 'oxMx-6-s6NINAgtFYTg9B_x_99co', 'ol0Yu65bafiDx5ltVOkE8HKwU0yg', '18010476403', NULL, NULL, 14, '2024-11-16 10:23:09', '2024-11-16 10:23:09', '0');
COMMIT;

SET FOREIGN_KEY_CHECKS = 1;
